enzyme_key,enzyme_name,enzyme_family,stage_assigned,target_class,critical_transition_score,criticality_score_formula,ml_anchor_probability,anchor_score,known_target_label,high_confidence_known_target_label,high_confidence_target_basis,herbicide_target_match,herbicide_target_family,herbicide_site_of_action,herbicide_target_score,known_inhibitor_classes,wssa_group,resistance_risks,pathway_essentiality_score,kinetic_evidence_score,structure_score,crop_selectivity_margin,natural_inhibitor_evidence_score,uncertainty_penalty,trajectory_curvature_max,trajectory_critical_t,source_evidence,evidence_class
GH13_11,GH13_11,GH,germination,carbohydrate_active_enzyme,0.5934884663482685,0.4656403909983268,0.9222406601052611,1,1,0,not_high_confidence,1,Tubulin/microtubule,microtubule assembly / tubulin polymerization,0.1,dinitroanilines,3,tubulin_target_site_mutation;application_escape,0.9,0.0,0.0,0.8864480727282695,0.0,0.11952412663618237,21.826878328586076,0.09090909090909091,CAZy,real_evidence_plus_model_inference
GH43_13,GH43_13,GH,germination,carbohydrate_active_enzyme,0.5776822429216711,0.4422868988534541,0.9258416990970864,1,1,0,not_high_confidence,1,Tubulin/microtubule,microtubule assembly / tubulin polymerization,0.1,dinitroanilines,3,tubulin_target_site_mutation;application_escape,0.9,0.0,0.0,0.8069484807238461,0.0,0.2181922773814811,20.73218413657051,0.09090909090909091,CAZy,real_evidence_plus_model_inference
Drought-Induced Branched-Chain Amino Acid Aminotransferase,Drought-Induced Branched-Chain Amino Acid Aminotransferase,Aminotransferase,germination,curated_family_function,0.5724640000000001,0.4062,1.0,1,1,0,not_high_confidence,1,Tubulin/microtubule,microtubule assembly / tubulin polymerization,0.1,dinitroanilines,3,tubulin_target_site_mutation;application_escape,0.9,0.0,0.0,0.73,0.0,0.41000000000000003,19.04061191526558,0.09090909090909091,Aminotransferase_Minimally_Curated_Set.xlsx,real_evidence_plus_model_inference
hydroxycinnamoyl-CoA:shikimate hydroxycinnamoyl transferase 1,hydroxycinnamoyl-CoA:shikimate hydroxycinnamoyl transferase 1,BAHD acyltransferase,early_vegetative,curated_family_function,0.5724640000000001,0.4062,1.0,1,1,1,core_transition_anchor_plus_atlas_match,1,EPSPS,5-enolpyruvylshikimate-3-phosphate synthase,0.65,glyphosate-like phosphonate transition-state/substrate mimics,9,target_site_mutation;target_amplification;reduced_translocation,0.9,0.0,0.0,0.73,0.0,0.41000000000000003,13.403880163001705,0.2727272727272727,BAHD_acyltransferase_Minimally_Curated_Set.xlsx,real_evidence_plus_model_inference
phosphoenolpyruvate carboxylase,phosphoenolpyruvate carboxylase,PEPC,vegetative_expansion,carbon_concentration_anaplerotic,0.5724640000000001,0.4062,1.0,1,1,1,core_transition_anchor_plus_atlas_match,1,ACCase,acetyl-CoA carboxylase,0.65,aryloxyphenoxypropionates/fops;cyclohexanediones/dims;phenylpyrazolines/dens,1,target_site_mutation;enhanced_metabolism,0.9,0.0,0.0,0.73,0.0,0.41000000000000003,17.599565668649873,0.36363636363636365,weed_assignment,real_evidence_plus_model_inference
alpha-amylase,alpha-amylase,amylase,germination,reserve_mobilization,0.5724640000000001,0.4062,1.0,1,1,0,not_high_confidence,1,Tubulin/microtubule,microtubule assembly / tubulin polymerization,0.1,dinitroanilines,3,tubulin_target_site_mutation;application_escape,0.9,0.0,0.0,0.73,0.0,0.41000000000000003,19.04061191526558,0.09090909090909091,weed_assignment,real_evidence_plus_model_inference
cellulase,cellulase,CAZy,germination,cell_wall_remodeling,0.5724640000000001,0.4062,1.0,1,1,1,core_transition_anchor_plus_atlas_match,1,CAZy/cell wall,cell wall carbohydrate metabolism / cellulose-associated enzymes,1.0,cell_wall_synthesis_inhibitors;glycosidase_inhibitor_like,20/unknown,pathway_bypass;reduced_uptake,0.9,0.0,0.0,0.73,0.0,0.41000000000000003,19.04061191526558,0.09090909090909091,weed_assignment,real_evidence_plus_model_inference
acetolactate synthase,acetolactate synthase,ALS/AHAS,seedling_emergence,branched_chain_amino_acid_biosynthesis,0.5724640000000001,0.4062,1.0,1,1,1,core_transition_anchor_plus_atlas_match,1,ALS/AHAS,acetolactate synthase / acetohydroxyacid synthase,1.0,sulfonylureas;imidazolinones;triazolopyrimidines;pyrimidinyl-thiobenzoates,2,target_site_mutation;metabolic_resistance;cross_resistance,0.9,0.0,0.0,0.73,0.0,0.41000000000000003,16.38140109195618,0.18181818181818182,weed_assignment,real_evidence_plus_model_inference
EPSP synthase,EPSP synthase,EPSPS,early_vegetative,shikimate_aromatic_amino_acid_biosynthesis,0.5724640000000001,0.4062,1.0,1,1,1,core_transition_anchor_plus_atlas_match,1,EPSPS,5-enolpyruvylshikimate-3-phosphate synthase,1.0,glyphosate-like phosphonate transition-state/substrate mimics,9,target_site_mutation;target_amplification;reduced_translocation,0.9,0.0,0.0,0.73,0.0,0.41000000000000003,13.403880163001705,0.2727272727272727,weed_assignment,real_evidence_plus_model_inference
acetyl-CoA carboxylase,acetyl-CoA carboxylase,ACCase,vegetative_expansion,fatty_acid_biosynthesis,0.5724640000000001,0.4062,1.0,1,1,1,core_transition_anchor_plus_atlas_match,1,ACCase,acetyl-CoA carboxylase,1.0,aryloxyphenoxypropionates/fops;cyclohexanediones/dims;phenylpyrazolines/dens,1,target_site_mutation;enhanced_metabolism,0.9,0.0,0.0,0.73,0.0,0.41000000000000003,17.599565668649873,0.36363636363636365,weed_assignment,real_evidence_plus_model_inference
caffeoyl shikimate esterase,caffeoyl shikimate esterase,BAHD acyltransferase,early_vegetative,curated_family_function,0.5724640000000001,0.4062,1.0,1,1,1,core_transition_anchor_plus_atlas_match,1,EPSPS,5-enolpyruvylshikimate-3-phosphate synthase,0.65,glyphosate-like phosphonate transition-state/substrate mimics,9,target_site_mutation;target_amplification;reduced_translocation,0.9,0.0,0.0,0.73,0.0,0.41000000000000003,13.403880163001705,0.2727272727272727,BAHD_acyltransferase_Minimally_Curated_Set.xlsx,real_evidence_plus_model_inference
caffeoylshikimate esterase,caffeoylshikimate esterase,BAHD acyltransferase,early_vegetative,curated_family_function,0.5724640000000001,0.4062,1.0,1,1,1,core_transition_anchor_plus_atlas_match,1,EPSPS,5-enolpyruvylshikimate-3-phosphate synthase,0.65,glyphosate-like phosphonate transition-state/substrate mimics,9,target_site_mutation;target_amplification;reduced_translocation,0.9,0.0,0.0,0.73,0.0,0.41000000000000003,13.403880163001705,0.2727272727272727,BAHD_acyltransferase_Minimally_Curated_Set.xlsx,real_evidence_plus_model_inference
Isochorismoyl-Glutamate Synthase; GH3 acyl adenylase-family enzyme,Isochorismoyl-Glutamate Synthase; GH3 acyl adenylase-family enzyme,BAHD acyltransferase,germination,curated_family_function,0.5724640000000001,0.4062,1.0,1,1,0,not_high_confidence,1,Tubulin/microtubule,microtubule assembly / tubulin polymerization,0.1,dinitroanilines,3,tubulin_target_site_mutation;application_escape,0.9,0.0,0.0,0.73,0.0,0.41000000000000003,19.04061191526558,0.09090909090909091,BAHD_acyltransferase_Minimally_Curated_Set.xlsx,real_evidence_plus_model_inference
GH3 acyl adenylase-family enzyme,GH3 acyl adenylase-family enzyme,BAHD acyltransferase,germination,curated_family_function,0.5724640000000001,0.4062,1.0,1,1,0,not_high_confidence,1,Tubulin/microtubule,microtubule assembly / tubulin polymerization,0.1,dinitroanilines,3,tubulin_target_site_mutation;application_escape,0.9,0.0,0.0,0.73,0.0,0.41000000000000003,19.04061191526558,0.09090909090909091,BAHD_acyltransferase_Minimally_Curated_Set.xlsx,real_evidence_plus_model_inference
hydroxycinnamate-CoA shikimate transferase,hydroxycinnamate-CoA shikimate transferase,BAHD acyltransferase,early_vegetative,curated_family_function,0.5724640000000001,0.4062,1.0,1,1,1,core_transition_anchor_plus_atlas_match,1,EPSPS,5-enolpyruvylshikimate-3-phosphate synthase,0.65,glyphosate-like phosphonate transition-state/substrate mimics,9,target_site_mutation;target_amplification;reduced_translocation,0.9,0.0,0.0,0.73,0.0,0.41000000000000003,13.403880163001705,0.2727272727272727,BAHD_acyltransferase_Minimally_Curated_Set.xlsx,real_evidence_plus_model_inference
protoporphyrinogen oxidase,protoporphyrinogen oxidase,PPO,vegetative_expansion,chlorophyll_tetrapyrrole_biosynthesis,0.5724640000000001,0.4062,1.0,1,1,1,core_transition_anchor_plus_atlas_match,1,PPO,protoporphyrinogen oxidase,1.0,diphenyl ethers;n-phenylphthalimides;triazolinones;oxadiazoles,14,target_site_mutation;enhanced_metabolism,0.9,0.0,0.0,0.73,0.0,0.41000000000000003,17.599565668649873,0.36363636363636365,weed_assignment,real_evidence_plus_model_inference
GH5_21,GH5_21,GH,germination,carbohydrate_active_enzyme,0.568679970567952,0.42664364469191346,0.933916237106337,1,1,0,not_high_confidence,1,Tubulin/microtubule,microtubule assembly / tubulin polymerization,0.1,dinitroanilines,3,tubulin_target_site_mutation;application_escape,0.9,0.0,0.0,0.73,0.0,0.2639739664863326,19.998907101657267,0.09090909090909091,CAZy,real_evidence_plus_model_inference
GH157,GH157,GH,germination,carbohydrate_active_enzyme,0.5669091801662679,0.4178448726334071,0.9502173995364814,1,1,0,not_high_confidence,1,Tubulin/microtubule,microtubule assembly / tubulin polymerization,0.1,dinitroanilines,3,tubulin_target_site_mutation;application_escape,0.9,0.0,0.0,0.73,0.0,0.3268223383328066,19.586464944845588,0.09090909090909091,CAZy,real_evidence_plus_model_inference
Prephenate aminotransferase,Prephenate aminotransferase,Aminotransferase,unassigned_stage,curated_family_function,0.563824,0.3942,1.0,1,1,0,not_high_confidence,0,unmapped,unmapped,0.0,,unmapped,,0.85,0.0,0.0,0.73,0.0,0.41000000000000003,17.07963758390394,0.36363636363636365,Aminotransferase_Minimally_Curated_Set.xlsx,real_evidence_plus_model_inference
Acetylornithine Aminotransferase,Acetylornithine Aminotransferase,Aminotransferase,unassigned_stage,curated_family_function,0.563824,0.3942,1.0,1,1,0,not_high_confidence,0,unmapped,unmapped,0.0,,unmapped,,0.85,0.0,0.0,0.73,0.0,0.41000000000000003,17.07963758390394,0.36363636363636365,Aminotransferase_Minimally_Curated_Set.xlsx,real_evidence_plus_model_inference
alanine:glyoxylate aminotransferase,alanine:glyoxylate aminotransferase,Aminotransferase,unassigned_stage,curated_family_function,0.563824,0.3942,1.0,1,1,0,not_high_confidence,0,unmapped,unmapped,0.0,,unmapped,,0.85,0.0,0.0,0.73,0.0,0.41000000000000003,17.07963758390394,0.36363636363636365,Aminotransferase_Minimally_Curated_Set.xlsx,real_evidence_plus_model_inference
Î²-alanine:pyruvate aminotransferase,Î²-alanine:pyruvate aminotransferase,Aminotransferase,unassigned_stage,curated_family_function,0.563824,0.3942,1.0,1,1,0,not_high_confidence,0,unmapped,unmapped,0.0,,unmapped,,0.85,0.0,0.0,0.73,0.0,0.41000000000000003,17.07963758390394,0.36363636363636365,Aminotransferase_Minimally_Curated_Set.xlsx,real_evidence_plus_model_inference
Aspartate aminotransferase isoenzyme 5,Aspartate aminotransferase isoenzyme 5,Aminotransferase,unassigned_stage,curated_family_function,0.563824,0.3942,1.0,1,1,0,not_high_confidence,0,unmapped,unmapped,0.0,,unmapped,,0.85,0.0,0.0,0.73,0.0,0.41000000000000003,17.07963758390394,0.36363636363636365,Aminotransferase_Minimally_Curated_Set.xlsx,real_evidence_plus_model_inference
Tyrosine aminotransferase,Tyrosine aminotransferase,Aminotransferase,unassigned_stage,curated_family_function,0.563824,0.3942,1.0,1,1,0,not_high_confidence,0,unmapped,unmapped,0.0,,unmapped,,0.85,0.0,0.0,0.73,0.0,0.41000000000000003,17.07963758390394,0.36363636363636365,Aminotransferase_Minimally_Curated_Set.xlsx,real_evidence_plus_model_inference
mitochondrial branched-chain aminotransferase,mitochondrial branched-chain aminotransferase,Aminotransferase,unassigned_stage,curated_family_function,0.563824,0.3942,1.0,1,1,0,not_high_confidence,0,unmapped,unmapped,0.0,,unmapped,,0.85,0.0,0.0,0.73,0.0,0.41000000000000003,17.07963758390394,0.36363636363636365,Aminotransferase_Minimally_Curated_Set.xlsx,real_evidence_plus_model_inference
Alanine aminotransferase,Alanine aminotransferase,Aminotransferase,unassigned_stage,curated_family_function,0.563824,0.3942,1.0,1,1,0,not_high_confidence,0,unmapped,unmapped,0.0,,unmapped,,0.85,0.0,0.0,0.73,0.0,0.41000000000000003,17.07963758390394,0.36363636363636365,Aminotransferase_Minimally_Curated_Set.xlsx,real_evidence_plus_model_inference
Glutamine transaminase K,Glutamine transaminase K,Aminotransferase,unassigned_stage,curated_family_function,0.563824,0.3942,1.0,1,1,0,not_high_confidence,0,unmapped,unmapped,0.0,,unmapped,,0.85,0.0,0.0,0.73,0.0,0.41000000000000003,17.07963758390394,0.36363636363636365,Aminotransferase_Minimally_Curated_Set.xlsx,real_evidence_plus_model_inference
Glycoalkaloid metabolism 12,Glycoalkaloid metabolism 12,Aminotransferase,unassigned_stage,curated_family_function,0.563824,0.3942,1.0,1,1,0,not_high_confidence,0,unmapped,unmapped,0.0,,unmapped,,0.85,0.0,0.0,0.73,0.0,0.41000000000000003,17.07963758390394,0.36363636363636365,Aminotransferase_Minimally_Curated_Set.xlsx,real_evidence_plus_model_inference
Î³-aminobutyric acid transaminase 2,Î³-aminobutyric acid transaminase 2,Aminotransferase,unassigned_stage,curated_family_function,0.563824,0.3942,1.0,1,1,0,not_high_confidence,0,unmapped,unmapped,0.0,,unmapped,,0.85,0.0,0.0,0.73,0.0,0.41000000000000003,17.07963758390394,0.36363636363636365,Aminotransferase_Minimally_Curated_Set.xlsx,real_evidence_plus_model_inference
pyruvate-dependent GABA transaminase 1,pyruvate-dependent GABA transaminase 1,Aminotransferase,unassigned_stage,curated_family_function,0.563824,0.3942,1.0,1,1,0,not_high_confidence,0,unmapped,unmapped,0.0,,unmapped,,0.85,0.0,0.0,0.73,0.0,0.41000000000000003,17.07963758390394,0.36363636363636365,Aminotransferase_Minimally_Curated_Set.xlsx,real_evidence_plus_model_inference
LL-diaminopimelate aminotransferase,LL-diaminopimelate aminotransferase,Aminotransferase,unassigned_stage,curated_family_function,0.563824,0.3942,1.0,1,1,0,not_high_confidence,0,unmapped,unmapped,0.0,,unmapped,,0.85,0.0,0.0,0.73,0.0,0.41000000000000003,17.07963758390394,0.36363636363636365,Aminotransferase_Minimally_Curated_Set.xlsx,real_evidence_plus_model_inference
Aspartate aminotransferase,Aspartate aminotransferase,Aminotransferase,unassigned_stage,curated_family_function,0.563824,0.3942,1.0,1,1,0,not_high_confidence,0,unmapped,unmapped,0.0,,unmapped,,0.85,0.0,0.0,0.73,0.0,0.41000000000000003,17.07963758390394,0.36363636363636365,Aminotransferase_Minimally_Curated_Set.xlsx,real_evidence_plus_model_inference
Branched-chain amino acid aminotransferase,Branched-chain amino acid aminotransferase,Aminotransferase,unassigned_stage,curated_family_function,0.563824,0.3942,1.0,1,1,0,not_high_confidence,0,unmapped,unmapped,0.0,,unmapped,,0.85,0.0,0.0,0.73,0.0,0.41000000000000003,17.07963758390394,0.36363636363636365,Aminotransferase_Minimally_Curated_Set.xlsx,real_evidence_plus_model_inference
Aminotransferase YbgE,Aminotransferase YbgE,Aminotransferase,unassigned_stage,curated_family_function,0.563824,0.3942,1.0,1,1,0,not_high_confidence,0,unmapped,unmapped,0.0,,unmapped,,0.85,0.0,0.0,0.73,0.0,0.41000000000000003,17.07963758390394,0.36363636363636365,Aminotransferase_Minimally_Curated_Set.xlsx,real_evidence_plus_model_inference
Phosphoserine aminotransferase,Phosphoserine aminotransferase,Aminotransferase,unassigned_stage,curated_family_function,0.563824,0.3942,1.0,1,1,0,not_high_confidence,0,unmapped,unmapped,0.0,,unmapped,,0.85,0.0,0.0,0.73,0.0,0.41000000000000003,17.07963758390394,0.36363636363636365,Aminotransferase_Minimally_Curated_Set.xlsx,real_evidence_plus_model_inference
Escherichia coli aminotransferase,Escherichia coli aminotransferase,Aminotransferase,unassigned_stage,curated_family_function,0.563824,0.3942,1.0,1,1,0,not_high_confidence,0,unmapped,unmapped,0.0,,unmapped,,0.85,0.0,0.0,0.73,0.0,0.41000000000000003,17.07963758390394,0.36363636363636365,Aminotransferase_Minimally_Curated_Set.xlsx,real_evidence_plus_model_inference
L-Glutamine D-fructose 6-phosphate amidotransferase,L-Glutamine D-fructose 6-phosphate amidotransferase,Aminotransferase,unassigned_stage,curated_family_function,0.563824,0.3942,1.0,1,1,0,not_high_confidence,0,unmapped,unmapped,0.0,,unmapped,,0.85,0.0,0.0,0.73,0.0,0.41000000000000003,17.07963758390394,0.36363636363636365,Aminotransferase_Minimally_Curated_Set.xlsx,real_evidence_plus_model_inference
D-Alanine aminotransferase,D-Alanine aminotransferase,Aminotransferase,unassigned_stage,curated_family_function,0.563824,0.3942,1.0,1,1,0,not_high_confidence,0,unmapped,unmapped,0.0,,unmapped,,0.85,0.0,0.0,0.73,0.0,0.41000000000000003,17.07963758390394,0.36363636363636365,Aminotransferase_Minimally_Curated_Set.xlsx,real_evidence_plus_model_inference
Beta-Alanine aminotransferase,Beta-Alanine aminotransferase,Aminotransferase,unassigned_stage,curated_family_function,0.563824,0.3942,1.0,1,1,0,not_high_confidence,0,unmapped,unmapped,0.0,,unmapped,,0.85,0.0,0.0,0.73,0.0,0.41000000000000003,17.07963758390394,0.36363636363636365,Aminotransferase_Minimally_Curated_Set.xlsx,real_evidence_plus_model_inference
"L,L-diaminopimelate aminotransferase","L,L-diaminopimelate aminotransferase",Aminotransferase,unassigned_stage,curated_family_function,0.563824,0.3942,1.0,1,1,0,not_high_confidence,0,unmapped,unmapped,0.0,,unmapped,,0.85,0.0,0.0,0.73,0.0,0.41000000000000003,17.07963758390394,0.36363636363636365,Aminotransferase_Minimally_Curated_Set.xlsx,real_evidence_plus_model_inference
Diaminopelargonic Acid Aminotransferase,Diaminopelargonic Acid Aminotransferase,Aminotransferase,unassigned_stage,curated_family_function,0.563824,0.3942,1.0,1,1,0,not_high_confidence,0,unmapped,unmapped,0.0,,unmapped,,0.85,0.0,0.0,0.73,0.0,0.41000000000000003,17.07963758390394,0.36363636363636365,Aminotransferase_Minimally_Curated_Set.xlsx,real_evidence_plus_model_inference
Bacillus subtilis aminotransferase,Bacillus subtilis aminotransferase,Aminotransferase,unassigned_stage,curated_family_function,0.563824,0.3942,1.0,1,1,0,not_high_confidence,0,unmapped,unmapped,0.0,,unmapped,,0.85,0.0,0.0,0.73,0.0,0.41000000000000003,17.07963758390394,0.36363636363636365,Aminotransferase_Minimally_Curated_Set.xlsx,real_evidence_plus_model_inference
pyridoxamine-pyruvate aminotransferase,pyridoxamine-pyruvate aminotransferase,Aminotransferase,unassigned_stage,curated_family_function,0.563824,0.3942,1.0,1,1,0,not_high_confidence,0,unmapped,unmapped,0.0,,unmapped,,0.85,0.0,0.0,0.73,0.0,0.41000000000000003,17.07963758390394,0.36363636363636365,Aminotransferase_Minimally_Curated_Set.xlsx,real_evidence_plus_model_inference
"alanine-4,5-dioxovalerate aminotransferase","alanine-4,5-dioxovalerate aminotransferase",Aminotransferase,unassigned_stage,curated_family_function,0.563824,0.3942,1.0,1,1,0,not_high_confidence,0,unmapped,unmapped,0.0,,unmapped,,0.85,0.0,0.0,0.73,0.0,0.41000000000000003,17.07963758390394,0.36363636363636365,Aminotransferase_Minimally_Curated_Set.xlsx,real_evidence_plus_model_inference
mitochondrial aspartate aminotransferase,mitochondrial aspartate aminotransferase,Aminotransferase,unassigned_stage,curated_family_function,0.563824,0.3942,1.0,1,1,0,not_high_confidence,0,unmapped,unmapped,0.0,,unmapped,,0.85,0.0,0.0,0.73,0.0,0.41000000000000003,17.07963758390394,0.36363636363636365,Aminotransferase_Minimally_Curated_Set.xlsx,real_evidence_plus_model_inference
cytosolic aspartate aminotransferase,cytosolic aspartate aminotransferase,Aminotransferase,unassigned_stage,curated_family_function,0.563824,0.3942,1.0,1,1,0,not_high_confidence,0,unmapped,unmapped,0.0,,unmapped,,0.85,0.0,0.0,0.73,0.0,0.41000000000000003,17.07963758390394,0.36363636363636365,Aminotransferase_Minimally_Curated_Set.xlsx,real_evidence_plus_model_inference
Tryptophan aminotransferase related 1; Tryptophan aminotransferase,Tryptophan aminotransferase related 1; Tryptophan aminotransferase,Aminotransferase,unassigned_stage,curated_family_function,0.563824,0.3942,1.0,1,1,0,not_high_confidence,0,unmapped,unmapped,0.0,,unmapped,,0.85,0.0,0.0,0.73,0.0,0.41000000000000003,17.07963758390394,0.36363636363636365,Aminotransferase_Minimally_Curated_Set.xlsx,real_evidence_plus_model_inference
Tryptophan aminotransferase,Tryptophan aminotransferase,Aminotransferase,unassigned_stage,curated_family_function,0.563824,0.3942,1.0,1,1,0,not_high_confidence,0,unmapped,unmapped,0.0,,unmapped,,0.85,0.0,0.0,0.73,0.0,0.41000000000000003,17.07963758390394,0.36363636363636365,Aminotransferase_Minimally_Curated_Set.xlsx,real_evidence_plus_model_inference
Prokaryotic-type aspartate aminotransferase; aspartate aminotransferase,Prokaryotic-type aspartate aminotransferase; aspartate aminotransferase,Aminotransferase,unassigned_stage,curated_family_function,0.563824,0.3942,1.0,1,1,0,not_high_confidence,0,unmapped,unmapped,0.0,,unmapped,,0.85,0.0,0.0,0.73,0.0,0.41000000000000003,17.07963758390394,0.36363636363636365,Aminotransferase_Minimally_Curated_Set.xlsx,real_evidence_plus_model_inference
Aspartate: alpha-ketoglutarate aminotransferase,Aspartate: alpha-ketoglutarate aminotransferase,Aminotransferase,unassigned_stage,curated_family_function,0.563824,0.3942,1.0,1,1,0,not_high_confidence,0,unmapped,unmapped,0.0,,unmapped,,0.85,0.0,0.0,0.73,0.0,0.41000000000000003,17.07963758390394,0.36363636363636365,Aminotransferase_Minimally_Curated_Set.xlsx,real_evidence_plus_model_inference
vanishing tassel2,vanishing tassel2,Aminotransferase,unassigned_stage,curated_family_function,0.563824,0.3942,1.0,1,1,0,not_high_confidence,0,unmapped,unmapped,0.0,,unmapped,,0.85,0.0,0.0,0.73,0.0,0.41000000000000003,17.07963758390394,0.36363636363636365,Aminotransferase_Minimally_Curated_Set.xlsx,real_evidence_plus_model_inference
glutamate:glyoxylate aminotransferase 1,glutamate:glyoxylate aminotransferase 1,Aminotransferase,unassigned_stage,curated_family_function,0.563824,0.3942,1.0,1,1,0,not_high_confidence,0,unmapped,unmapped,0.0,,unmapped,,0.85,0.0,0.0,0.73,0.0,0.41000000000000003,17.07963758390394,0.36363636363636365,Aminotransferase_Minimally_Curated_Set.xlsx,real_evidence_plus_model_inference
Ornithine delta-Aminotransferase,Ornithine delta-Aminotransferase,Aminotransferase,unassigned_stage,curated_family_function,0.563824,0.3942,1.0,1,1,0,not_high_confidence,0,unmapped,unmapped,0.0,,unmapped,,0.85,0.0,0.0,0.73,0.0,0.41000000000000003,17.07963758390394,0.36363636363636365,Aminotransferase_Minimally_Curated_Set.xlsx,real_evidence_plus_model_inference
Ser glyoxylate aminotransferase,Ser glyoxylate aminotransferase,Aminotransferase,unassigned_stage,curated_family_function,0.563824,0.3942,1.0,1,1,0,not_high_confidence,0,unmapped,unmapped,0.0,,unmapped,,0.85,0.0,0.0,0.73,0.0,0.41000000000000003,17.07963758390394,0.36363636363636365,Aminotransferase_Minimally_Curated_Set.xlsx,real_evidence_plus_model_inference
Asparagine:pyruvate aminotransferase,Asparagine:pyruvate aminotransferase,Aminotransferase,unassigned_stage,curated_family_function,0.563824,0.3942,1.0,1,1,0,not_high_confidence,0,unmapped,unmapped,0.0,,unmapped,,0.85,0.0,0.0,0.73,0.0,0.41000000000000003,17.07963758390394,0.36363636363636365,Aminotransferase_Minimally_Curated_Set.xlsx,real_evidence_plus_model_inference
GABA aminotransferase-2,GABA aminotransferase-2,Aminotransferase,unassigned_stage,curated_family_function,0.563824,0.3942,1.0,1,1,0,not_high_confidence,0,unmapped,unmapped,0.0,,unmapped,,0.85,0.0,0.0,0.73,0.0,0.41000000000000003,17.07963758390394,0.36363636363636365,Aminotransferase_Minimally_Curated_Set.xlsx,real_evidence_plus_model_inference
GABA aminotransferase 1,GABA aminotransferase 1,Aminotransferase,unassigned_stage,curated_family_function,0.563824,0.3942,1.0,1,1,0,not_high_confidence,0,unmapped,unmapped,0.0,,unmapped,,0.85,0.0,0.0,0.73,0.0,0.41000000000000003,17.07963758390394,0.36363636363636365,Aminotransferase_Minimally_Curated_Set.xlsx,real_evidence_plus_model_inference
pseudo GABA aminotransferase 3,pseudo GABA aminotransferase 3,Aminotransferase,unassigned_stage,curated_family_function,0.563824,0.3942,1.0,1,1,0,not_high_confidence,0,unmapped,unmapped,0.0,,unmapped,,0.85,0.0,0.0,0.73,0.0,0.41000000000000003,17.07963758390394,0.36363636363636365,Aminotransferase_Minimally_Curated_Set.xlsx,real_evidence_plus_model_inference
nicotianamine aminotransferase 1,nicotianamine aminotransferase 1,Aminotransferase,unassigned_stage,curated_family_function,0.563824,0.3942,1.0,1,1,0,not_high_confidence,0,unmapped,unmapped,0.0,,unmapped,,0.85,0.0,0.0,0.73,0.0,0.41000000000000003,17.07963758390394,0.36363636363636365,Aminotransferase_Minimally_Curated_Set.xlsx,real_evidence_plus_model_inference
Solanum lycopersicum Branched-Chain Aminotransferase 7,Solanum lycopersicum Branched-Chain Aminotransferase 7,Aminotransferase,unassigned_stage,curated_family_function,0.563824,0.3942,1.0,1,1,0,not_high_confidence,0,unmapped,unmapped,0.0,,unmapped,,0.85,0.0,0.0,0.73,0.0,0.41000000000000003,17.07963758390394,0.36363636363636365,Aminotransferase_Minimally_Curated_Set.xlsx,real_evidence_plus_model_inference
branched-chain aminotransferase 7,branched-chain aminotransferase 7,Aminotransferase,unassigned_stage,curated_family_function,0.563824,0.3942,1.0,1,1,0,not_high_confidence,0,unmapped,unmapped,0.0,,unmapped,,0.85,0.0,0.0,0.73,0.0,0.41000000000000003,17.07963758390394,0.36363636363636365,Aminotransferase_Minimally_Curated_Set.xlsx,real_evidence_plus_model_inference
Alanine: alpha-ketoglutarate aminotransferase,Alanine: alpha-ketoglutarate aminotransferase,Aminotransferase,unassigned_stage,curated_family_function,0.563824,0.3942,1.0,1,1,0,not_high_confidence,0,unmapped,unmapped,0.0,,unmapped,,0.85,0.0,0.0,0.73,0.0,0.41000000000000003,17.07963758390394,0.36363636363636365,Aminotransferase_Minimally_Curated_Set.xlsx,real_evidence_plus_model_inference
ornithine Î´-aminotransferase,ornithine Î´-aminotransferase,Aminotransferase,unassigned_stage,curated_family_function,0.563824,0.3942,1.0,1,1,0,not_high_confidence,0,unmapped,unmapped,0.0,,unmapped,,0.85,0.0,0.0,0.73,0.0,0.41000000000000003,17.07963758390394,0.36363636363636365,Aminotransferase_Minimally_Curated_Set.xlsx,real_evidence_plus_model_inference
Aspartate aminotransferase 5; Aspartate aminotransferase isoenzyme 5,Aspartate aminotransferase 5; Aspartate aminotransferase isoenzyme 5,Aminotransferase,unassigned_stage,curated_family_function,0.563824,0.3942,1.0,1,1,0,not_high_confidence,0,unmapped,unmapped,0.0,,unmapped,,0.85,0.0,0.0,0.73,0.0,0.41000000000000003,17.07963758390394,0.36363636363636365,Aminotransferase_Minimally_Curated_Set.xlsx,real_evidence_plus_model_inference
Prephenate aminotransferase; Prokaryotic-type bifunctional aspartate and prephenate aminotransferase,Prephenate aminotransferase; Prokaryotic-type bifunctional aspartate and prephenate aminotransferase,Aminotransferase,unassigned_stage,curated_family_function,0.563824,0.3942,1.0,1,1,0,not_high_confidence,0,unmapped,unmapped,0.0,,unmapped,,0.85,0.0,0.0,0.73,0.0,0.41000000000000003,17.07963758390394,0.36363636363636365,Aminotransferase_Minimally_Curated_Set.xlsx,real_evidence_plus_model_inference
Cucumber Branched-Chain Amino Acid Transferase 7,Cucumber Branched-Chain Amino Acid Transferase 7,Aminotransferase,unassigned_stage,curated_family_function,0.563824,0.3942,1.0,1,1,0,not_high_confidence,0,unmapped,unmapped,0.0,,unmapped,,0.85,0.0,0.0,0.73,0.0,0.41000000000000003,17.07963758390394,0.36363636363636365,Aminotransferase_Minimally_Curated_Set.xlsx,real_evidence_plus_model_inference
aromatic amino acid aminotransferase; L-tryptophan aminotransferase,aromatic amino acid aminotransferase; L-tryptophan aminotransferase,Aminotransferase,unassigned_stage,curated_family_function,0.563824,0.3942,1.0,1,1,0,not_high_confidence,0,unmapped,unmapped,0.0,,unmapped,,0.85,0.0,0.0,0.73,0.0,0.41000000000000003,17.07963758390394,0.36363636363636365,Aminotransferase_Minimally_Curated_Set.xlsx,real_evidence_plus_model_inference
Tryptophan Aminotransferase Related 1; tryptophan aminotransferase related 1,Tryptophan Aminotransferase Related 1; tryptophan aminotransferase related 1,Aminotransferase,unassigned_stage,curated_family_function,0.563824,0.3942,1.0,1,1,0,not_high_confidence,0,unmapped,unmapped,0.0,,unmapped,,0.85,0.0,0.0,0.73,0.0,0.41000000000000003,17.07963758390394,0.36363636363636365,Aminotransferase_Minimally_Curated_Set.xlsx,real_evidence_plus_model_inference
Tryptophan Aminotransferase Related-Like 1; tryptophan aminotransferase related-like 1,Tryptophan Aminotransferase Related-Like 1; tryptophan aminotransferase related-like 1,Aminotransferase,unassigned_stage,curated_family_function,0.563824,0.3942,1.0,1,1,0,not_high_confidence,0,unmapped,unmapped,0.0,,unmapped,,0.85,0.0,0.0,0.73,0.0,0.41000000000000003,17.07963758390394,0.36363636363636365,Aminotransferase_Minimally_Curated_Set.xlsx,real_evidence_plus_model_inference
Tryptophan Aminotransferase Related-Like 2; tryptophan aminotransferase related-like 2,Tryptophan Aminotransferase Related-Like 2; tryptophan aminotransferase related-like 2,Aminotransferase,unassigned_stage,curated_family_function,0.563824,0.3942,1.0,1,1,0,not_high_confidence,0,unmapped,unmapped,0.0,,unmapped,,0.85,0.0,0.0,0.73,0.0,0.41000000000000003,17.07963758390394,0.36363636363636365,Aminotransferase_Minimally_Curated_Set.xlsx,real_evidence_plus_model_inference
Prokaryotic-type aspartate aminotransferase,Prokaryotic-type aspartate aminotransferase,Aminotransferase,unassigned_stage,curated_family_function,0.563824,0.3942,1.0,1,1,0,not_high_confidence,0,unmapped,unmapped,0.0,,unmapped,,0.85,0.0,0.0,0.73,0.0,0.41000000000000003,17.07963758390394,0.36363636363636365,Aminotransferase_Minimally_Curated_Set.xlsx,real_evidence_plus_model_inference
Plastidic aspartate aminotransferase,Plastidic aspartate aminotransferase,Aminotransferase,unassigned_stage,curated_family_function,0.563824,0.3942,1.0,1,1,0,not_high_confidence,0,unmapped,unmapped,0.0,,unmapped,,0.85,0.0,0.0,0.73,0.0,0.41000000000000003,17.07963758390394,0.36363636363636365,Aminotransferase_Minimally_Curated_Set.xlsx,real_evidence_plus_model_inference
Maize branched-chain aminotransferase,Maize branched-chain aminotransferase,Aminotransferase,unassigned_stage,curated_family_function,0.563824,0.3942,1.0,1,1,0,not_high_confidence,0,unmapped,unmapped,0.0,,unmapped,,0.85,0.0,0.0,0.73,0.0,0.41000000000000003,17.07963758390394,0.36363636363636365,Aminotransferase_Minimally_Curated_Set.xlsx,real_evidence_plus_model_inference
Glycoalkaloid metabolism 12; putative gamma-aminobutyrate aminotransferase,Glycoalkaloid metabolism 12; putative gamma-aminobutyrate aminotransferase,Aminotransferase,unassigned_stage,curated_family_function,0.563824,0.3942,1.0,1,1,0,not_high_confidence,0,unmapped,unmapped,0.0,,unmapped,,0.85,0.0,0.0,0.73,0.0,0.41000000000000003,17.07963758390394,0.36363636363636365,Aminotransferase_Minimally_Curated_Set.xlsx,real_evidence_plus_model_inference
mitochondrial alanine aminotransferase,mitochondrial alanine aminotransferase,Aminotransferase,unassigned_stage,curated_family_function,0.563824,0.3942,1.0,1,1,0,not_high_confidence,0,unmapped,unmapped,0.0,,unmapped,,0.85,0.0,0.0,0.73,0.0,0.41000000000000003,17.07963758390394,0.36363636363636365,Aminotransferase_Minimally_Curated_Set.xlsx,real_evidence_plus_model_inference
alanine-branched chain amino acid aminotransferase,alanine-branched chain amino acid aminotransferase,Aminotransferase,unassigned_stage,curated_family_function,0.563824,0.3942,1.0,1,1,0,not_high_confidence,0,unmapped,unmapped,0.0,,unmapped,,0.85,0.0,0.0,0.73,0.0,0.41000000000000003,17.07963758390394,0.36363636363636365,Aminotransferase_Minimally_Curated_Set.xlsx,real_evidence_plus_model_inference
Nicotianamine aminotransferase; nicotianamine aminotransferase B,Nicotianamine aminotransferase; nicotianamine aminotransferase B,Aminotransferase,unassigned_stage,curated_family_function,0.563824,0.3942,1.0,1,1,0,not_high_confidence,0,unmapped,unmapped,0.0,,unmapped,,0.85,0.0,0.0,0.73,0.0,0.41000000000000003,17.07963758390394,0.36363636363636365,Aminotransferase_Minimally_Curated_Set.xlsx,real_evidence_plus_model_inference
Aromatic Aminotransferase 4,Aromatic Aminotransferase 4,Aminotransferase,unassigned_stage,curated_family_function,0.563824,0.3942,1.0,1,1,0,not_high_confidence,0,unmapped,unmapped,0.0,,unmapped,,0.85,0.0,0.0,0.73,0.0,0.41000000000000003,17.07963758390394,0.36363636363636365,Aminotransferase_Minimally_Curated_Set.xlsx,real_evidence_plus_model_inference
LL-Diaminopimelate aminotransferase; LL-DAP aminotransferase,LL-Diaminopimelate aminotransferase; LL-DAP aminotransferase,Aminotransferase,unassigned_stage,curated_family_function,0.563824,0.3942,1.0,1,1,0,not_high_confidence,0,unmapped,unmapped,0.0,,unmapped,,0.85,0.0,0.0,0.73,0.0,0.41000000000000003,17.07963758390394,0.36363636363636365,Aminotransferase_Minimally_Curated_Set.xlsx,real_evidence_plus_model_inference
Tryptophan Aminotransferase of Arabidopsis 1,Tryptophan Aminotransferase of Arabidopsis 1,Aminotransferase,unassigned_stage,curated_family_function,0.563824,0.3942,1.0,1,1,1,core_transition_anchor_plus_atlas_match,1,PSI,photosystem I electron diversion,0.55,bipyridyliums;paraquat/diquat-like redox cyclers,22,sequestration;reduced_translocation;antioxidant_response,0.85,0.0,0.0,0.73,0.0,0.41000000000000003,17.07963758390394,0.36363636363636365,Aminotransferase_Minimally_Curated_Set.xlsx,real_evidence_plus_model_inference
TRYPTOPHAN AMINOTRANSFERASE OF ARABIDOPSIS 1 homolog,TRYPTOPHAN AMINOTRANSFERASE OF ARABIDOPSIS 1 homolog,Aminotransferase,unassigned_stage,curated_family_function,0.563824,0.3942,1.0,1,1,1,core_transition_anchor_plus_atlas_match,1,PSI,photosystem I electron diversion,0.55,bipyridyliums;paraquat/diquat-like redox cyclers,22,sequestration;reduced_translocation;antioxidant_response,0.85,0.0,0.0,0.73,0.0,0.41000000000000003,17.07963758390394,0.36363636363636365,Aminotransferase_Minimally_Curated_Set.xlsx,real_evidence_plus_model_inference
TRYPTOPHAN AMINOTRANSFERASE OF PHYSCOMITRELLA C,TRYPTOPHAN AMINOTRANSFERASE OF PHYSCOMITRELLA C,Aminotransferase,unassigned_stage,curated_family_function,0.563824,0.3942,1.0,1,1,0,not_high_confidence,0,unmapped,unmapped,0.0,,unmapped,,0.85,0.0,0.0,0.73,0.0,0.41000000000000003,17.07963758390394,0.36363636363636365,Aminotransferase_Minimally_Curated_Set.xlsx,real_evidence_plus_model_inference
Human aminotransferase,Human aminotransferase,Aminotransferase,unassigned_stage,curated_family_function,0.563824,0.3942,1.0,1,1,0,not_high_confidence,0,unmapped,unmapped,0.0,,unmapped,,0.85,0.0,0.0,0.73,0.0,0.41000000000000003,17.07963758390394,0.36363636363636365,Aminotransferase_Minimally_Curated_Set.xlsx,real_evidence_plus_model_inference
Human alanine aminotransferase,Human alanine aminotransferase,Aminotransferase,unassigned_stage,curated_family_function,0.563824,0.3942,1.0,1,1,0,not_high_confidence,0,unmapped,unmapped,0.0,,unmapped,,0.85,0.0,0.0,0.73,0.0,0.41000000000000003,17.07963758390394,0.36363636363636365,Aminotransferase_Minimally_Curated_Set.xlsx,real_evidence_plus_model_inference
Nicotianamine aminotransferase; nicotianamine aminotransferase 1,Nicotianamine aminotransferase; nicotianamine aminotransferase 1,Aminotransferase,unassigned_stage,curated_family_function,0.563824,0.3942,1.0,1,1,0,not_high_confidence,0,unmapped,unmapped,0.0,,unmapped,,0.85,0.0,0.0,0.73,0.0,0.41000000000000003,17.07963758390394,0.36363636363636365,Aminotransferase_Minimally_Curated_Set.xlsx,real_evidence_plus_model_inference
aminodeoxychorismate synthase,aminodeoxychorismate synthase,Aminotransferase,unassigned_stage,curated_family_function,0.563824,0.3942,1.0,1,1,0,not_high_confidence,0,unmapped,unmapped,0.0,,unmapped,,0.85,0.0,0.0,0.73,0.0,0.41000000000000003,17.07963758390394,0.36363636363636365,Aminotransferase_Minimally_Curated_Set.xlsx,real_evidence_plus_model_inference
Mouse alanine aminotransferase,Mouse alanine aminotransferase,Aminotransferase,unassigned_stage,curated_family_function,0.563824,0.3942,1.0,1,1,0,not_high_confidence,0,unmapped,unmapped,0.0,,unmapped,,0.85,0.0,0.0,0.73,0.0,0.41000000000000003,17.07963758390394,0.36363636363636365,Aminotransferase_Minimally_Curated_Set.xlsx,real_evidence_plus_model_inference
Cytoplasmic alanine aminotransferase,Cytoplasmic alanine aminotransferase,Aminotransferase,unassigned_stage,curated_family_function,0.563824,0.3942,1.0,1,1,0,not_high_confidence,0,unmapped,unmapped,0.0,,unmapped,,0.85,0.0,0.0,0.73,0.0,0.41000000000000003,17.07963758390394,0.36363636363636365,Aminotransferase_Minimally_Curated_Set.xlsx,real_evidence_plus_model_inference
Aromatic amino acid aminotransferase I,Aromatic amino acid aminotransferase I,Aminotransferase,unassigned_stage,curated_family_function,0.563824,0.3942,1.0,1,1,0,not_high_confidence,0,unmapped,unmapped,0.0,,unmapped,,0.85,0.0,0.0,0.73,0.0,0.41000000000000003,17.07963758390394,0.36363636363636365,Aminotransferase_Minimally_Curated_Set.xlsx,real_evidence_plus_model_inference
alanine-glyoxylate aminotransferase,alanine-glyoxylate aminotransferase,Aminotransferase,unassigned_stage,curated_family_function,0.563824,0.3942,1.0,1,1,0,not_high_confidence,0,unmapped,unmapped,0.0,,unmapped,,0.85,0.0,0.0,0.73,0.0,0.41000000000000003,17.07963758390394,0.36363636363636365,Aminotransferase_Minimally_Curated_Set.xlsx,real_evidence_plus_model_inference
Yeast aminotransferase,Yeast aminotransferase,Aminotransferase,unassigned_stage,curated_family_function,0.563824,0.3942,1.0,1,1,0,not_high_confidence,0,unmapped,unmapped,0.0,,unmapped,,0.85,0.0,0.0,0.73,0.0,0.41000000000000003,17.07963758390394,0.36363636363636365,Aminotransferase_Minimally_Curated_Set.xlsx,real_evidence_plus_model_inference
Yeast aspartate aminotransferase,Yeast aspartate aminotransferase,Aminotransferase,unassigned_stage,curated_family_function,0.563824,0.3942,1.0,1,1,0,not_high_confidence,0,unmapped,unmapped,0.0,,unmapped,,0.85,0.0,0.0,0.73,0.0,0.41000000000000003,17.07963758390394,0.36363636363636365,Aminotransferase_Minimally_Curated_Set.xlsx,real_evidence_plus_model_inference
Prephenate Aminotransferase from Chlorobium tepidum,Prephenate Aminotransferase from Chlorobium tepidum,Aminotransferase,unassigned_stage,curated_family_function,0.563824,0.3942,1.0,1,1,0,not_high_confidence,0,unmapped,unmapped,0.0,,unmapped,,0.85,0.0,0.0,0.73,0.0,0.41000000000000003,17.07963758390394,0.36363636363636365,Aminotransferase_Minimally_Curated_Set.xlsx,real_evidence_plus_model_inference
TRYPTOPHAN AMINOTRANSFERASE OF PHYSCOMITRELLA B,TRYPTOPHAN AMINOTRANSFERASE OF PHYSCOMITRELLA B,Aminotransferase,unassigned_stage,curated_family_function,0.563824,0.3942,1.0,1,1,0,not_high_confidence,0,unmapped,unmapped,0.0,,unmapped,,0.85,0.0,0.0,0.73,0.0,0.41000000000000003,17.07963758390394,0.36363636363636365,Aminotransferase_Minimally_Curated_Set.xlsx,real_evidence_plus_model_inference
Solanum lycopersicum PARENTAL ADVICE-1,Solanum lycopersicum PARENTAL ADVICE-1,Aminotransferase,unassigned_stage,curated_family_function,0.563824,0.3942,1.0,1,1,0,not_high_confidence,0,unmapped,unmapped,0.0,,unmapped,,0.85,0.0,0.0,0.73,0.0,0.41000000000000003,17.07963758390394,0.36363636363636365,Aminotransferase_Minimally_Curated_Set.xlsx,real_evidence_plus_model_inference
TRYPTOPHAN AMINOTRANSFERASE OF PHYSCOMITRELLA D,TRYPTOPHAN AMINOTRANSFERASE OF PHYSCOMITRELLA D,Aminotransferase,unassigned_stage,curated_family_function,0.563824,0.3942,1.0,1,1,0,not_high_confidence,0,unmapped,unmapped,0.0,,unmapped,,0.85,0.0,0.0,0.73,0.0,0.41000000000000003,17.07963758390394,0.36363636363636365,Aminotransferase_Minimally_Curated_Set.xlsx,real_evidence_plus_model_inference
adenosine aminohydrolase,adenosine aminohydrolase,Aminotransferase,unassigned_stage,curated_family_function,0.563824,0.3942,1.0,1,1,0,not_high_confidence,0,unmapped,unmapped,0.0,,unmapped,,0.85,0.0,0.0,0.73,0.0,0.41000000000000003,17.07963758390394,0.36363636363636365,Aminotransferase_Minimally_Curated_Set.xlsx,real_evidence_plus_model_inference
a-ketoglutarate-dependent GABA transaminase,a-ketoglutarate-dependent GABA transaminase,Aminotransferase,unassigned_stage,curated_family_function,0.563824,0.3942,1.0,1,1,0,not_high_confidence,0,unmapped,unmapped,0.0,,unmapped,,0.85,0.0,0.0,0.73,0.0,0.41000000000000003,17.07963758390394,0.36363636363636365,Aminotransferase_Minimally_Curated_Set.xlsx,real_evidence_plus_model_inference
Alanine transaminase,Alanine transaminase,Aminotransferase,unassigned_stage,curated_family_function,0.563824,0.3942,1.0,1,1,0,not_high_confidence,0,unmapped,unmapped,0.0,,unmapped,,0.85,0.0,0.0,0.73,0.0,0.41000000000000003,17.07963758390394,0.36363636363636365,Aminotransferase_Minimally_Curated_Set.xlsx,real_evidence_plus_model_inference
alpha-ketoglutarate-dependent GABA transaminase,alpha-ketoglutarate-dependent GABA transaminase,Aminotransferase,unassigned_stage,curated_family_function,0.563824,0.3942,1.0,1,1,0,not_high_confidence,0,unmapped,unmapped,0.0,,unmapped,,0.85,0.0,0.0,0.73,0.0,0.41000000000000003,17.07963758390394,0.36363636363636365,Aminotransferase_Minimally_Curated_Set.xlsx,real_evidence_plus_model_inference
Aspartate transaminase,Aspartate transaminase,Aminotransferase,unassigned_stage,curated_family_function,0.563824,0.3942,1.0,1,1,0,not_high_confidence,0,unmapped,unmapped,0.0,,unmapped,,0.85,0.0,0.0,0.73,0.0,0.41000000000000003,17.07963758390394,0.36363636363636365,Aminotransferase_Minimally_Curated_Set.xlsx,real_evidence_plus_model_inference
Capsicum annuum PARENTAL ADVICE-1,Capsicum annuum PARENTAL ADVICE-1,Aminotransferase,unassigned_stage,curated_family_function,0.563824,0.3942,1.0,1,1,1,core_transition_anchor_plus_atlas_match,1,PSI,photosystem I electron diversion,0.55,bipyridyliums;paraquat/diquat-like redox cyclers,22,sequestration;reduced_translocation;antioxidant_response,0.85,0.0,0.0,0.73,0.0,0.41000000000000003,17.07963758390394,0.36363636363636365,Aminotransferase_Minimally_Curated_Set.xlsx,real_evidence_plus_model_inference
GABA Transaminase,GABA Transaminase,Aminotransferase,unassigned_stage,curated_family_function,0.563824,0.3942,1.0,1,1,0,not_high_confidence,0,unmapped,unmapped,0.0,,unmapped,,0.85,0.0,0.0,0.73,0.0,0.41000000000000003,17.07963758390394,0.36363636363636365,Aminotransferase_Minimally_Curated_Set.xlsx,real_evidence_plus_model_inference
g-aminobutyrate transaminase,g-aminobutyrate transaminase,Aminotransferase,unassigned_stage,curated_family_function,0.563824,0.3942,1.0,1,1,0,not_high_confidence,0,unmapped,unmapped,0.0,,unmapped,,0.85,0.0,0.0,0.73,0.0,0.41000000000000003,17.07963758390394,0.36363636363636365,Aminotransferase_Minimally_Curated_Set.xlsx,real_evidence_plus_model_inference
hydroxypyruvate:L-alanine transaminase,hydroxypyruvate:L-alanine transaminase,Aminotransferase,unassigned_stage,curated_family_function,0.563824,0.3942,1.0,1,1,0,not_high_confidence,0,unmapped,unmapped,0.0,,unmapped,,0.85,0.0,0.0,0.73,0.0,0.41000000000000003,17.07963758390394,0.36363636363636365,Aminotransferase_Minimally_Curated_Set.xlsx,real_evidence_plus_model_inference
Indole Severe Sensitive 1 / Reversal of sav3 Phenotype 1,Indole Severe Sensitive 1 / Reversal of sav3 Phenotype 1,Aminotransferase,unassigned_stage,curated_family_function,0.563824,0.3942,1.0,1,1,0,not_high_confidence,0,unmapped,unmapped,0.0,,unmapped,,0.85,0.0,0.0,0.73,0.0,0.41000000000000003,17.07963758390394,0.36363636363636365,Aminotransferase_Minimally_Curated_Set.xlsx,real_evidence_plus_model_inference
ornithine-b-transaminase,ornithine-b-transaminase,Aminotransferase,unassigned_stage,curated_family_function,0.563824,0.3942,1.0,1,1,0,not_high_confidence,0,unmapped,unmapped,0.0,,unmapped,,0.85,0.0,0.0,0.73,0.0,0.41000000000000003,17.07963758390394,0.36363636363636365,Aminotransferase_Minimally_Curated_Set.xlsx,real_evidence_plus_model_inference
Phosphohydroxypyruvate : L-glutamate transaminase,Phosphohydroxypyruvate : L-glutamate transaminase,Aminotransferase,unassigned_stage,curated_family_function,0.563824,0.3942,1.0,1,1,0,not_high_confidence,0,unmapped,unmapped,0.0,,unmapped,,0.85,0.0,0.0,0.73,0.0,0.41000000000000003,17.07963758390394,0.36363636363636365,Aminotransferase_Minimally_Curated_Set.xlsx,real_evidence_plus_model_inference
transaminase,transaminase,Aminotransferase,unassigned_stage,curated_family_function,0.563824,0.3942,1.0,1,1,0,not_high_confidence,0,unmapped,unmapped,0.0,,unmapped,,0.85,0.0,0.0,0.73,0.0,0.41000000000000003,17.07963758390394,0.36363636363636365,Aminotransferase_Minimally_Curated_Set.xlsx,real_evidence_plus_model_inference
VANISHING TASSEL 2,VANISHING TASSEL 2,Aminotransferase,unassigned_stage,curated_family_function,0.563824,0.3942,1.0,1,1,0,not_high_confidence,0,unmapped,unmapped,0.0,,unmapped,,0.85,0.0,0.0,0.73,0.0,0.41000000000000003,17.07963758390394,0.36363636363636365,Aminotransferase_Minimally_Curated_Set.xlsx,real_evidence_plus_model_inference
histidinol-phosphate aminotransferase,histidinol-phosphate aminotransferase,Aminotransferase,unassigned_stage,curated_family_function,0.563824,0.3942,1.0,1,1,0,not_high_confidence,0,unmapped,unmapped,0.0,,unmapped,,0.85,0.0,0.0,0.73,0.0,0.41000000000000003,17.07963758390394,0.36363636363636365,Aminotransferase_Minimally_Curated_Set.xlsx,real_evidence_plus_model_inference
Glutathione S-transferase fusion of glutamyl-tRNA(Glu) reductase,Glutathione S-transferase fusion of glutamyl-tRNA(Glu) reductase,Aminotransferase,unassigned_stage,curated_family_function,0.563824,0.3942,1.0,1,1,0,not_high_confidence,0,unmapped,unmapped,0.0,,unmapped,,0.85,0.0,0.0,0.73,0.0,0.41000000000000003,17.07963758390394,0.36363636363636365,Aminotransferase_Minimally_Curated_Set.xlsx,real_evidence_plus_model_inference
"7,8-diaminopelargonic acid (DAPA) aminotransferase","7,8-diaminopelargonic acid (DAPA) aminotransferase",Aminotransferase,unassigned_stage,curated_family_function,0.563824,0.3942,1.0,1,1,0,not_high_confidence,0,unmapped,unmapped,0.0,,unmapped,,0.85,0.0,0.0,0.73,0.0,0.41000000000000003,17.07963758390394,0.36363636363636365,Aminotransferase_Minimally_Curated_Set.xlsx,real_evidence_plus_model_inference
asparagine aminotransferase,asparagine aminotransferase,Aminotransferase,unassigned_stage,curated_family_function,0.563824,0.3942,1.0,1,1,0,not_high_confidence,0,unmapped,unmapped,0.0,,unmapped,,0.85,0.0,0.0,0.73,0.0,0.41000000000000003,17.07963758390394,0.36363636363636365,Aminotransferase_Minimally_Curated_Set.xlsx,real_evidence_plus_model_inference
Aspartate aminotransferase isozyme-1,Aspartate aminotransferase isozyme-1,Aminotransferase,unassigned_stage,curated_family_function,0.563824,0.3942,1.0,1,1,0,not_high_confidence,0,unmapped,unmapped,0.0,,unmapped,,0.85,0.0,0.0,0.73,0.0,0.41000000000000003,17.07963758390394,0.36363636363636365,Aminotransferase_Minimally_Curated_Set.xlsx,real_evidence_plus_model_inference
Glutamate-glyoxylate aminotransferase,Glutamate-glyoxylate aminotransferase,Aminotransferase,unassigned_stage,curated_family_function,0.563824,0.3942,1.0,1,1,0,not_high_confidence,0,unmapped,unmapped,0.0,,unmapped,,0.85,0.0,0.0,0.73,0.0,0.41000000000000003,17.07963758390394,0.36363636363636365,Aminotransferase_Minimally_Curated_Set.xlsx,real_evidence_plus_model_inference
serine-pyruvate aminotransferase,serine-pyruvate aminotransferase,Aminotransferase,unassigned_stage,curated_family_function,0.563824,0.3942,1.0,1,1,0,not_high_confidence,0,unmapped,unmapped,0.0,,unmapped,,0.85,0.0,0.0,0.73,0.0,0.41000000000000003,17.07963758390394,0.36363636363636365,Aminotransferase_Minimally_Curated_Set.xlsx,real_evidence_plus_model_inference
ornithine aminotransferase,ornithine aminotransferase,Aminotransferase,unassigned_stage,curated_family_function,0.563824,0.3942,1.0,1,1,0,not_high_confidence,0,unmapped,unmapped,0.0,,unmapped,,0.85,0.0,0.0,0.73,0.0,0.41000000000000003,17.07963758390394,0.36363636363636365,Aminotransferase_Minimally_Curated_Set.xlsx,real_evidence_plus_model_inference
L-phenylalanine aminotransferase,L-phenylalanine aminotransferase,Aminotransferase,unassigned_stage,curated_family_function,0.563824,0.3942,1.0,1,1,0,not_high_confidence,0,unmapped,unmapped,0.0,,unmapped,,0.85,0.0,0.0,0.73,0.0,0.41000000000000003,17.07963758390394,0.36363636363636365,Aminotransferase_Minimally_Curated_Set.xlsx,real_evidence_plus_model_inference
D-phenylalanine aminotransferase,D-phenylalanine aminotransferase,Aminotransferase,unassigned_stage,curated_family_function,0.563824,0.3942,1.0,1,1,0,not_high_confidence,0,unmapped,unmapped,0.0,,unmapped,,0.85,0.0,0.0,0.73,0.0,0.41000000000000003,17.07963758390394,0.36363636363636365,Aminotransferase_Minimally_Curated_Set.xlsx,real_evidence_plus_model_inference
4-hydroxyphenylpyruvate aminotransferase,4-hydroxyphenylpyruvate aminotransferase,Aminotransferase,unassigned_stage,curated_family_function,0.563824,0.3942,1.0,1,1,0,not_high_confidence,0,unmapped,unmapped,0.0,,unmapped,,0.85,0.0,0.0,0.73,0.0,0.41000000000000003,17.07963758390394,0.36363636363636365,Aminotransferase_Minimally_Curated_Set.xlsx,real_evidence_plus_model_inference
hydroxypyruvate aminotransferase,hydroxypyruvate aminotransferase,Aminotransferase,unassigned_stage,curated_family_function,0.563824,0.3942,1.0,1,1,0,not_high_confidence,0,unmapped,unmapped,0.0,,unmapped,,0.85,0.0,0.0,0.73,0.0,0.41000000000000003,17.07963758390394,0.36363636363636365,Aminotransferase_Minimally_Curated_Set.xlsx,real_evidence_plus_model_inference
Phenylpyruvate aminotransferase,Phenylpyruvate aminotransferase,Aminotransferase,unassigned_stage,curated_family_function,0.563824,0.3942,1.0,1,1,0,not_high_confidence,0,unmapped,unmapped,0.0,,unmapped,,0.85,0.0,0.0,0.73,0.0,0.41000000000000003,17.07963758390394,0.36363636363636365,Aminotransferase_Minimally_Curated_Set.xlsx,real_evidence_plus_model_inference
glutamate-1-semialdehyde aminotransferase,glutamate-1-semialdehyde aminotransferase,Aminotransferase,unassigned_stage,curated_family_function,0.563824,0.3942,1.0,1,1,0,not_high_confidence,0,unmapped,unmapped,0.0,,unmapped,,0.85,0.0,0.0,0.73,0.0,0.41000000000000003,17.07963758390394,0.36363636363636365,Aminotransferase_Minimally_Curated_Set.xlsx,real_evidence_plus_model_inference
TRYPTOPHAN AMINOTRANSFERASE RELATEDs,TRYPTOPHAN AMINOTRANSFERASE RELATEDs,Aminotransferase,unassigned_stage,curated_family_function,0.563824,0.3942,1.0,1,1,0,not_high_confidence,0,unmapped,unmapped,0.0,,unmapped,,0.85,0.0,0.0,0.73,0.0,0.41000000000000003,17.07963758390394,0.36363636363636365,Aminotransferase_Minimally_Curated_Set.xlsx,real_evidence_plus_model_inference
glutamate 1-semialdehyde aminotransferase,glutamate 1-semialdehyde aminotransferase,Aminotransferase,unassigned_stage,curated_family_function,0.563824,0.3942,1.0,1,1,0,not_high_confidence,0,unmapped,unmapped,0.0,,unmapped,,0.85,0.0,0.0,0.73,0.0,0.41000000000000003,17.07963758390394,0.36363636363636365,Aminotransferase_Minimally_Curated_Set.xlsx,real_evidence_plus_model_inference
Prokaryotic-type bifunctional aspartate and prephenate aminotransferase,Prokaryotic-type bifunctional aspartate and prephenate aminotransferase,Aminotransferase,unassigned_stage,curated_family_function,0.563824,0.3942,1.0,1,1,0,not_high_confidence,0,unmapped,unmapped,0.0,,unmapped,,0.85,0.0,0.0,0.73,0.0,0.41000000000000003,17.07963758390394,0.36363636363636365,Aminotransferase_Minimally_Curated_Set.xlsx,real_evidence_plus_model_inference
ornithine-Î´-aminotransferase,ornithine-Î´-aminotransferase,Aminotransferase,unassigned_stage,curated_family_function,0.563824,0.3942,1.0,1,1,0,not_high_confidence,0,unmapped,unmapped,0.0,,unmapped,,0.85,0.0,0.0,0.73,0.0,0.41000000000000003,17.07963758390394,0.36363636363636365,Aminotransferase_Minimally_Curated_Set.xlsx,real_evidence_plus_model_inference
vanillin aminotransferase,vanillin aminotransferase,Aminotransferase,unassigned_stage,curated_family_function,0.563824,0.3942,1.0,1,1,0,not_high_confidence,0,unmapped,unmapped,0.0,,unmapped,,0.85,0.0,0.0,0.73,0.0,0.41000000000000003,17.07963758390394,0.36363636363636365,Aminotransferase_Minimally_Curated_Set.xlsx,real_evidence_plus_model_inference
aromatic amino acid aminotransferase 1,aromatic amino acid aminotransferase 1,Aminotransferase,unassigned_stage,curated_family_function,0.563824,0.3942,1.0,1,1,0,not_high_confidence,0,unmapped,unmapped,0.0,,unmapped,,0.85,0.0,0.0,0.73,0.0,0.41000000000000003,17.07963758390394,0.36363636363636365,Aminotransferase_Minimally_Curated_Set.xlsx,real_evidence_plus_model_inference
MSX/alpha-ketoglutarate aminotransferase,MSX/alpha-ketoglutarate aminotransferase,Aminotransferase,unassigned_stage,curated_family_function,0.563824,0.3942,1.0,1,1,0,not_high_confidence,0,unmapped,unmapped,0.0,,unmapped,,0.85,0.0,0.0,0.73,0.0,0.41000000000000003,17.07963758390394,0.36363636363636365,Aminotransferase_Minimally_Curated_Set.xlsx,real_evidence_plus_model_inference
asparagine:glyoxylate aminotransferase,asparagine:glyoxylate aminotransferase,Aminotransferase,unassigned_stage,curated_family_function,0.563824,0.3942,1.0,1,1,0,not_high_confidence,0,unmapped,unmapped,0.0,,unmapped,,0.85,0.0,0.0,0.73,0.0,0.41000000000000003,17.07963758390394,0.36363636363636365,Aminotransferase_Minimally_Curated_Set.xlsx,real_evidence_plus_model_inference
Tryptophan aminotransferase of Marchantia,Tryptophan aminotransferase of Marchantia,Aminotransferase,unassigned_stage,curated_family_function,0.563824,0.3942,1.0,1,1,0,not_high_confidence,0,unmapped,unmapped,0.0,,unmapped,,0.85,0.0,0.0,0.73,0.0,0.41000000000000003,17.07963758390394,0.36363636363636365,Aminotransferase_Minimally_Curated_Set.xlsx,real_evidence_plus_model_inference
Solanum pennellii Branched-Chain Aminotransferase,Solanum pennellii Branched-Chain Aminotransferase,Aminotransferase,unassigned_stage,curated_family_function,0.563824,0.3942,1.0,1,1,0,not_high_confidence,0,unmapped,unmapped,0.0,,unmapped,,0.85,0.0,0.0,0.73,0.0,0.41000000000000003,17.07963758390394,0.36363636363636365,Aminotransferase_Minimally_Curated_Set.xlsx,real_evidence_plus_model_inference
L-aspartate-alpha-ketoglutarate aminotransferase,L-aspartate-alpha-ketoglutarate aminotransferase,Aminotransferase,unassigned_stage,curated_family_function,0.563824,0.3942,1.0,1,1,0,not_high_confidence,0,unmapped,unmapped,0.0,,unmapped,,0.85,0.0,0.0,0.73,0.0,0.41000000000000003,17.07963758390394,0.36363636363636365,Aminotransferase_Minimally_Curated_Set.xlsx,real_evidence_plus_model_inference
aminotransferase,aminotransferase,Aminotransferase,unassigned_stage,curated_family_function,0.563824,0.3942,1.0,1,1,0,not_high_confidence,0,unmapped,unmapped,0.0,,unmapped,,0.85,0.0,0.0,0.73,0.0,0.41000000000000003,17.07963758390394,0.36363636363636365,Aminotransferase_Minimally_Curated_Set.xlsx,real_evidence_plus_model_inference
branched-chain amino acid transferase 2,branched-chain amino acid transferase 2,Aminotransferase,unassigned_stage,curated_family_function,0.563824,0.3942,1.0,1,1,0,not_high_confidence,0,unmapped,unmapped,0.0,,unmapped,,0.85,0.0,0.0,0.73,0.0,0.41000000000000003,17.07963758390394,0.36363636363636365,Aminotransferase_Minimally_Curated_Set.xlsx,real_evidence_plus_model_inference
MSX/Î±-ketoglutarate aminotransferase,MSX/Î±-ketoglutarate aminotransferase,Aminotransferase,unassigned_stage,curated_family_function,0.563824,0.3942,1.0,1,1,0,not_high_confidence,0,unmapped,unmapped,0.0,,unmapped,,0.85,0.0,0.0,0.73,0.0,0.41000000000000003,17.07963758390394,0.36363636363636365,Aminotransferase_Minimally_Curated_Set.xlsx,real_evidence_plus_model_inference
aspartate aminotransferase-P1,aspartate aminotransferase-P1,Aminotransferase,unassigned_stage,curated_family_function,0.563824,0.3942,1.0,1,1,0,not_high_confidence,0,unmapped,unmapped,0.0,,unmapped,,0.85,0.0,0.0,0.73,0.0,0.41000000000000003,17.07963758390394,0.36363636363636365,Aminotransferase_Minimally_Curated_Set.xlsx,real_evidence_plus_model_inference
aspartate aminotransferase-P2,aspartate aminotransferase-P2,Aminotransferase,unassigned_stage,curated_family_function,0.563824,0.3942,1.0,1,1,0,not_high_confidence,0,unmapped,unmapped,0.0,,unmapped,,0.85,0.0,0.0,0.73,0.0,0.41000000000000003,17.07963758390394,0.36363636363636365,Aminotransferase_Minimally_Curated_Set.xlsx,real_evidence_plus_model_inference
aspartate aminotransferase-2,aspartate aminotransferase-2,Aminotransferase,unassigned_stage,curated_family_function,0.563824,0.3942,1.0,1,1,0,not_high_confidence,0,unmapped,unmapped,0.0,,unmapped,,0.85,0.0,0.0,0.73,0.0,0.41000000000000003,17.07963758390394,0.36363636363636365,Aminotransferase_Minimally_Curated_Set.xlsx,real_evidence_plus_model_inference
L-Ornithine: 2-Oxoacid Aminotransferase,L-Ornithine: 2-Oxoacid Aminotransferase,Aminotransferase,unassigned_stage,curated_family_function,0.563824,0.3942,1.0,1,1,0,not_high_confidence,0,unmapped,unmapped,0.0,,unmapped,,0.85,0.0,0.0,0.73,0.0,0.41000000000000003,17.07963758390394,0.36363636363636365,Aminotransferase_Minimally_Curated_Set.xlsx,real_evidence_plus_model_inference
Branched chain amino acid aminotransferase,Branched chain amino acid aminotransferase,Aminotransferase,unassigned_stage,curated_family_function,0.563824,0.3942,1.0,1,1,0,not_high_confidence,0,unmapped,unmapped,0.0,,unmapped,,0.85,0.0,0.0,0.73,0.0,0.41000000000000003,17.07963758390394,0.36363636363636365,Aminotransferase_Minimally_Curated_Set.xlsx,real_evidence_plus_model_inference
Solanum lycopersicum tryptophan aminotransferase related 2,Solanum lycopersicum tryptophan aminotransferase related 2,Aminotransferase,unassigned_stage,curated_family_function,0.563824,0.3942,1.0,1,1,0,not_high_confidence,0,unmapped,unmapped,0.0,,unmapped,,0.85,0.0,0.0,0.73,0.0,0.41000000000000003,17.07963758390394,0.36363636363636365,Aminotransferase_Minimally_Curated_Set.xlsx,real_evidence_plus_model_inference
Aspartate-a-Ketoglutarate Aminotransferase,Aspartate-a-Ketoglutarate Aminotransferase,Aminotransferase,unassigned_stage,curated_family_function,0.563824,0.3942,1.0,1,1,0,not_high_confidence,0,unmapped,unmapped,0.0,,unmapped,,0.85,0.0,0.0,0.73,0.0,0.41000000000000003,17.07963758390394,0.36363636363636365,Aminotransferase_Minimally_Curated_Set.xlsx,real_evidence_plus_model_inference
glutamic-oxaloacetic aminotransferase apoenzyme,glutamic-oxaloacetic aminotransferase apoenzyme,Aminotransferase,unassigned_stage,curated_family_function,0.563824,0.3942,1.0,1,1,0,not_high_confidence,0,unmapped,unmapped,0.0,,unmapped,,0.85,0.0,0.0,0.73,0.0,0.41000000000000003,17.07963758390394,0.36363636363636365,Aminotransferase_Minimally_Curated_Set.xlsx,real_evidence_plus_model_inference
Glutamic-oxaloacetic aminotransferase,Glutamic-oxaloacetic aminotransferase,Aminotransferase,unassigned_stage,curated_family_function,0.563824,0.3942,1.0,1,1,0,not_high_confidence,0,unmapped,unmapped,0.0,,unmapped,,0.85,0.0,0.0,0.73,0.0,0.41000000000000003,17.07963758390394,0.36363636363636365,Aminotransferase_Minimally_Curated_Set.xlsx,real_evidence_plus_model_inference
cytosolic alanine aminotransferase,cytosolic alanine aminotransferase,Aminotransferase,unassigned_stage,curated_family_function,0.563824,0.3942,1.0,1,1,0,not_high_confidence,0,unmapped,unmapped,0.0,,unmapped,,0.85,0.0,0.0,0.73,0.0,0.41000000000000003,17.07963758390394,0.36363636363636365,Aminotransferase_Minimally_Curated_Set.xlsx,real_evidence_plus_model_inference
Serine-glyoxylate aminotransferase,Serine-glyoxylate aminotransferase,Aminotransferase,unassigned_stage,curated_family_function,0.563824,0.3942,1.0,1,1,0,not_high_confidence,0,unmapped,unmapped,0.0,,unmapped,,0.85,0.0,0.0,0.73,0.0,0.41000000000000003,17.07963758390394,0.36363636363636365,Aminotransferase_Minimally_Curated_Set.xlsx,real_evidence_plus_model_inference
Glutamine Aminotransferase,Glutamine Aminotransferase,Aminotransferase,unassigned_stage,curated_family_function,0.563824,0.3942,1.0,1,1,0,not_high_confidence,0,unmapped,unmapped,0.0,,unmapped,,0.85,0.0,0.0,0.73,0.0,0.41000000000000003,17.07963758390394,0.36363636363636365,Aminotransferase_Minimally_Curated_Set.xlsx,real_evidence_plus_model_inference
Tryptophan Aminotransferase BnaTAR1; tryptophan aminotransferase,Tryptophan Aminotransferase BnaTAR1; tryptophan aminotransferase,Aminotransferase,unassigned_stage,curated_family_function,0.563824,0.3942,1.0,1,1,0,not_high_confidence,0,unmapped,unmapped,0.0,,unmapped,,0.85,0.0,0.0,0.73,0.0,0.41000000000000003,17.07963758390394,0.36363636363636365,Aminotransferase_Minimally_Curated_Set.xlsx,real_evidence_plus_model_inference
Tryptophan Aminotransferase BnaTAR2; tryptophan aminotransferase,Tryptophan Aminotransferase BnaTAR2; tryptophan aminotransferase,Aminotransferase,unassigned_stage,curated_family_function,0.563824,0.3942,1.0,1,1,0,not_high_confidence,0,unmapped,unmapped,0.0,,unmapped,,0.85,0.0,0.0,0.73,0.0,0.41000000000000003,17.07963758390394,0.36363636363636365,Aminotransferase_Minimally_Curated_Set.xlsx,real_evidence_plus_model_inference
alanine/branched chain amino acid aminotransferase,alanine/branched chain amino acid aminotransferase,Aminotransferase,unassigned_stage,curated_family_function,0.563824,0.3942,1.0,1,1,0,not_high_confidence,0,unmapped,unmapped,0.0,,unmapped,,0.85,0.0,0.0,0.73,0.0,0.41000000000000003,17.07963758390394,0.36363636363636365,Aminotransferase_Minimally_Curated_Set.xlsx,real_evidence_plus_model_inference
Glycine aminotransferase,Glycine aminotransferase,Aminotransferase,unassigned_stage,curated_family_function,0.563824,0.3942,1.0,1,1,0,not_high_confidence,0,unmapped,unmapped,0.0,,unmapped,,0.85,0.0,0.0,0.73,0.0,0.41000000000000003,17.07963758390394,0.36363636363636365,Aminotransferase_Minimally_Curated_Set.xlsx,real_evidence_plus_model_inference
Glutamate-oxaloacetate aminotransferase,Glutamate-oxaloacetate aminotransferase,Aminotransferase,unassigned_stage,curated_family_function,0.563824,0.3942,1.0,1,1,0,not_high_confidence,0,unmapped,unmapped,0.0,,unmapped,,0.85,0.0,0.0,0.73,0.0,0.41000000000000003,17.07963758390394,0.36363636363636365,Aminotransferase_Minimally_Curated_Set.xlsx,real_evidence_plus_model_inference
Glutamate-pyruvate aminotransferase,Glutamate-pyruvate aminotransferase,Aminotransferase,unassigned_stage,curated_family_function,0.563824,0.3942,1.0,1,1,0,not_high_confidence,0,unmapped,unmapped,0.0,,unmapped,,0.85,0.0,0.0,0.73,0.0,0.41000000000000003,17.07963758390394,0.36363636363636365,Aminotransferase_Minimally_Curated_Set.xlsx,real_evidence_plus_model_inference
Î²-Alanine aminotransferase,Î²-Alanine aminotransferase,Aminotransferase,unassigned_stage,curated_family_function,0.563824,0.3942,1.0,1,1,0,not_high_confidence,0,unmapped,unmapped,0.0,,unmapped,,0.85,0.0,0.0,0.73,0.0,0.41000000000000003,17.07963758390394,0.36363636363636365,Aminotransferase_Minimally_Curated_Set.xlsx,real_evidence_plus_model_inference
L-glutamate-glyoxylate aminotransferase,L-glutamate-glyoxylate aminotransferase,Aminotransferase,unassigned_stage,curated_family_function,0.563824,0.3942,1.0,1,1,0,not_high_confidence,0,unmapped,unmapped,0.0,,unmapped,,0.85,0.0,0.0,0.73,0.0,0.41000000000000003,17.07963758390394,0.36363636363636365,Aminotransferase_Minimally_Curated_Set.xlsx,real_evidence_plus_model_inference
Glutamate-glyoxylate aminotransferase;L-glutamate-glyoxylate aminotransferase,Glutamate-glyoxylate aminotransferase;L-glutamate-glyoxylate aminotransferase,Aminotransferase,unassigned_stage,curated_family_function,0.563824,0.3942,1.0,1,1,0,not_high_confidence,0,unmapped,unmapped,0.0,,unmapped,,0.85,0.0,0.0,0.73,0.0,0.41000000000000003,17.07963758390394,0.36363636363636365,Aminotransferase_Minimally_Curated_Set.xlsx,real_evidence_plus_model_inference
Tyrosine aminotransferase I,Tyrosine aminotransferase I,Aminotransferase,unassigned_stage,curated_family_function,0.563824,0.3942,1.0,1,1,0,not_high_confidence,0,unmapped,unmapped,0.0,,unmapped,,0.85,0.0,0.0,0.73,0.0,0.41000000000000003,17.07963758390394,0.36363636363636365,Aminotransferase_Minimally_Curated_Set.xlsx,real_evidence_plus_model_inference
Tyrosine aminotransferase IV,Tyrosine aminotransferase IV,Aminotransferase,unassigned_stage,curated_family_function,0.563824,0.3942,1.0,1,1,0,not_high_confidence,0,unmapped,unmapped,0.0,,unmapped,,0.85,0.0,0.0,0.73,0.0,0.41000000000000003,17.07963758390394,0.36363636363636365,Aminotransferase_Minimally_Curated_Set.xlsx,real_evidence_plus_model_inference
8-alanine aminotransferase,8-alanine aminotransferase,Aminotransferase,unassigned_stage,curated_family_function,0.563824,0.3942,1.0,1,1,0,not_high_confidence,0,unmapped,unmapped,0.0,,unmapped,,0.85,0.0,0.0,0.73,0.0,0.41000000000000003,17.07963758390394,0.36363636363636365,Aminotransferase_Minimally_Curated_Set.xlsx,real_evidence_plus_model_inference
Arabidopsis TRYPTOPHAN AMINOTRANSFERASE OF ARABIDOPSIS 1,Arabidopsis TRYPTOPHAN AMINOTRANSFERASE OF ARABIDOPSIS 1,Aminotransferase,unassigned_stage,curated_family_function,0.563824,0.3942,1.0,1,1,1,core_transition_anchor_plus_atlas_match,1,PSI,photosystem I electron diversion,0.55,bipyridyliums;paraquat/diquat-like redox cyclers,22,sequestration;reduced_translocation;antioxidant_response,0.85,0.0,0.0,0.73,0.0,0.41000000000000003,17.07963758390394,0.36363636363636365,Aminotransferase_Minimally_Curated_Set.xlsx,real_evidence_plus_model_inference
Pea TRYPTOPHAN AMINOTRANSFERASE 1,Pea TRYPTOPHAN AMINOTRANSFERASE 1,Aminotransferase,unassigned_stage,curated_family_function,0.563824,0.3942,1.0,1,1,0,not_high_confidence,0,unmapped,unmapped,0.0,,unmapped,,0.85,0.0,0.0,0.73,0.0,0.41000000000000003,17.07963758390394,0.36363636363636365,Aminotransferase_Minimally_Curated_Set.xlsx,real_evidence_plus_model_inference
Alanine-hydroxypyruvate aminotransferase,Alanine-hydroxypyruvate aminotransferase,Aminotransferase,unassigned_stage,curated_family_function,0.563824,0.3942,1.0,1,1,0,not_high_confidence,0,unmapped,unmapped,0.0,,unmapped,,0.85,0.0,0.0,0.73,0.0,0.41000000000000003,17.07963758390394,0.36363636363636365,Aminotransferase_Minimally_Curated_Set.xlsx,real_evidence_plus_model_inference
PARENTAL ADVICE-1,PARENTAL ADVICE-1,Aminotransferase,unassigned_stage,curated_family_function,0.563824,0.3942,1.0,1,1,0,not_high_confidence,0,unmapped,unmapped,0.0,,unmapped,,0.85,0.0,0.0,0.73,0.0,0.41000000000000003,17.07963758390394,0.36363636363636365,Aminotransferase_Minimally_Curated_Set.xlsx,real_evidence_plus_model_inference
peroxidase,peroxidase,Peroxidase,stress_response,oxidative_stress_redox_control,0.563824,0.3942,1.0,1,1,1,core_transition_anchor_plus_atlas_match,1,Oxidative stress enzymes,SOD/CAT/POD/peroxidase antioxidant stress response,0.65,redox_active_phytochemicals;photosensitizers;quinone_like,stress_response_modifier,antioxidant_upregulation;metabolic_resistance,0.85,0.0,0.0,0.73,0.0,0.41000000000000003,15.897460143892477,0.8181818181818182,curated_families,real_evidence_plus_model_inference
Branched-chain amino acid transaminase,Branched-chain amino acid transaminase,Aminotransferase,unassigned_stage,curated_family_function,0.563824,0.3942,1.0,1,1,0,not_high_confidence,0,unmapped,unmapped,0.0,,unmapped,,0.85,0.0,0.0,0.73,0.0,0.41000000000000003,17.07963758390394,0.36363636363636365,Aminotransferase_Minimally_Curated_Set.xlsx,real_evidence_plus_model_inference
Tryptophan Aminotransferase Related 1,Tryptophan Aminotransferase Related 1,Aminotransferase,unassigned_stage,curated_family_function,0.563824,0.3942,1.0,1,1,0,not_high_confidence,0,unmapped,unmapped,0.0,,unmapped,,0.85,0.0,0.0,0.73,0.0,0.41000000000000003,17.07963758390394,0.36363636363636365,Aminotransferase_Minimally_Curated_Set.xlsx,real_evidence_plus_model_inference
Petunia hybrid aromatic aminotransferase,Petunia hybrid aromatic aminotransferase,Aminotransferase,unassigned_stage,curated_family_function,0.563824,0.3942,1.0,1,1,0,not_high_confidence,0,unmapped,unmapped,0.0,,unmapped,,0.85,0.0,0.0,0.73,0.0,0.41000000000000003,17.07963758390394,0.36363636363636365,Aminotransferase_Minimally_Curated_Set.xlsx,real_evidence_plus_model_inference
Serine-a-ketoglutarate aminotransferase,Serine-a-ketoglutarate aminotransferase,Aminotransferase,unassigned_stage,curated_family_function,0.563824,0.3942,1.0,1,1,0,not_high_confidence,0,unmapped,unmapped,0.0,,unmapped,,0.85,0.0,0.0,0.73,0.0,0.41000000000000003,17.07963758390394,0.36363636363636365,Aminotransferase_Minimally_Curated_Set.xlsx,real_evidence_plus_model_inference
Î³-aminobutyrate transaminase,Î³-aminobutyrate transaminase,Aminotransferase,unassigned_stage,curated_family_function,0.563824,0.3942,1.0,1,1,0,not_high_confidence,0,unmapped,unmapped,0.0,,unmapped,,0.85,0.0,0.0,0.73,0.0,0.41000000000000003,17.07963758390394,0.36363636363636365,Aminotransferase_Minimally_Curated_Set.xlsx,real_evidence_plus_model_inference
Aberrant Growth and Death 2,Aberrant Growth and Death 2,Aminotransferase,unassigned_stage,curated_family_function,0.563824,0.3942,1.0,1,1,0,not_high_confidence,0,unmapped,unmapped,0.0,,unmapped,,0.85,0.0,0.0,0.73,0.0,0.41000000000000003,17.07963758390394,0.36363636363636365,Aminotransferase_Minimally_Curated_Set.xlsx,real_evidence_plus_model_inference
Alanine aminotransferase from barley,Alanine aminotransferase from barley,Aminotransferase,unassigned_stage,curated_family_function,0.563824,0.3942,1.0,1,1,0,not_high_confidence,0,unmapped,unmapped,0.0,,unmapped,,0.85,0.0,0.0,0.73,0.0,0.41000000000000003,17.07963758390394,0.36363636363636365,Aminotransferase_Minimally_Curated_Set.xlsx,real_evidence_plus_model_inference
aspartate aminotransferase (cytosolic),aspartate aminotransferase (cytosolic),Aminotransferase,unassigned_stage,curated_family_function,0.563824,0.3942,1.0,1,1,0,not_high_confidence,0,unmapped,unmapped,0.0,,unmapped,,0.85,0.0,0.0,0.73,0.0,0.41000000000000003,17.07963758390394,0.36363636363636365,Aminotransferase_Minimally_Curated_Set.xlsx,real_evidence_plus_model_inference
glutamate/aspartate-prephenate aminotransferase,glutamate/aspartate-prephenate aminotransferase,Aminotransferase,unassigned_stage,curated_family_function,0.563824,0.3942,1.0,1,1,0,not_high_confidence,0,unmapped,unmapped,0.0,,unmapped,,0.85,0.0,0.0,0.73,0.0,0.41000000000000003,17.07963758390394,0.36363636363636365,Aminotransferase_Minimally_Curated_Set.xlsx,real_evidence_plus_model_inference
AGD2-Like Defense Response Protein 1,AGD2-Like Defense Response Protein 1,Aminotransferase,unassigned_stage,curated_family_function,0.563824,0.3942,1.0,1,1,0,not_high_confidence,0,unmapped,unmapped,0.0,,unmapped,,0.85,0.0,0.0,0.73,0.0,0.41000000000000003,17.07963758390394,0.36363636363636365,Aminotransferase_Minimally_Curated_Set.xlsx,real_evidence_plus_model_inference
AGD2-LIKE DEFENSE RESPONSE PROTEIN1,AGD2-LIKE DEFENSE RESPONSE PROTEIN1,Aminotransferase,unassigned_stage,curated_family_function,0.563824,0.3942,1.0,1,1,0,not_high_confidence,0,unmapped,unmapped,0.0,,unmapped,,0.85,0.0,0.0,0.73,0.0,0.41000000000000003,17.07963758390394,0.36363636363636365,Aminotransferase_Minimally_Curated_Set.xlsx,real_evidence_plus_model_inference
Glutamate oxaloacetate transaminase 2,Glutamate oxaloacetate transaminase 2,Aminotransferase,unassigned_stage,curated_family_function,0.563824,0.3942,1.0,1,1,0,not_high_confidence,0,unmapped,unmapped,0.0,,unmapped,,0.85,0.0,0.0,0.73,0.0,0.41000000000000003,17.07963758390394,0.36363636363636365,Aminotransferase_Minimally_Curated_Set.xlsx,real_evidence_plus_model_inference
Glutamate-oxaloacetate transaminase 1,Glutamate-oxaloacetate transaminase 1,Aminotransferase,unassigned_stage,curated_family_function,0.563824,0.3942,1.0,1,1,0,not_high_confidence,0,unmapped,unmapped,0.0,,unmapped,,0.85,0.0,0.0,0.73,0.0,0.41000000000000003,17.07963758390394,0.36363636363636365,Aminotransferase_Minimally_Curated_Set.xlsx,real_evidence_plus_model_inference
Glutamate-pyruvate transaminase,Glutamate-pyruvate transaminase,Aminotransferase,unassigned_stage,curated_family_function,0.563824,0.3942,1.0,1,1,0,not_high_confidence,0,unmapped,unmapped,0.0,,unmapped,,0.85,0.0,0.0,0.73,0.0,0.41000000000000003,17.07963758390394,0.36363636363636365,Aminotransferase_Minimally_Curated_Set.xlsx,real_evidence_plus_model_inference
SAR DEFICIENT 4,SAR DEFICIENT 4,Aminotransferase,unassigned_stage,curated_family_function,0.563824,0.3942,1.0,1,1,0,not_high_confidence,0,unmapped,unmapped,0.0,,unmapped,,0.85,0.0,0.0,0.73,0.0,0.41000000000000003,17.07963758390394,0.36363636363636365,Aminotransferase_Minimally_Curated_Set.xlsx,real_evidence_plus_model_inference
SAR DEFICIENT 4; SAR-DEFICIENT4,SAR DEFICIENT 4; SAR-DEFICIENT4,Aminotransferase,unassigned_stage,curated_family_function,0.563824,0.3942,1.0,1,1,0,not_high_confidence,0,unmapped,unmapped,0.0,,unmapped,,0.85,0.0,0.0,0.73,0.0,0.41000000000000003,17.07963758390394,0.36363636363636365,Aminotransferase_Minimally_Curated_Set.xlsx,real_evidence_plus_model_inference
SYSTEMIC ACQUIRED RESISTANCE-DEFICIENT4,SYSTEMIC ACQUIRED RESISTANCE-DEFICIENT4,Aminotransferase,unassigned_stage,curated_family_function,0.563824,0.3942,1.0,1,1,0,not_high_confidence,0,unmapped,unmapped,0.0,,unmapped,,0.85,0.0,0.0,0.73,0.0,0.41000000000000003,17.07963758390394,0.36363636363636365,Aminotransferase_Minimally_Curated_Set.xlsx,real_evidence_plus_model_inference
serine:glyoxylate aminotransferase,serine:glyoxylate aminotransferase,Aminotransferase,unassigned_stage,curated_family_function,0.563824,0.3942,1.0,1,1,0,not_high_confidence,0,unmapped,unmapped,0.0,,unmapped,,0.85,0.0,0.0,0.73,0.0,0.41000000000000003,17.07963758390394,0.36363636363636365,Aminotransferase_Minimally_Curated_Set.xlsx,real_evidence_plus_model_inference
aspartate-prephenate aminotransferase,aspartate-prephenate aminotransferase,Aminotransferase,unassigned_stage,curated_family_function,0.563824,0.3942,1.0,1,1,0,not_high_confidence,0,unmapped,unmapped,0.0,,unmapped,,0.85,0.0,0.0,0.73,0.0,0.41000000000000003,17.07963758390394,0.36363636363636365,Aminotransferase_Minimally_Curated_Set.xlsx,real_evidence_plus_model_inference
glutamate-prephenate aminotransferase,glutamate-prephenate aminotransferase,Aminotransferase,unassigned_stage,curated_family_function,0.563824,0.3942,1.0,1,1,0,not_high_confidence,0,unmapped,unmapped,0.0,,unmapped,,0.85,0.0,0.0,0.73,0.0,0.41000000000000003,17.07963758390394,0.36363636363636365,Aminotransferase_Minimally_Curated_Set.xlsx,real_evidence_plus_model_inference
putative aminotransferase,putative aminotransferase,Aminotransferase,unassigned_stage,curated_family_function,0.563824,0.3942,1.0,1,1,0,not_high_confidence,0,unmapped,unmapped,0.0,,unmapped,,0.85,0.0,0.0,0.73,0.0,0.41000000000000003,17.07963758390394,0.36363636363636365,Aminotransferase_Minimally_Curated_Set.xlsx,real_evidence_plus_model_inference
Glyoxylate aminotransferase,Glyoxylate aminotransferase,Aminotransferase,unassigned_stage,curated_family_function,0.563824,0.3942,1.0,1,1,0,not_high_confidence,0,unmapped,unmapped,0.0,,unmapped,,0.85,0.0,0.0,0.73,0.0,0.41000000000000003,17.07963758390394,0.36363636363636365,Aminotransferase_Minimally_Curated_Set.xlsx,real_evidence_plus_model_inference
cytosolic aromatic aminotransferase; REVERSAL OF SAV3 PHENOTYPE 1,cytosolic aromatic aminotransferase; REVERSAL OF SAV3 PHENOTYPE 1,Aminotransferase,unassigned_stage,curated_family_function,0.563824,0.3942,1.0,1,1,0,not_high_confidence,0,unmapped,unmapped,0.0,,unmapped,,0.85,0.0,0.0,0.73,0.0,0.41000000000000003,17.07963758390394,0.36363636363636365,Aminotransferase_Minimally_Curated_Set.xlsx,real_evidence_plus_model_inference
Î´-Ornithine Aminotransferase; ornithine aminotransferase,Î´-Ornithine Aminotransferase; ornithine aminotransferase,Aminotransferase,unassigned_stage,curated_family_function,0.563824,0.3942,1.0,1,1,0,not_high_confidence,0,unmapped,unmapped,0.0,,unmapped,,0.85,0.0,0.0,0.73,0.0,0.41000000000000003,17.07963758390394,0.36363636363636365,Aminotransferase_Minimally_Curated_Set.xlsx,real_evidence_plus_model_inference
TRYPTOPHAN AMINOTRANSFERASE OF ARABIDOPSIS1; Tryptophan Aminotransferase of Arabidopsis 1,TRYPTOPHAN AMINOTRANSFERASE OF ARABIDOPSIS1; Tryptophan Aminotransferase of Arabidopsis 1,Aminotransferase,unassigned_stage,curated_family_function,0.563824,0.3942,1.0,1,1,1,core_transition_anchor_plus_atlas_match,1,PSI,photosystem I electron diversion,0.55,bipyridyliums;paraquat/diquat-like redox cyclers,22,sequestration;reduced_translocation;antioxidant_response,0.85,0.0,0.0,0.73,0.0,0.41000000000000003,17.07963758390394,0.36363636363636365,Aminotransferase_Minimally_Curated_Set.xlsx,real_evidence_plus_model_inference
BRANCHED-CHAIN AMINOTRANSFERASE4,BRANCHED-CHAIN AMINOTRANSFERASE4,Aminotransferase,unassigned_stage,curated_family_function,0.563824,0.3942,1.0,1,1,0,not_high_confidence,0,unmapped,unmapped,0.0,,unmapped,,0.85,0.0,0.0,0.73,0.0,0.41000000000000003,17.07963758390394,0.36363636363636365,Aminotransferase_Minimally_Curated_Set.xlsx,real_evidence_plus_model_inference
BRANCHED-CHAIN AMINOTRANSFERASE1,BRANCHED-CHAIN AMINOTRANSFERASE1,Aminotransferase,unassigned_stage,curated_family_function,0.563824,0.3942,1.0,1,1,0,not_high_confidence,0,unmapped,unmapped,0.0,,unmapped,,0.85,0.0,0.0,0.73,0.0,0.41000000000000003,17.07963758390394,0.36363636363636365,Aminotransferase_Minimally_Curated_Set.xlsx,real_evidence_plus_model_inference
BRANCHED-CHAIN AMINOTRANSFERASE2,BRANCHED-CHAIN AMINOTRANSFERASE2,Aminotransferase,unassigned_stage,curated_family_function,0.563824,0.3942,1.0,1,1,0,not_high_confidence,0,unmapped,unmapped,0.0,,unmapped,,0.85,0.0,0.0,0.73,0.0,0.41000000000000003,17.07963758390394,0.36363636363636365,Aminotransferase_Minimally_Curated_Set.xlsx,real_evidence_plus_model_inference
BRANCHED-CHAIN AMINOTRANSFERASE3,BRANCHED-CHAIN AMINOTRANSFERASE3,Aminotransferase,unassigned_stage,curated_family_function,0.563824,0.3942,1.0,1,1,0,not_high_confidence,0,unmapped,unmapped,0.0,,unmapped,,0.85,0.0,0.0,0.73,0.0,0.41000000000000003,17.07963758390394,0.36363636363636365,Aminotransferase_Minimally_Curated_Set.xlsx,real_evidence_plus_model_inference
BRANCHED-CHAIN AMINOTRANSFERASE5,BRANCHED-CHAIN AMINOTRANSFERASE5,Aminotransferase,unassigned_stage,curated_family_function,0.563824,0.3942,1.0,1,1,0,not_high_confidence,0,unmapped,unmapped,0.0,,unmapped,,0.85,0.0,0.0,0.73,0.0,0.41000000000000003,17.07963758390394,0.36363636363636365,Aminotransferase_Minimally_Curated_Set.xlsx,real_evidence_plus_model_inference
BRANCHED-CHAIN AMINOTRANSFERASE6,BRANCHED-CHAIN AMINOTRANSFERASE6,Aminotransferase,unassigned_stage,curated_family_function,0.563824,0.3942,1.0,1,1,0,not_high_confidence,0,unmapped,unmapped,0.0,,unmapped,,0.85,0.0,0.0,0.73,0.0,0.41000000000000003,17.07963758390394,0.36363636363636365,Aminotransferase_Minimally_Curated_Set.xlsx,real_evidence_plus_model_inference
a-N-acetyl-L-ornithine:2-ketoglutarate aminotransferase,a-N-acetyl-L-ornithine:2-ketoglutarate aminotransferase,Aminotransferase,unassigned_stage,curated_family_function,0.563824,0.3942,1.0,1,1,0,not_high_confidence,0,unmapped,unmapped,0.0,,unmapped,,0.85,0.0,0.0,0.73,0.0,0.41000000000000003,17.07963758390394,0.36363636363636365,Aminotransferase_Minimally_Curated_Set.xlsx,real_evidence_plus_model_inference
Aspartate aminotransferase 2; cytosolic aspartate aminotransferase,Aspartate aminotransferase 2; cytosolic aspartate aminotransferase,Aminotransferase,unassigned_stage,curated_family_function,0.563824,0.3942,1.0,1,1,0,not_high_confidence,0,unmapped,unmapped,0.0,,unmapped,,0.85,0.0,0.0,0.73,0.0,0.41000000000000003,17.07963758390394,0.36363636363636365,Aminotransferase_Minimally_Curated_Set.xlsx,real_evidence_plus_model_inference
Aspartate aminotransferase 3; chloroplastic aspartate aminotransferase,Aspartate aminotransferase 3; chloroplastic aspartate aminotransferase,Aminotransferase,unassigned_stage,curated_family_function,0.563824,0.3942,1.0,1,1,0,not_high_confidence,0,unmapped,unmapped,0.0,,unmapped,,0.85,0.0,0.0,0.73,0.0,0.41000000000000003,17.07963758390394,0.36363636363636365,Aminotransferase_Minimally_Curated_Set.xlsx,real_evidence_plus_model_inference
glutamine(amide):a-ketoglutarate aminotransferase (oxidoreductase ferredoxin),glutamine(amide):a-ketoglutarate aminotransferase (oxidoreductase ferredoxin),Aminotransferase,unassigned_stage,curated_family_function,0.563824,0.3942,1.0,1,1,1,core_transition_anchor_plus_atlas_match,1,PSI,photosystem I electron diversion,0.55,bipyridyliums;paraquat/diquat-like redox cyclers,22,sequestration;reduced_translocation;antioxidant_response,0.85,0.0,0.0,0.73,0.0,0.41000000000000003,17.07963758390394,0.36363636363636365,Aminotransferase_Minimally_Curated_Set.xlsx,real_evidence_plus_model_inference
Dethiobiotin Synthetaseâ€“Diaminopelargonic Acid Aminotransferase,Dethiobiotin Synthetaseâ€“Diaminopelargonic Acid Aminotransferase,Aminotransferase,unassigned_stage,curated_family_function,0.563824,0.3942,1.0,1,1,0,not_high_confidence,0,unmapped,unmapped,0.0,,unmapped,,0.85,0.0,0.0,0.73,0.0,0.41000000000000003,17.07963758390394,0.36363636363636365,Aminotransferase_Minimally_Curated_Set.xlsx,real_evidence_plus_model_inference
Aspartate aminotransferase 1; aspartate aminotransferase isozyme 1,Aspartate aminotransferase 1; aspartate aminotransferase isozyme 1,Aminotransferase,unassigned_stage,curated_family_function,0.563824,0.3942,1.0,1,1,0,not_high_confidence,0,unmapped,unmapped,0.0,,unmapped,,0.85,0.0,0.0,0.73,0.0,0.41000000000000003,17.07963758390394,0.36363636363636365,Aminotransferase_Minimally_Curated_Set.xlsx,real_evidence_plus_model_inference
Aspartate aminotransferase 2; aspartate aminotransferase isozyme 2,Aspartate aminotransferase 2; aspartate aminotransferase isozyme 2,Aminotransferase,unassigned_stage,curated_family_function,0.563824,0.3942,1.0,1,1,0,not_high_confidence,0,unmapped,unmapped,0.0,,unmapped,,0.85,0.0,0.0,0.73,0.0,0.41000000000000003,17.07963758390394,0.36363636363636365,Aminotransferase_Minimally_Curated_Set.xlsx,real_evidence_plus_model_inference
Aspartate aminotransferase 3; aspartate aminotransferase isozyme 3,Aspartate aminotransferase 3; aspartate aminotransferase isozyme 3,Aminotransferase,unassigned_stage,curated_family_function,0.563824,0.3942,1.0,1,1,0,not_high_confidence,0,unmapped,unmapped,0.0,,unmapped,,0.85,0.0,0.0,0.73,0.0,0.41000000000000003,17.07963758390394,0.36363636363636365,Aminotransferase_Minimally_Curated_Set.xlsx,real_evidence_plus_model_inference
Tillering and Small Grain 1; tryptophan aminotransferase,Tillering and Small Grain 1; tryptophan aminotransferase,Aminotransferase,unassigned_stage,curated_family_function,0.563824,0.3942,1.0,1,1,0,not_high_confidence,0,unmapped,unmapped,0.0,,unmapped,,0.85,0.0,0.0,0.73,0.0,0.41000000000000003,17.07963758390394,0.36363636363636365,Aminotransferase_Minimally_Curated_Set.xlsx,real_evidence_plus_model_inference
histidinol phosphate aminotransferase,histidinol phosphate aminotransferase,Aminotransferase,unassigned_stage,curated_family_function,0.563824,0.3942,1.0,1,1,0,not_high_confidence,0,unmapped,unmapped,0.0,,unmapped,,0.85,0.0,0.0,0.73,0.0,0.41000000000000003,17.07963758390394,0.36363636363636365,Aminotransferase_Minimally_Curated_Set.xlsx,real_evidence_plus_model_inference
glutamate pyruvate transaminase,glutamate pyruvate transaminase,Aminotransferase,unassigned_stage,curated_family_function,0.563824,0.3942,1.0,1,1,0,not_high_confidence,0,unmapped,unmapped,0.0,,unmapped,,0.85,0.0,0.0,0.73,0.0,0.41000000000000003,17.07963758390394,0.36363636363636365,Aminotransferase_Minimally_Curated_Set.xlsx,real_evidence_plus_model_inference
class I glutamine amidotransferase,class I glutamine amidotransferase,Aminotransferase,unassigned_stage,curated_family_function,0.563824,0.3942,1.0,1,1,0,not_high_confidence,0,unmapped,unmapped,0.0,,unmapped,,0.85,0.0,0.0,0.73,0.0,0.41000000000000003,17.07963758390394,0.36363636363636365,Aminotransferase_Minimally_Curated_Set.xlsx,real_evidence_plus_model_inference
Plant Leaf alanine 2-oxoglutarate aminotransferase,Plant Leaf alanine 2-oxoglutarate aminotransferase,Aminotransferase,unassigned_stage,curated_family_function,0.563824,0.3942,1.0,1,1,0,not_high_confidence,0,unmapped,unmapped,0.0,,unmapped,,0.85,0.0,0.0,0.73,0.0,0.41000000000000003,17.07963758390394,0.36363636363636365,Aminotransferase_Minimally_Curated_Set.xlsx,real_evidence_plus_model_inference
"Tyrosine aminotransferase, mitochondrial","Tyrosine aminotransferase, mitochondrial",Aminotransferase,unassigned_stage,curated_family_function,0.563824,0.3942,1.0,1,1,0,not_high_confidence,0,unmapped,unmapped,0.0,,unmapped,,0.85,0.0,0.0,0.73,0.0,0.41000000000000003,17.07963758390394,0.36363636363636365,Aminotransferase_Minimally_Curated_Set.xlsx,real_evidence_plus_model_inference
a-N-acetyl-ornithine aminotransferase,a-N-acetyl-ornithine aminotransferase,Aminotransferase,unassigned_stage,curated_family_function,0.563824,0.3942,1.0,1,1,0,not_high_confidence,0,unmapped,unmapped,0.0,,unmapped,,0.85,0.0,0.0,0.73,0.0,0.41000000000000003,17.07963758390394,0.36363636363636365,Aminotransferase_Minimally_Curated_Set.xlsx,real_evidence_plus_model_inference
Aberrant Growth and Death2,Aberrant Growth and Death2,Aminotransferase,unassigned_stage,curated_family_function,0.563824,0.3942,1.0,1,1,0,not_high_confidence,0,unmapped,unmapped,0.0,,unmapped,,0.85,0.0,0.0,0.73,0.0,0.41000000000000003,17.07963758390394,0.36363636363636365,Aminotransferase_Minimally_Curated_Set.xlsx,real_evidence_plus_model_inference
Arginase,Arginase,Aminotransferase,unassigned_stage,curated_family_function,0.563824,0.3942,1.0,1,1,0,not_high_confidence,0,unmapped,unmapped,0.0,,unmapped,,0.85,0.0,0.0,0.73,0.0,0.41000000000000003,17.07963758390394,0.36363636363636365,Aminotransferase_Minimally_Curated_Set.xlsx,real_evidence_plus_model_inference
FISH BONE,FISH BONE,Aminotransferase,unassigned_stage,curated_family_function,0.563824,0.3942,1.0,1,1,0,not_high_confidence,0,unmapped,unmapped,0.0,,unmapped,,0.85,0.0,0.0,0.73,0.0,0.41000000000000003,17.07963758390394,0.36363636363636365,Aminotransferase_Minimally_Curated_Set.xlsx,real_evidence_plus_model_inference
Glutamic pyruvic transaminase,Glutamic pyruvic transaminase,Aminotransferase,unassigned_stage,curated_family_function,0.563824,0.3942,1.0,1,1,0,not_high_confidence,0,unmapped,unmapped,0.0,,unmapped,,0.85,0.0,0.0,0.73,0.0,0.41000000000000003,17.07963758390394,0.36363636363636365,Aminotransferase_Minimally_Curated_Set.xlsx,real_evidence_plus_model_inference
Indole Severe Sensitive 1,Indole Severe Sensitive 1,Aminotransferase,unassigned_stage,curated_family_function,0.563824,0.3942,1.0,1,1,0,not_high_confidence,0,unmapped,unmapped,0.0,,unmapped,,0.85,0.0,0.0,0.73,0.0,0.41000000000000003,17.07963758390394,0.36363636363636365,Aminotransferase_Minimally_Curated_Set.xlsx,real_evidence_plus_model_inference
serine:glyoxylate transaminase,serine:glyoxylate transaminase,Aminotransferase,unassigned_stage,curated_family_function,0.563824,0.3942,1.0,1,1,0,not_high_confidence,0,unmapped,unmapped,0.0,,unmapped,,0.85,0.0,0.0,0.73,0.0,0.41000000000000003,17.07963758390394,0.36363636363636365,Aminotransferase_Minimally_Curated_Set.xlsx,real_evidence_plus_model_inference
Aspartate aminotransferase form I,Aspartate aminotransferase form I,Aminotransferase,unassigned_stage,curated_family_function,0.563824,0.3942,1.0,1,1,0,not_high_confidence,0,unmapped,unmapped,0.0,,unmapped,,0.85,0.0,0.0,0.73,0.0,0.41000000000000003,17.07963758390394,0.36363636363636365,Aminotransferase_Minimally_Curated_Set.xlsx,real_evidence_plus_model_inference
TRYPTOPHAN AMINOTRANSFERASE OF ARABIDOPSIS1,TRYPTOPHAN AMINOTRANSFERASE OF ARABIDOPSIS1,Aminotransferase,unassigned_stage,curated_family_function,0.563824,0.3942,1.0,1,1,1,core_transition_anchor_plus_atlas_match,1,PSI,photosystem I electron diversion,0.55,bipyridyliums;paraquat/diquat-like redox cyclers,22,sequestration;reduced_translocation;antioxidant_response,0.85,0.0,0.0,0.73,0.0,0.41000000000000003,17.07963758390394,0.36363636363636365,Aminotransferase_Minimally_Curated_Set.xlsx,real_evidence_plus_model_inference
Aminotransferase ACS10,Aminotransferase ACS10,Aminotransferase,unassigned_stage,curated_family_function,0.563824,0.3942,1.0,1,1,0,not_high_confidence,0,unmapped,unmapped,0.0,,unmapped,,0.85,0.0,0.0,0.73,0.0,0.41000000000000003,17.07963758390394,0.36363636363636365,Aminotransferase_Minimally_Curated_Set.xlsx,real_evidence_plus_model_inference
Aminotransferase ACS12,Aminotransferase ACS12,Aminotransferase,unassigned_stage,curated_family_function,0.563824,0.3942,1.0,1,1,0,not_high_confidence,0,unmapped,unmapped,0.0,,unmapped,,0.85,0.0,0.0,0.73,0.0,0.41000000000000003,17.07963758390394,0.36363636363636365,Aminotransferase_Minimally_Curated_Set.xlsx,real_evidence_plus_model_inference
Glutamine oxoglutarate aminotransferase,Glutamine oxoglutarate aminotransferase,Aminotransferase,unassigned_stage,curated_family_function,0.563824,0.3942,1.0,1,1,0,not_high_confidence,0,unmapped,unmapped,0.0,,unmapped,,0.85,0.0,0.0,0.73,0.0,0.41000000000000003,17.07963758390394,0.36363636363636365,Aminotransferase_Minimally_Curated_Set.xlsx,real_evidence_plus_model_inference
Tryptophan Aminotransferase of Arabidopsis 1;TRYPTOPHAN AMINOTRANSFERASE OF ARABIDOPSIS 1,Tryptophan Aminotransferase of Arabidopsis 1;TRYPTOPHAN AMINOTRANSFERASE OF ARABIDOPSIS 1,Aminotransferase,unassigned_stage,curated_family_function,0.563824,0.3942,1.0,1,1,1,core_transition_anchor_plus_atlas_match,1,PSI,photosystem I electron diversion,0.55,bipyridyliums;paraquat/diquat-like redox cyclers,22,sequestration;reduced_translocation;antioxidant_response,0.85,0.0,0.0,0.73,0.0,0.41000000000000003,17.07963758390394,0.36363636363636365,Aminotransferase_Minimally_Curated_Set.xlsx,real_evidence_plus_model_inference
Tryptophan Aminotransferase Related 2;TRYPTOPHAN AMINOTRANSFERASE RELATED 2,Tryptophan Aminotransferase Related 2;TRYPTOPHAN AMINOTRANSFERASE RELATED 2,Aminotransferase,unassigned_stage,curated_family_function,0.563824,0.3942,1.0,1,1,0,not_high_confidence,0,unmapped,unmapped,0.0,,unmapped,,0.85,0.0,0.0,0.73,0.0,0.41000000000000003,17.07963758390394,0.36363636363636365,Aminotransferase_Minimally_Curated_Set.xlsx,real_evidence_plus_model_inference
TRYPTOPHAN AMINOTRANSFERASE RELATED1,TRYPTOPHAN AMINOTRANSFERASE RELATED1,Aminotransferase,unassigned_stage,curated_family_function,0.563824,0.3942,1.0,1,1,1,core_transition_anchor_plus_atlas_match,1,PSII,"photosystem II electron transport, QB binding protein/site",0.55,triazines;ureas;nitriles;benzothiadiazinones;phenylcarbamates,5/6/7,psbA_target_site_mutation;enhanced_metabolism,0.85,0.0,0.0,0.73,0.0,0.41000000000000003,17.07963758390394,0.36363636363636365,Aminotransferase_Minimally_Curated_Set.xlsx,real_evidence_plus_model_inference
Bifunctional enzyme Dethiobiotin synthetaseâ€“Diaminopelargonic acid aminotransferase,Bifunctional enzyme Dethiobiotin synthetaseâ€“Diaminopelargonic acid aminotransferase,Aminotransferase,unassigned_stage,curated_family_function,0.563824,0.3942,1.0,1,1,0,not_high_confidence,0,unmapped,unmapped,0.0,,unmapped,,0.85,0.0,0.0,0.73,0.0,0.41000000000000003,17.07963758390394,0.36363636363636365,Aminotransferase_Minimally_Curated_Set.xlsx,real_evidence_plus_model_inference
aspartate aminotransferase isozyme 1,aspartate aminotransferase isozyme 1,Aminotransferase,unassigned_stage,curated_family_function,0.563824,0.3942,1.0,1,1,0,not_high_confidence,0,unmapped,unmapped,0.0,,unmapped,,0.85,0.0,0.0,0.73,0.0,0.41000000000000003,17.07963758390394,0.36363636363636365,Aminotransferase_Minimally_Curated_Set.xlsx,real_evidence_plus_model_inference
TRYPTOPHAN AMINOTRANSFERASE RELATED2,TRYPTOPHAN AMINOTRANSFERASE RELATED2,Aminotransferase,unassigned_stage,curated_family_function,0.563824,0.3942,1.0,1,1,0,not_high_confidence,0,unmapped,unmapped,0.0,,unmapped,,0.85,0.0,0.0,0.73,0.0,0.41000000000000003,17.07963758390394,0.36363636363636365,Aminotransferase_Minimally_Curated_Set.xlsx,real_evidence_plus_model_inference
L-serine: glyoxylate aminotransferase,L-serine: glyoxylate aminotransferase,Aminotransferase,unassigned_stage,curated_family_function,0.563824,0.3942,1.0,1,1,0,not_high_confidence,0,unmapped,unmapped,0.0,,unmapped,,0.85,0.0,0.0,0.73,0.0,0.41000000000000003,17.07963758390394,0.36363636363636365,Aminotransferase_Minimally_Curated_Set.xlsx,real_evidence_plus_model_inference
Glutamine 2-oxoglutarate aminotransferase,Glutamine 2-oxoglutarate aminotransferase,Aminotransferase,unassigned_stage,curated_family_function,0.563824,0.3942,1.0,1,1,0,not_high_confidence,0,unmapped,unmapped,0.0,,unmapped,,0.85,0.0,0.0,0.73,0.0,0.41000000000000003,17.07963758390394,0.36363636363636365,Aminotransferase_Minimally_Curated_Set.xlsx,real_evidence_plus_model_inference
Methionine:Glyoxylate Aminotransferase,Methionine:Glyoxylate Aminotransferase,Aminotransferase,unassigned_stage,curated_family_function,0.563824,0.3942,1.0,1,1,0,not_high_confidence,0,unmapped,unmapped,0.0,,unmapped,,0.85,0.0,0.0,0.73,0.0,0.41000000000000003,17.07963758390394,0.36363636363636365,Aminotransferase_Minimally_Curated_Set.xlsx,real_evidence_plus_model_inference
NADH-dependent glutamate 2-oxoglutarate aminotransferase,NADH-dependent glutamate 2-oxoglutarate aminotransferase,Aminotransferase,unassigned_stage,curated_family_function,0.563824,0.3942,1.0,1,1,0,not_high_confidence,0,unmapped,unmapped,0.0,,unmapped,,0.85,0.0,0.0,0.73,0.0,0.41000000000000003,17.07963758390394,0.36363636363636365,Aminotransferase_Minimally_Curated_Set.xlsx,real_evidence_plus_model_inference
5-phosphoribosylpyrophosphate amidotransferase,5-phosphoribosylpyrophosphate amidotransferase,Aminotransferase,unassigned_stage,curated_family_function,0.563824,0.3942,1.0,1,1,0,not_high_confidence,0,unmapped,unmapped,0.0,,unmapped,,0.85,0.0,0.0,0.73,0.0,0.41000000000000003,17.07963758390394,0.36363636363636365,Aminotransferase_Minimally_Curated_Set.xlsx,real_evidence_plus_model_inference
glutamine-2-oxoglutarate aminotransferase,glutamine-2-oxoglutarate aminotransferase,Aminotransferase,unassigned_stage,curated_family_function,0.563824,0.3942,1.0,1,1,0,not_high_confidence,0,unmapped,unmapped,0.0,,unmapped,,0.85,0.0,0.0,0.73,0.0,0.41000000000000003,17.07963758390394,0.36363636363636365,Aminotransferase_Minimally_Curated_Set.xlsx,real_evidence_plus_model_inference
serine hydroxymethyl transferase,serine hydroxymethyl transferase,Aminotransferase,unassigned_stage,curated_family_function,0.563824,0.3942,1.0,1,1,0,not_high_confidence,0,unmapped,unmapped,0.0,,unmapped,,0.85,0.0,0.0,0.73,0.0,0.41000000000000003,17.07963758390394,0.36363636363636365,Aminotransferase_Minimally_Curated_Set.xlsx,real_evidence_plus_model_inference
aromatic amino-acid aminotransferase,aromatic amino-acid aminotransferase,Aminotransferase,unassigned_stage,curated_family_function,0.563824,0.3942,1.0,1,1,0,not_high_confidence,0,unmapped,unmapped,0.0,,unmapped,,0.85,0.0,0.0,0.73,0.0,0.41000000000000003,17.07963758390394,0.36363636363636365,Aminotransferase_Minimally_Curated_Set.xlsx,real_evidence_plus_model_inference
Alanine aminotransferase; Alanine aminotransferase 2,Alanine aminotransferase; Alanine aminotransferase 2,Aminotransferase,unassigned_stage,curated_family_function,0.563824,0.3942,1.0,1,1,0,not_high_confidence,0,unmapped,unmapped,0.0,,unmapped,,0.85,0.0,0.0,0.73,0.0,0.41000000000000003,17.07963758390394,0.36363636363636365,Aminotransferase_Minimally_Curated_Set.xlsx,real_evidence_plus_model_inference
Glutamate:glyoxylate aminotransferase; Glutamate:glyoxylate aminotransferase 1,Glutamate:glyoxylate aminotransferase; Glutamate:glyoxylate aminotransferase 1,Aminotransferase,unassigned_stage,curated_family_function,0.563824,0.3942,1.0,1,1,0,not_high_confidence,0,unmapped,unmapped,0.0,,unmapped,,0.85,0.0,0.0,0.73,0.0,0.41000000000000003,17.07963758390394,0.36363636363636365,Aminotransferase_Minimally_Curated_Set.xlsx,real_evidence_plus_model_inference
Ornithine-d-aminotransferase (d-OAT); Orn-d-aminotransferase,Ornithine-d-aminotransferase (d-OAT); Orn-d-aminotransferase,Aminotransferase,unassigned_stage,curated_family_function,0.563824,0.3942,1.0,1,1,0,not_high_confidence,0,unmapped,unmapped,0.0,,unmapped,,0.85,0.0,0.0,0.73,0.0,0.41000000000000003,17.07963758390394,0.36363636363636365,Aminotransferase_Minimally_Curated_Set.xlsx,real_evidence_plus_model_inference
Arabidopsis aminotransferase,Arabidopsis aminotransferase,Aminotransferase,unassigned_stage,curated_family_function,0.563824,0.3942,1.0,1,1,1,core_transition_anchor_plus_atlas_match,1,PSI,photosystem I electron diversion,0.55,bipyridyliums;paraquat/diquat-like redox cyclers,22,sequestration;reduced_translocation;antioxidant_response,0.85,0.0,0.0,0.73,0.0,0.41000000000000003,17.07963758390394,0.36363636363636365,Aminotransferase_Minimally_Curated_Set.xlsx,real_evidence_plus_model_inference
Ala glyoxylate aminotransferase,Ala glyoxylate aminotransferase,Aminotransferase,unassigned_stage,curated_family_function,0.563824,0.3942,1.0,1,1,0,not_high_confidence,0,unmapped,unmapped,0.0,,unmapped,,0.85,0.0,0.0,0.73,0.0,0.41000000000000003,17.07963758390394,0.36363636363636365,Aminotransferase_Minimally_Curated_Set.xlsx,real_evidence_plus_model_inference
Alanine:a-Ketoglutarate Aminotransferase,Alanine:a-Ketoglutarate Aminotransferase,Aminotransferase,unassigned_stage,curated_family_function,0.563824,0.3942,1.0,1,1,0,not_high_confidence,0,unmapped,unmapped,0.0,,unmapped,,0.85,0.0,0.0,0.73,0.0,0.41000000000000003,17.07963758390394,0.36363636363636365,Aminotransferase_Minimally_Curated_Set.xlsx,real_evidence_plus_model_inference
Ornithine Aminotransferase;ornithine aminotransferase,Ornithine Aminotransferase;ornithine aminotransferase,Aminotransferase,unassigned_stage,curated_family_function,0.563824,0.3942,1.0,1,1,0,not_high_confidence,0,unmapped,unmapped,0.0,,unmapped,,0.85,0.0,0.0,0.73,0.0,0.41000000000000003,17.07963758390394,0.36363636363636365,Aminotransferase_Minimally_Curated_Set.xlsx,real_evidence_plus_model_inference
ornithine-d-aminotransferase,ornithine-d-aminotransferase,Aminotransferase,unassigned_stage,curated_family_function,0.563824,0.3942,1.0,1,1,0,not_high_confidence,0,unmapped,unmapped,0.0,,unmapped,,0.85,0.0,0.0,0.73,0.0,0.41000000000000003,17.07963758390394,0.36363636363636365,Aminotransferase_Minimally_Curated_Set.xlsx,real_evidence_plus_model_inference
Rosa 'Yves Piaget' aromatic amino acid aminotransferase 3,Rosa 'Yves Piaget' aromatic amino acid aminotransferase 3,Aminotransferase,unassigned_stage,curated_family_function,0.563824,0.3942,1.0,1,1,0,not_high_confidence,0,unmapped,unmapped,0.0,,unmapped,,0.85,0.0,0.0,0.73,0.0,0.41000000000000003,17.07963758390394,0.36363636363636365,Aminotransferase_Minimally_Curated_Set.xlsx,real_evidence_plus_model_inference
22-hydroxycholesterol-26-al transaminase,22-hydroxycholesterol-26-al transaminase,Aminotransferase,unassigned_stage,curated_family_function,0.563824,0.3942,1.0,1,1,0,not_high_confidence,0,unmapped,unmapped,0.0,,unmapped,,0.85,0.0,0.0,0.73,0.0,0.41000000000000003,17.07963758390394,0.36363636363636365,Aminotransferase_Minimally_Curated_Set.xlsx,real_evidence_plus_model_inference
Glutamate-oxalacetate transaminase,Glutamate-oxalacetate transaminase,Aminotransferase,unassigned_stage,curated_family_function,0.563824,0.3942,1.0,1,1,0,not_high_confidence,0,unmapped,unmapped,0.0,,unmapped,,0.85,0.0,0.0,0.73,0.0,0.41000000000000003,17.07963758390394,0.36363636363636365,Aminotransferase_Minimally_Curated_Set.xlsx,real_evidence_plus_model_inference
Putative Î³-aminobutyrate aminotransferase; putative gamma-aminobutyrate aminotransferase,Putative Î³-aminobutyrate aminotransferase; putative gamma-aminobutyrate aminotransferase,Aminotransferase,unassigned_stage,curated_family_function,0.563824,0.3942,1.0,1,1,0,not_high_confidence,0,unmapped,unmapped,0.0,,unmapped,,0.85,0.0,0.0,0.73,0.0,0.41000000000000003,17.07963758390394,0.36363636363636365,Aminotransferase_Minimally_Curated_Set.xlsx,real_evidence_plus_model_inference
Putative Î³-aminobutyrate aminotransferase,Putative Î³-aminobutyrate aminotransferase,Aminotransferase,unassigned_stage,curated_family_function,0.563824,0.3942,1.0,1,1,0,not_high_confidence,0,unmapped,unmapped,0.0,,unmapped,,0.85,0.0,0.0,0.73,0.0,0.41000000000000003,17.07963758390394,0.36363636363636365,Aminotransferase_Minimally_Curated_Set.xlsx,real_evidence_plus_model_inference
Glutamic Oxaloacetic Transaminase,Glutamic Oxaloacetic Transaminase,Aminotransferase,unassigned_stage,curated_family_function,0.563824,0.3942,1.0,1,1,0,not_high_confidence,0,unmapped,unmapped,0.0,,unmapped,,0.85,0.0,0.0,0.73,0.0,0.41000000000000003,17.07963758390394,0.36363636363636365,Aminotransferase_Minimally_Curated_Set.xlsx,real_evidence_plus_model_inference
L-asp-a-ketoglutarate aminotransferase,L-asp-a-ketoglutarate aminotransferase,Aminotransferase,unassigned_stage,curated_family_function,0.563824,0.3942,1.0,1,1,0,not_high_confidence,0,unmapped,unmapped,0.0,,unmapped,,0.85,0.0,0.0,0.73,0.0,0.41000000000000003,17.07963758390394,0.36363636363636365,Aminotransferase_Minimally_Curated_Set.xlsx,real_evidence_plus_model_inference
Glutamate semialdehyde aminotransferase,Glutamate semialdehyde aminotransferase,Aminotransferase,unassigned_stage,curated_family_function,0.563824,0.3942,1.0,1,1,0,not_high_confidence,0,unmapped,unmapped,0.0,,unmapped,,0.85,0.0,0.0,0.73,0.0,0.41000000000000003,17.07963758390394,0.36363636363636365,Aminotransferase_Minimally_Curated_Set.xlsx,real_evidence_plus_model_inference
Nicotianamine aminotransferase; nicotianamine aminotransferase A,Nicotianamine aminotransferase; nicotianamine aminotransferase A,Aminotransferase,unassigned_stage,curated_family_function,0.563824,0.3942,1.0,1,1,0,not_high_confidence,0,unmapped,unmapped,0.0,,unmapped,,0.85,0.0,0.0,0.73,0.0,0.41000000000000003,17.07963758390394,0.36363636363636365,Aminotransferase_Minimally_Curated_Set.xlsx,real_evidence_plus_model_inference
4-aminobutyrate aminotransferase,4-aminobutyrate aminotransferase,Aminotransferase,unassigned_stage,curated_family_function,0.563824,0.3942,1.0,1,1,0,not_high_confidence,0,unmapped,unmapped,0.0,,unmapped,,0.85,0.0,0.0,0.73,0.0,0.41000000000000003,17.07963758390394,0.36363636363636365,Aminotransferase_Minimally_Curated_Set.xlsx,real_evidence_plus_model_inference
Bile acid aminotransferase,Bile acid aminotransferase,Aminotransferase,unassigned_stage,curated_family_function,0.563824,0.3942,1.0,1,1,0,not_high_confidence,0,unmapped,unmapped,0.0,,unmapped,,0.85,0.0,0.0,0.73,0.0,0.41000000000000003,17.07963758390394,0.36363636363636365,Aminotransferase_Minimally_Curated_Set.xlsx,real_evidence_plus_model_inference
TRYPTOPHAN AMINOTRANSFERASE OF PHYSCOMITRELLA A,TRYPTOPHAN AMINOTRANSFERASE OF PHYSCOMITRELLA A,Aminotransferase,unassigned_stage,curated_family_function,0.563824,0.3942,1.0,1,1,0,not_high_confidence,0,unmapped,unmapped,0.0,,unmapped,,0.85,0.0,0.0,0.73,0.0,0.41000000000000003,17.07963758390394,0.36363636363636365,Aminotransferase_Minimally_Curated_Set.xlsx,real_evidence_plus_model_inference
glutamate oxaloacetate aminotransferase,glutamate oxaloacetate aminotransferase,Aminotransferase,unassigned_stage,curated_family_function,0.563824,0.3942,1.0,1,1,0,not_high_confidence,0,unmapped,unmapped,0.0,,unmapped,,0.85,0.0,0.0,0.73,0.0,0.41000000000000003,17.07963758390394,0.36363636363636365,Aminotransferase_Minimally_Curated_Set.xlsx,real_evidence_plus_model_inference
TRYPTOPHAN AMINOTRANSFERASE RELATED3,TRYPTOPHAN AMINOTRANSFERASE RELATED3,Aminotransferase,unassigned_stage,curated_family_function,0.563824,0.3942,1.0,1,1,0,not_high_confidence,0,unmapped,unmapped,0.0,,unmapped,,0.85,0.0,0.0,0.73,0.0,0.41000000000000003,17.07963758390394,0.36363636363636365,Aminotransferase_Minimally_Curated_Set.xlsx,real_evidence_plus_model_inference
L-glutamate: glyoxylate aminotransferase,L-glutamate: glyoxylate aminotransferase,Aminotransferase,unassigned_stage,curated_family_function,0.563824,0.3942,1.0,1,1,0,not_high_confidence,0,unmapped,unmapped,0.0,,unmapped,,0.85,0.0,0.0,0.73,0.0,0.41000000000000003,17.07963758390394,0.36363636363636365,Aminotransferase_Minimally_Curated_Set.xlsx,real_evidence_plus_model_inference
Î³-aminobutyrate aminotransferase 1,Î³-aminobutyrate aminotransferase 1,Aminotransferase,unassigned_stage,curated_family_function,0.563824,0.3942,1.0,1,1,0,not_high_confidence,0,unmapped,unmapped,0.0,,unmapped,,0.85,0.0,0.0,0.73,0.0,0.41000000000000003,17.07963758390394,0.36363636363636365,Aminotransferase_Minimally_Curated_Set.xlsx,real_evidence_plus_model_inference
D-amino acid aminotransferase,D-amino acid aminotransferase,Aminotransferase,unassigned_stage,curated_family_function,0.563824,0.3942,1.0,1,1,0,not_high_confidence,0,unmapped,unmapped,0.0,,unmapped,,0.85,0.0,0.0,0.73,0.0,0.41000000000000003,17.07963758390394,0.36363636363636365,Aminotransferase_Minimally_Curated_Set.xlsx,real_evidence_plus_model_inference
Arabidopsis branched-chain aminotransferase 3,Arabidopsis branched-chain aminotransferase 3,Aminotransferase,unassigned_stage,curated_family_function,0.563824,0.3942,1.0,1,1,1,core_transition_anchor_plus_atlas_match,1,PSI,photosystem I electron diversion,0.55,bipyridyliums;paraquat/diquat-like redox cyclers,22,sequestration;reduced_translocation;antioxidant_response,0.85,0.0,0.0,0.73,0.0,0.41000000000000003,17.07963758390394,0.36363636363636365,Aminotransferase_Minimally_Curated_Set.xlsx,real_evidence_plus_model_inference
recombinant putative aminotransferase,recombinant putative aminotransferase,Aminotransferase,unassigned_stage,curated_family_function,0.563824,0.3942,1.0,1,1,0,not_high_confidence,0,unmapped,unmapped,0.0,,unmapped,,0.85,0.0,0.0,0.73,0.0,0.41000000000000003,17.07963758390394,0.36363636363636365,Aminotransferase_Minimally_Curated_Set.xlsx,real_evidence_plus_model_inference
Prephenate Aminotransferase from Arabidopsis thaliana,Prephenate Aminotransferase from Arabidopsis thaliana,Aminotransferase,unassigned_stage,curated_family_function,0.563824,0.3942,1.0,1,1,1,core_transition_anchor_plus_atlas_match,1,PSI,photosystem I electron diversion,0.55,bipyridyliums;paraquat/diquat-like redox cyclers,22,sequestration;reduced_translocation;antioxidant_response,0.85,0.0,0.0,0.73,0.0,0.41000000000000003,17.07963758390394,0.36363636363636365,Aminotransferase_Minimally_Curated_Set.xlsx,real_evidence_plus_model_inference
indole-3-pyruvic acid aminotransferase,indole-3-pyruvic acid aminotransferase,Aminotransferase,unassigned_stage,curated_family_function,0.563824,0.3942,1.0,1,1,0,not_high_confidence,0,unmapped,unmapped,0.0,,unmapped,,0.85,0.0,0.0,0.73,0.0,0.41000000000000003,17.07963758390394,0.36363636363636365,Aminotransferase_Minimally_Curated_Set.xlsx,real_evidence_plus_model_inference
Prokaryote-type Aspartate Aminotransferase,Prokaryote-type Aspartate Aminotransferase,Aminotransferase,unassigned_stage,curated_family_function,0.563824,0.3942,1.0,1,1,0,not_high_confidence,0,unmapped,unmapped,0.0,,unmapped,,0.85,0.0,0.0,0.73,0.0,0.41000000000000003,17.07963758390394,0.36363636363636365,Aminotransferase_Minimally_Curated_Set.xlsx,real_evidence_plus_model_inference
Petunia hybrida tryptophan aminotransferase,Petunia hybrida tryptophan aminotransferase,Aminotransferase,unassigned_stage,curated_family_function,0.563824,0.3942,1.0,1,1,0,not_high_confidence,0,unmapped,unmapped,0.0,,unmapped,,0.85,0.0,0.0,0.73,0.0,0.41000000000000003,17.07963758390394,0.36363636363636365,Aminotransferase_Minimally_Curated_Set.xlsx,real_evidence_plus_model_inference
Capsicum annuum alanine aminotransferase 1,Capsicum annuum alanine aminotransferase 1,Aminotransferase,unassigned_stage,curated_family_function,0.563824,0.3942,1.0,1,1,1,core_transition_anchor_plus_atlas_match,1,PSI,photosystem I electron diversion,0.55,bipyridyliums;paraquat/diquat-like redox cyclers,22,sequestration;reduced_translocation;antioxidant_response,0.85,0.0,0.0,0.73,0.0,0.41000000000000003,17.07963758390394,0.36363636363636365,Aminotransferase_Minimally_Curated_Set.xlsx,real_evidence_plus_model_inference
Spermidine Hydroxycinnamoyl Transferase-Like Protein 1,Spermidine Hydroxycinnamoyl Transferase-Like Protein 1,BAHD acyltransferase,specialized_metabolism,curated_family_function,0.5638143308956455,0.3942,0.9999654674844483,1,1,0,not_high_confidence,1,CYP450 detoxification,cytochrome P450 herbicide metabolism and specialized metabolism,0.1,p450_inhibitors;synergist_candidates,detoxification_modifier,metabolic_resistance;cross_resistance,0.85,0.0,0.0,0.73,0.0,0.41000000000000003,11.64849436452279,0.9090909090909092,BAHD_acyltransferase_Minimally_Curated_Set.xlsx,real_evidence_plus_model_inference
hydroxycinnamoyl-CoA:quinate hydroxycinnamoyl transferase,hydroxycinnamoyl-CoA:quinate hydroxycinnamoyl transferase,BAHD acyltransferase,specialized_metabolism,curated_family_function,0.5638143308956455,0.3942,0.9999654674844483,1,1,0,not_high_confidence,1,CYP450 detoxification,cytochrome P450 herbicide metabolism and specialized metabolism,0.1,p450_inhibitors;synergist_candidates,detoxification_modifier,metabolic_resistance;cross_resistance,0.85,0.0,0.0,0.73,0.0,0.41000000000000003,11.64849436452279,0.9090909090909092,BAHD_acyltransferase_Minimally_Curated_Set.xlsx,real_evidence_plus_model_inference
cytochrome P450,cytochrome P450,Cytochrome P450,specialized_metabolism,detoxification_secondary_metabolism,0.5638143308956455,0.3942,0.9999654674844483,1,1,1,core_transition_anchor_plus_atlas_match,1,CYP450 detoxification,cytochrome P450 herbicide metabolism and specialized metabolism,1.0,p450_inhibitors;synergist_candidates,detoxification_modifier,metabolic_resistance;cross_resistance,0.85,0.0,0.0,0.73,0.0,0.41000000000000003,11.64849436452279,0.9090909090909092,curated_families,real_evidence_plus_model_inference
UDP glycosyltransferase,UDP glycosyltransferase,UDP glycosyltransferase,specialized_metabolism,glycosylation_detoxification,0.5638143308956455,0.3942,0.9999654674844483,1,1,0,not_high_confidence,1,CYP450 detoxification,cytochrome P450 herbicide metabolism and specialized metabolism,0.1,p450_inhibitors;synergist_candidates,detoxification_modifier,metabolic_resistance;cross_resistance,0.85,0.0,0.0,0.73,0.0,0.41000000000000003,11.64849436452279,0.9090909090909092,curated_families,real_evidence_plus_model_inference
4-hydroxycinnamoyl-CoA:shikimic acid hydroxycinnamoyl transferase 1,4-hydroxycinnamoyl-CoA:shikimic acid hydroxycinnamoyl transferase 1,BAHD acyltransferase,specialized_metabolism,curated_family_function,0.5638143308956455,0.3942,0.9999654674844483,1,1,0,not_high_confidence,1,CYP450 detoxification,cytochrome P450 herbicide metabolism and specialized metabolism,0.1,p450_inhibitors;synergist_candidates,detoxification_modifier,metabolic_resistance;cross_resistance,0.85,0.0,0.0,0.73,0.0,0.41000000000000003,11.64849436452279,0.9090909090909092,BAHD_acyltransferase_Minimally_Curated_Set.xlsx,real_evidence_plus_model_inference
"hydroxycinnamoyl-CoA:anthocyanidin 3,5-diglucoside 5-O-glucoside-6â€'-O-hydroxycinnamoyltransferase","hydroxycinnamoyl-CoA:anthocyanidin 3,5-diglucoside 5-O-glucoside-6â€'-O-hydroxycinnamoyltransferase",BAHD acyltransferase,specialized_metabolism,curated_family_function,0.5638143308956455,0.3942,0.9999654674844483,1,1,0,not_high_confidence,1,CYP450 detoxification,cytochrome P450 herbicide metabolism and specialized metabolism,0.1,p450_inhibitors;synergist_candidates,detoxification_modifier,metabolic_resistance;cross_resistance,0.85,0.0,0.0,0.73,0.0,0.41000000000000003,11.64849436452279,0.9090909090909092,BAHD_acyltransferase_Minimally_Curated_Set.xlsx,real_evidence_plus_model_inference
anthranilate N-hydroxycinnamoyl/benzoyltransferase,anthranilate N-hydroxycinnamoyl/benzoyltransferase,BAHD acyltransferase,specialized_metabolism,curated_family_function,0.5638143308956455,0.3942,0.9999654674844483,1,1,0,not_high_confidence,1,CYP450 detoxification,cytochrome P450 herbicide metabolism and specialized metabolism,0.1,p450_inhibitors;synergist_candidates,detoxification_modifier,metabolic_resistance;cross_resistance,0.85,0.0,0.0,0.73,0.0,0.41000000000000003,11.64849436452279,0.9090909090909092,BAHD_acyltransferase_Minimally_Curated_Set.xlsx,real_evidence_plus_model_inference
GLYCOALKALOID METABOLISM 36; GLYCOALKALOID METABOLISM36,GLYCOALKALOID METABOLISM 36; GLYCOALKALOID METABOLISM36,BAHD acyltransferase,specialized_metabolism,curated_family_function,0.5638143308956455,0.3942,0.9999654674844483,1,1,0,not_high_confidence,1,CYP450 detoxification,cytochrome P450 herbicide metabolism and specialized metabolism,0.1,p450_inhibitors;synergist_candidates,detoxification_modifier,metabolic_resistance;cross_resistance,0.85,0.0,0.0,0.73,0.0,0.41000000000000003,11.64849436452279,0.9090909090909092,BAHD_acyltransferase_Minimally_Curated_Set.xlsx,real_evidence_plus_model_inference
sinapoylglucose:choline sinapoyltransferase,sinapoylglucose:choline sinapoyltransferase,BAHD acyltransferase,specialized_metabolism,curated_family_function,0.5638143308956455,0.3942,0.9999654674844483,1,1,0,not_high_confidence,1,CYP450 detoxification,cytochrome P450 herbicide metabolism and specialized metabolism,0.1,p450_inhibitors;synergist_candidates,detoxification_modifier,metabolic_resistance;cross_resistance,0.85,0.0,0.0,0.73,0.0,0.41000000000000003,11.64849436452279,0.9090909090909092,BAHD_acyltransferase_Minimally_Curated_Set.xlsx,real_evidence_plus_model_inference
hydroxycinnamoyl-CoA:tyramine N-(hydroxycinnamoyl)transferase,hydroxycinnamoyl-CoA:tyramine N-(hydroxycinnamoyl)transferase,BAHD acyltransferase,specialized_metabolism,curated_family_function,0.5638143308956455,0.3942,0.9999654674844483,1,1,0,not_high_confidence,1,CYP450 detoxification,cytochrome P450 herbicide metabolism and specialized metabolism,0.1,p450_inhibitors;synergist_candidates,detoxification_modifier,metabolic_resistance;cross_resistance,0.85,0.0,0.0,0.73,0.0,0.41000000000000003,11.64849436452279,0.9090909090909092,BAHD_acyltransferase_Minimally_Curated_Set.xlsx,real_evidence_plus_model_inference
Alcohol Acyl Transferase 1,Alcohol Acyl Transferase 1,BAHD acyltransferase,specialized_metabolism,curated_family_function,0.5638143308956455,0.3942,0.9999654674844483,1,1,0,not_high_confidence,1,CYP450 detoxification,cytochrome P450 herbicide metabolism and specialized metabolism,0.1,p450_inhibitors;synergist_candidates,detoxification_modifier,metabolic_resistance;cross_resistance,0.85,0.0,0.0,0.73,0.0,0.41000000000000003,11.64849436452279,0.9090909090909092,BAHD_acyltransferase_Minimally_Curated_Set.xlsx,real_evidence_plus_model_inference
hydroxycinnamoyl-CoA:L-DOPA hydroxycinnamoyl transferase,hydroxycinnamoyl-CoA:L-DOPA hydroxycinnamoyl transferase,BAHD acyltransferase,specialized_metabolism,curated_family_function,0.5638143308956455,0.3942,0.9999654674844483,1,1,0,not_high_confidence,1,CYP450 detoxification,cytochrome P450 herbicide metabolism and specialized metabolism,0.1,p450_inhibitors;synergist_candidates,detoxification_modifier,metabolic_resistance;cross_resistance,0.85,0.0,0.0,0.73,0.0,0.41000000000000003,11.64849436452279,0.9090909090909092,BAHD_acyltransferase_Minimally_Curated_Set.xlsx,real_evidence_plus_model_inference
anthocyanin 5-O-acyltransferase,anthocyanin 5-O-acyltransferase,BAHD acyltransferase,specialized_metabolism,curated_family_function,0.5638143308956455,0.3942,0.9999654674844483,1,1,0,not_high_confidence,1,CYP450 detoxification,cytochrome P450 herbicide metabolism and specialized metabolism,0.1,p450_inhibitors;synergist_candidates,detoxification_modifier,metabolic_resistance;cross_resistance,0.85,0.0,0.0,0.73,0.0,0.41000000000000003,11.64849436452279,0.9090909090909092,BAHD_acyltransferase_Minimally_Curated_Set.xlsx,real_evidence_plus_model_inference
hydroxycinnamoyl-CoA:anthocyanin 5-glucoside-6â€²â€²â€²-O-hydroxycinnamoyltransferase,hydroxycinnamoyl-CoA:anthocyanin 5-glucoside-6â€²â€²â€²-O-hydroxycinnamoyltransferase,BAHD acyltransferase,specialized_metabolism,curated_family_function,0.5638143308956455,0.3942,0.9999654674844483,1,1,0,not_high_confidence,1,CYP450 detoxification,cytochrome P450 herbicide metabolism and specialized metabolism,0.1,p450_inhibitors;synergist_candidates,detoxification_modifier,metabolic_resistance;cross_resistance,0.85,0.0,0.0,0.73,0.0,0.41000000000000003,11.64849436452279,0.9090909090909092,BAHD_acyltransferase_Minimally_Curated_Set.xlsx,real_evidence_plus_model_inference
hydroxycinnamoyl transferase,hydroxycinnamoyl transferase,BAHD acyltransferase,specialized_metabolism,curated_family_function,0.5638143308956455,0.3942,0.9999654674844483,1,1,0,not_high_confidence,1,CYP450 detoxification,cytochrome P450 herbicide metabolism and specialized metabolism,0.1,p450_inhibitors;synergist_candidates,detoxification_modifier,metabolic_resistance;cross_resistance,0.85,0.0,0.0,0.73,0.0,0.41000000000000003,11.64849436452279,0.9090909090909092,BAHD_acyltransferase_Minimally_Curated_Set.xlsx,real_evidence_plus_model_inference
"hydroxycinnamoyl-CoA:L-3,4-dihydroxyphenylalanine (L-DOPA) hydroxycinnamoyl transferase","hydroxycinnamoyl-CoA:L-3,4-dihydroxyphenylalanine (L-DOPA) hydroxycinnamoyl transferase",BAHD acyltransferase,specialized_metabolism,curated_family_function,0.5638143308956455,0.3942,0.9999654674844483,1,1,0,not_high_confidence,1,CYP450 detoxification,cytochrome P450 herbicide metabolism and specialized metabolism,0.1,p450_inhibitors;synergist_candidates,detoxification_modifier,metabolic_resistance;cross_resistance,0.85,0.0,0.0,0.73,0.0,0.41000000000000003,11.64849436452279,0.9090909090909092,BAHD_acyltransferase_Minimally_Curated_Set.xlsx,real_evidence_plus_model_inference
Hydroxycinnamoyl-Coenzyme A:malate Hydroxycinnamoyl Transferase,Hydroxycinnamoyl-Coenzyme A:malate Hydroxycinnamoyl Transferase,BAHD acyltransferase,specialized_metabolism,curated_family_function,0.5638143308956455,0.3942,0.9999654674844483,1,1,0,not_high_confidence,1,CYP450 detoxification,cytochrome P450 herbicide metabolism and specialized metabolism,0.1,p450_inhibitors;synergist_candidates,detoxification_modifier,metabolic_resistance;cross_resistance,0.85,0.0,0.0,0.73,0.0,0.41000000000000003,11.64849436452279,0.9090909090909092,BAHD_acyltransferase_Minimally_Curated_Set.xlsx,real_evidence_plus_model_inference
trichome-specific acylsugar acyltransferase 1,trichome-specific acylsugar acyltransferase 1,BAHD acyltransferase,specialized_metabolism,curated_family_function,0.5638143308956455,0.3942,0.9999654674844483,1,1,0,not_high_confidence,1,CYP450 detoxification,cytochrome P450 herbicide metabolism and specialized metabolism,0.1,p450_inhibitors;synergist_candidates,detoxification_modifier,metabolic_resistance;cross_resistance,0.85,0.0,0.0,0.73,0.0,0.41000000000000003,11.64849436452279,0.9090909090909092,BAHD_acyltransferase_Minimally_Curated_Set.xlsx,real_evidence_plus_model_inference
Putrescine hydroxycinnamoyl acyltransferase 3,Putrescine hydroxycinnamoyl acyltransferase 3,BAHD acyltransferase,specialized_metabolism,curated_family_function,0.5638143308956455,0.3942,0.9999654674844483,1,1,0,not_high_confidence,1,CYP450 detoxification,cytochrome P450 herbicide metabolism and specialized metabolism,0.1,p450_inhibitors;synergist_candidates,detoxification_modifier,metabolic_resistance;cross_resistance,0.85,0.0,0.0,0.73,0.0,0.41000000000000003,11.64849436452279,0.9090909090909092,BAHD_acyltransferase_Minimally_Curated_Set.xlsx,real_evidence_plus_model_inference
hydroxycinnamoyl/benzoyl-CoA/anthranilate N-hydroxycinnamoyl/benzoyltransferase,hydroxycinnamoyl/benzoyl-CoA/anthranilate N-hydroxycinnamoyl/benzoyltransferase,BAHD acyltransferase,specialized_metabolism,curated_family_function,0.5638143308956455,0.3942,0.9999654674844483,1,1,0,not_high_confidence,1,CYP450 detoxification,cytochrome P450 herbicide metabolism and specialized metabolism,0.1,p450_inhibitors;synergist_candidates,detoxification_modifier,metabolic_resistance;cross_resistance,0.85,0.0,0.0,0.73,0.0,0.41000000000000003,11.64849436452279,0.9090909090909092,BAHD_acyltransferase_Minimally_Curated_Set.xlsx,real_evidence_plus_model_inference
benzoyl-CoA: benzyl alcohol O-benzoyltransferase,benzoyl-CoA: benzyl alcohol O-benzoyltransferase,BAHD acyltransferase,specialized_metabolism,curated_family_function,0.5638143308956455,0.3942,0.9999654674844483,1,1,0,not_high_confidence,1,CYP450 detoxification,cytochrome P450 herbicide metabolism and specialized metabolism,0.1,p450_inhibitors;synergist_candidates,detoxification_modifier,metabolic_resistance;cross_resistance,0.85,0.0,0.0,0.73,0.0,0.41000000000000003,11.64849436452279,0.9090909090909092,BAHD_acyltransferase_Minimally_Curated_Set.xlsx,real_evidence_plus_model_inference
benzoyl-CoA: salicyl alcohol O-benzoyltransferase,benzoyl-CoA: salicyl alcohol O-benzoyltransferase,BAHD acyltransferase,specialized_metabolism,curated_family_function,0.5638143308956455,0.3942,0.9999654674844483,1,1,0,not_high_confidence,1,CYP450 detoxification,cytochrome P450 herbicide metabolism and specialized metabolism,0.1,p450_inhibitors;synergist_candidates,detoxification_modifier,metabolic_resistance;cross_resistance,0.85,0.0,0.0,0.73,0.0,0.41000000000000003,11.64849436452279,0.9090909090909092,BAHD_acyltransferase_Minimally_Curated_Set.xlsx,real_evidence_plus_model_inference
tyramine N-hydroxycinnamoyltransferase,tyramine N-hydroxycinnamoyltransferase,BAHD acyltransferase,specialized_metabolism,curated_family_function,0.5638143308956455,0.3942,0.9999654674844483,1,1,0,not_high_confidence,1,CYP450 detoxification,cytochrome P450 herbicide metabolism and specialized metabolism,0.1,p450_inhibitors;synergist_candidates,detoxification_modifier,metabolic_resistance;cross_resistance,0.85,0.0,0.0,0.73,0.0,0.41000000000000003,11.64849436452279,0.9090909090909092,BAHD_acyltransferase_Minimally_Curated_Set.xlsx,real_evidence_plus_model_inference
serotonin N-hydroxycinnamoyltransferase,serotonin N-hydroxycinnamoyltransferase,BAHD acyltransferase,specialized_metabolism,curated_family_function,0.5638143308956455,0.3942,0.9999654674844483,1,1,0,not_high_confidence,1,CYP450 detoxification,cytochrome P450 herbicide metabolism and specialized metabolism,0.1,p450_inhibitors;synergist_candidates,detoxification_modifier,metabolic_resistance;cross_resistance,0.85,0.0,0.0,0.73,0.0,0.41000000000000003,11.64849436452279,0.9090909090909092,BAHD_acyltransferase_Minimally_Curated_Set.xlsx,real_evidence_plus_model_inference
tyramine N-hydroxycinnamoyltransferase mutant F145Y,tyramine N-hydroxycinnamoyltransferase mutant F145Y,BAHD acyltransferase,specialized_metabolism,curated_family_function,0.5638143308956455,0.3942,0.9999654674844483,1,1,0,not_high_confidence,1,CYP450 detoxification,cytochrome P450 herbicide metabolism and specialized metabolism,0.1,p450_inhibitors;synergist_candidates,detoxification_modifier,metabolic_resistance;cross_resistance,0.85,0.0,0.0,0.73,0.0,0.41000000000000003,11.64849436452279,0.9090909090909092,BAHD_acyltransferase_Minimally_Curated_Set.xlsx,real_evidence_plus_model_inference
p-coumaroyl-CoA:monolignol transferase,p-coumaroyl-CoA:monolignol transferase,BAHD acyltransferase,specialized_metabolism,curated_family_function,0.5638143308956455,0.3942,0.9999654674844483,1,1,0,not_high_confidence,1,CYP450 detoxification,cytochrome P450 herbicide metabolism and specialized metabolism,0.1,p450_inhibitors;synergist_candidates,detoxification_modifier,metabolic_resistance;cross_resistance,0.85,0.0,0.0,0.73,0.0,0.41000000000000003,11.64849436452279,0.9090909090909092,BAHD_acyltransferase_Minimally_Curated_Set.xlsx,real_evidence_plus_model_inference
Aliphatic Suberin Feruloyl Transferase,Aliphatic Suberin Feruloyl Transferase,BAHD acyltransferase,specialized_metabolism,curated_family_function,0.5638143308956455,0.3942,0.9999654674844483,1,1,0,not_high_confidence,1,CYP450 detoxification,cytochrome P450 herbicide metabolism and specialized metabolism,0.1,p450_inhibitors;synergist_candidates,detoxification_modifier,metabolic_resistance;cross_resistance,0.85,0.0,0.0,0.73,0.0,0.41000000000000003,11.64849436452279,0.9090909090909092,BAHD_acyltransferase_Minimally_Curated_Set.xlsx,real_evidence_plus_model_inference
malonyl CoA:isoflavone 7-O-glucoside-6''-O-malonyltransferase,malonyl CoA:isoflavone 7-O-glucoside-6''-O-malonyltransferase,BAHD acyltransferase,specialized_metabolism,curated_family_function,0.5638143308956455,0.3942,0.9999654674844483,1,1,0,not_high_confidence,1,CYP450 detoxification,cytochrome P450 herbicide metabolism and specialized metabolism,0.1,p450_inhibitors;synergist_candidates,detoxification_modifier,metabolic_resistance;cross_resistance,0.85,0.0,0.0,0.73,0.0,0.41000000000000003,11.64849436452279,0.9090909090909092,BAHD_acyltransferase_Minimally_Curated_Set.xlsx,real_evidence_plus_model_inference
Malonyl CoA:isoï¬‚avone 7-O-glucoside-6''-O-malonyltransferase,Malonyl CoA:isoï¬‚avone 7-O-glucoside-6''-O-malonyltransferase,BAHD acyltransferase,specialized_metabolism,curated_family_function,0.5638143308956455,0.3942,0.9999654674844483,1,1,0,not_high_confidence,1,CYP450 detoxification,cytochrome P450 herbicide metabolism and specialized metabolism,0.1,p450_inhibitors;synergist_candidates,detoxification_modifier,metabolic_resistance;cross_resistance,0.85,0.0,0.0,0.73,0.0,0.41000000000000003,11.64849436452279,0.9090909090909092,BAHD_acyltransferase_Minimally_Curated_Set.xlsx,real_evidence_plus_model_inference
hydroxycinnamoyl CoA:anthocyanin 3-O-glucoside-6''-O-acyltransferase,hydroxycinnamoyl CoA:anthocyanin 3-O-glucoside-6''-O-acyltransferase,BAHD acyltransferase,specialized_metabolism,curated_family_function,0.5638143308956455,0.3942,0.9999654674844483,1,1,0,not_high_confidence,1,CYP450 detoxification,cytochrome P450 herbicide metabolism and specialized metabolism,0.1,p450_inhibitors;synergist_candidates,detoxification_modifier,metabolic_resistance;cross_resistance,0.85,0.0,0.0,0.73,0.0,0.41000000000000003,11.64849436452279,0.9090909090909092,BAHD_acyltransferase_Minimally_Curated_Set.xlsx,real_evidence_plus_model_inference
"malonyl CoA:anthocyanin 3,5-diglucoside transferase","malonyl CoA:anthocyanin 3,5-diglucoside transferase",BAHD acyltransferase,specialized_metabolism,curated_family_function,0.5638143308956455,0.3942,0.9999654674844483,1,1,0,not_high_confidence,1,CYP450 detoxification,cytochrome P450 herbicide metabolism and specialized metabolism,0.1,p450_inhibitors;synergist_candidates,detoxification_modifier,metabolic_resistance;cross_resistance,0.85,0.0,0.0,0.73,0.0,0.41000000000000003,11.64849436452279,0.9090909090909092,BAHD_acyltransferase_Minimally_Curated_Set.xlsx,real_evidence_plus_model_inference
Hydroxycinnamoyl CoA:anthocyanin 5-O-glucoside-6'''-O-acyltransferase,Hydroxycinnamoyl CoA:anthocyanin 5-O-glucoside-6'''-O-acyltransferase,BAHD acyltransferase,specialized_metabolism,curated_family_function,0.5638143308956455,0.3942,0.9999654674844483,1,1,0,not_high_confidence,1,CYP450 detoxification,cytochrome P450 herbicide metabolism and specialized metabolism,0.1,p450_inhibitors;synergist_candidates,detoxification_modifier,metabolic_resistance;cross_resistance,0.85,0.0,0.0,0.73,0.0,0.41000000000000003,11.64849436452279,0.9090909090909092,BAHD_acyltransferase_Minimally_Curated_Set.xlsx,real_evidence_plus_model_inference
Malonyl CoA:anthocyanin 5-O-glucoside-6'''-O-malonyltransferase,Malonyl CoA:anthocyanin 5-O-glucoside-6'''-O-malonyltransferase,BAHD acyltransferase,specialized_metabolism,curated_family_function,0.5638143308956455,0.3942,0.9999654674844483,1,1,0,not_high_confidence,1,CYP450 detoxification,cytochrome P450 herbicide metabolism and specialized metabolism,0.1,p450_inhibitors;synergist_candidates,detoxification_modifier,metabolic_resistance;cross_resistance,0.85,0.0,0.0,0.73,0.0,0.41000000000000003,11.64849436452279,0.9090909090909092,BAHD_acyltransferase_Minimally_Curated_Set.xlsx,real_evidence_plus_model_inference
Malonyl CoA:anthocyanin 3-O-glucoside-6''-O-malonyltransferase,Malonyl CoA:anthocyanin 3-O-glucoside-6''-O-malonyltransferase,BAHD acyltransferase,specialized_metabolism,curated_family_function,0.5638143308956455,0.3942,0.9999654674844483,1,1,0,not_high_confidence,1,CYP450 detoxification,cytochrome P450 herbicide metabolism and specialized metabolism,0.1,p450_inhibitors;synergist_candidates,detoxification_modifier,metabolic_resistance;cross_resistance,0.85,0.0,0.0,0.73,0.0,0.41000000000000003,11.64849436452279,0.9090909090909092,BAHD_acyltransferase_Minimally_Curated_Set.xlsx,real_evidence_plus_model_inference
Ï‰-hydroxyacid/fatty alcohol hydroxycinnamoyl transferase,Ï‰-hydroxyacid/fatty alcohol hydroxycinnamoyl transferase,BAHD acyltransferase,specialized_metabolism,curated_family_function,0.5638143308956455,0.3942,0.9999654674844483,1,1,0,not_high_confidence,1,CYP450 detoxification,cytochrome P450 herbicide metabolism and specialized metabolism,0.1,p450_inhibitors;synergist_candidates,detoxification_modifier,metabolic_resistance;cross_resistance,0.85,0.0,0.0,0.73,0.0,0.41000000000000003,11.64849436452279,0.9090909090909092,BAHD_acyltransferase_Minimally_Curated_Set.xlsx,real_evidence_plus_model_inference
Isoflavone malonyltransferase 1,Isoflavone malonyltransferase 1,BAHD acyltransferase,specialized_metabolism,curated_family_function,0.5638143308956455,0.3942,0.9999654674844483,1,1,0,not_high_confidence,1,CYP450 detoxification,cytochrome P450 herbicide metabolism and specialized metabolism,0.1,p450_inhibitors;synergist_candidates,detoxification_modifier,metabolic_resistance;cross_resistance,0.85,0.0,0.0,0.73,0.0,0.41000000000000003,11.64849436452279,0.9090909090909092,BAHD_acyltransferase_Minimally_Curated_Set.xlsx,real_evidence_plus_model_inference
coniferyl alcohol acetyltransferase,coniferyl alcohol acetyltransferase,BAHD acyltransferase,specialized_metabolism,curated_family_function,0.5638143308956455,0.3942,0.9999654674844483,1,1,0,not_high_confidence,1,CYP450 detoxification,cytochrome P450 herbicide metabolism and specialized metabolism,0.1,p450_inhibitors;synergist_candidates,detoxification_modifier,metabolic_resistance;cross_resistance,0.85,0.0,0.0,0.73,0.0,0.41000000000000003,11.64849436452279,0.9090909090909092,BAHD_acyltransferase_Minimally_Curated_Set.xlsx,real_evidence_plus_model_inference
coniferyl alcohol acyltransferase,coniferyl alcohol acyltransferase,BAHD acyltransferase,specialized_metabolism,curated_family_function,0.5638143308956455,0.3942,0.9999654674844483,1,1,0,not_high_confidence,1,CYP450 detoxification,cytochrome P450 herbicide metabolism and specialized metabolism,0.1,p450_inhibitors;synergist_candidates,detoxification_modifier,metabolic_resistance;cross_resistance,0.85,0.0,0.0,0.73,0.0,0.41000000000000003,11.64849436452279,0.9090909090909092,BAHD_acyltransferase_Minimally_Curated_Set.xlsx,real_evidence_plus_model_inference
Spermidine N-hydroxycinnamoyltransferase,Spermidine N-hydroxycinnamoyltransferase,BAHD acyltransferase,specialized_metabolism,curated_family_function,0.5638143308956455,0.3942,0.9999654674844483,1,1,0,not_high_confidence,1,CYP450 detoxification,cytochrome P450 herbicide metabolism and specialized metabolism,0.1,p450_inhibitors;synergist_candidates,detoxification_modifier,metabolic_resistance;cross_resistance,0.85,0.0,0.0,0.73,0.0,0.41000000000000003,11.64849436452279,0.9090909090909092,BAHD_acyltransferase_Minimally_Curated_Set.xlsx,real_evidence_plus_model_inference
Sucrose Acyltransferase 2; Acylsucrose acyltransferase 2,Sucrose Acyltransferase 2; Acylsucrose acyltransferase 2,BAHD acyltransferase,specialized_metabolism,curated_family_function,0.5638143308956455,0.3942,0.9999654674844483,1,1,0,not_high_confidence,1,CYP450 detoxification,cytochrome P450 herbicide metabolism and specialized metabolism,0.1,p450_inhibitors;synergist_candidates,detoxification_modifier,metabolic_resistance;cross_resistance,0.85,0.0,0.0,0.73,0.0,0.41000000000000003,11.64849436452279,0.9090909090909092,BAHD_acyltransferase_Minimally_Curated_Set.xlsx,real_evidence_plus_model_inference
Sucrose Acyltransferase 3; Acylsucrose acyltransferase 3,Sucrose Acyltransferase 3; Acylsucrose acyltransferase 3,BAHD acyltransferase,specialized_metabolism,curated_family_function,0.5638143308956455,0.3942,0.9999654674844483,1,1,0,not_high_confidence,1,CYP450 detoxification,cytochrome P450 herbicide metabolism and specialized metabolism,0.1,p450_inhibitors;synergist_candidates,detoxification_modifier,metabolic_resistance;cross_resistance,0.85,0.0,0.0,0.73,0.0,0.41000000000000003,11.64849436452279,0.9090909090909092,BAHD_acyltransferase_Minimally_Curated_Set.xlsx,real_evidence_plus_model_inference
Acylsucrose acyltransferase 2,Acylsucrose acyltransferase 2,BAHD acyltransferase,specialized_metabolism,curated_family_function,0.5638143308956455,0.3942,0.9999654674844483,1,1,0,not_high_confidence,1,CYP450 detoxification,cytochrome P450 herbicide metabolism and specialized metabolism,0.1,p450_inhibitors;synergist_candidates,detoxification_modifier,metabolic_resistance;cross_resistance,0.85,0.0,0.0,0.73,0.0,0.41000000000000003,11.64849436452279,0.9090909090909092,BAHD_acyltransferase_Minimally_Curated_Set.xlsx,real_evidence_plus_model_inference
benzyl alcohol O-acetyltransferase,benzyl alcohol O-acetyltransferase,BAHD acyltransferase,specialized_metabolism,curated_family_function,0.5638143308956455,0.3942,0.9999654674844483,1,1,0,not_high_confidence,1,CYP450 detoxification,cytochrome P450 herbicide metabolism and specialized metabolism,0.1,p450_inhibitors;synergist_candidates,detoxification_modifier,metabolic_resistance;cross_resistance,0.85,0.0,0.0,0.73,0.0,0.41000000000000003,11.64849436452279,0.9090909090909092,BAHD_acyltransferase_Minimally_Curated_Set.xlsx,real_evidence_plus_model_inference
Benzylalcohol O-acetyltransferase,Benzylalcohol O-acetyltransferase,BAHD acyltransferase,specialized_metabolism,curated_family_function,0.5638143308956455,0.3942,0.9999654674844483,1,1,0,not_high_confidence,1,CYP450 detoxification,cytochrome P450 herbicide metabolism and specialized metabolism,0.1,p450_inhibitors;synergist_candidates,detoxification_modifier,metabolic_resistance;cross_resistance,0.85,0.0,0.0,0.73,0.0,0.41000000000000003,11.64849436452279,0.9090909090909092,BAHD_acyltransferase_Minimally_Curated_Set.xlsx,real_evidence_plus_model_inference
10-O-deacetylbaccatin III 10-O-acetyltransferase,10-O-deacetylbaccatin III 10-O-acetyltransferase,BAHD acyltransferase,specialized_metabolism,curated_family_function,0.5638143308956455,0.3942,0.9999654674844483,1,1,1,core_transition_anchor_plus_atlas_match,1,Oxidative stress enzymes,SOD/CAT/POD/peroxidase antioxidant stress response,0.55,redox_active_phytochemicals;photosensitizers;quinone_like,stress_response_modifier,antioxidant_upregulation;metabolic_resistance,0.85,0.0,0.0,0.73,0.0,0.41000000000000003,11.64849436452279,0.9090909090909092,BAHD_acyltransferase_Minimally_Curated_Set.xlsx,real_evidence_plus_model_inference
malonyl-CoA:anthocyanidin 5-O-glucoside-6''-O-malonyltransferase,malonyl-CoA:anthocyanidin 5-O-glucoside-6''-O-malonyltransferase,BAHD acyltransferase,specialized_metabolism,curated_family_function,0.5638143308956455,0.3942,0.9999654674844483,1,1,0,not_high_confidence,1,CYP450 detoxification,cytochrome P450 herbicide metabolism and specialized metabolism,0.1,p450_inhibitors;synergist_candidates,detoxification_modifier,metabolic_resistance;cross_resistance,0.85,0.0,0.0,0.73,0.0,0.41000000000000003,11.64849436452279,0.9090909090909092,BAHD_acyltransferase_Minimally_Curated_Set.xlsx,real_evidence_plus_model_inference
malonyl-CoA: anthocyanidin 5-O-glucoside-600-O-malonyltransferase,malonyl-CoA: anthocyanidin 5-O-glucoside-600-O-malonyltransferase,BAHD acyltransferase,specialized_metabolism,curated_family_function,0.5638143308956455,0.3942,0.9999654674844483,1,1,0,not_high_confidence,1,CYP450 detoxification,cytochrome P450 herbicide metabolism and specialized metabolism,0.1,p450_inhibitors;synergist_candidates,detoxification_modifier,metabolic_resistance;cross_resistance,0.85,0.0,0.0,0.73,0.0,0.41000000000000003,11.64849436452279,0.9090909090909092,BAHD_acyltransferase_Minimally_Curated_Set.xlsx,real_evidence_plus_model_inference
Borneol acetyltransferase 1,Borneol acetyltransferase 1,BAHD acyltransferase,specialized_metabolism,curated_family_function,0.5638143308956455,0.3942,0.9999654674844483,1,1,0,not_high_confidence,1,CYP450 detoxification,cytochrome P450 herbicide metabolism and specialized metabolism,0.1,p450_inhibitors;synergist_candidates,detoxification_modifier,metabolic_resistance;cross_resistance,0.85,0.0,0.0,0.73,0.0,0.41000000000000003,11.64849436452279,0.9090909090909092,BAHD_acyltransferase_Minimally_Curated_Set.xlsx,real_evidence_plus_model_inference
Lavandula angustifolia acyltransferase 1,Lavandula angustifolia acyltransferase 1,BAHD acyltransferase,specialized_metabolism,curated_family_function,0.5638143308956455,0.3942,0.9999654674844483,1,1,0,not_high_confidence,1,CYP450 detoxification,cytochrome P450 herbicide metabolism and specialized metabolism,0.1,p450_inhibitors;synergist_candidates,detoxification_modifier,metabolic_resistance;cross_resistance,0.85,0.0,0.0,0.73,0.0,0.41000000000000003,11.64849436452279,0.9090909090909092,BAHD_acyltransferase_Minimally_Curated_Set.xlsx,real_evidence_plus_model_inference
Dianthus caryophyllus anthranilate-N-hydroxycinnamoyl/benzoyltransferase,Dianthus caryophyllus anthranilate-N-hydroxycinnamoyl/benzoyltransferase,BAHD acyltransferase,specialized_metabolism,curated_family_function,0.5638143308956455,0.3942,0.9999654674844483,1,1,0,not_high_confidence,1,CYP450 detoxification,cytochrome P450 herbicide metabolism and specialized metabolism,0.1,p450_inhibitors;synergist_candidates,detoxification_modifier,metabolic_resistance;cross_resistance,0.85,0.0,0.0,0.73,0.0,0.41000000000000003,11.64849436452279,0.9090909090909092,BAHD_acyltransferase_Minimally_Curated_Set.xlsx,real_evidence_plus_model_inference
Capsicum annuum hydroxycinnamoyl-CoA: serotonin N-(hydroxycinnamoyl)transferase,Capsicum annuum hydroxycinnamoyl-CoA: serotonin N-(hydroxycinnamoyl)transferase,BAHD acyltransferase,specialized_metabolism,curated_family_function,0.5638143308956455,0.3942,0.9999654674844483,1,1,1,core_transition_anchor_plus_atlas_match,1,PSI,photosystem I electron diversion,0.55,bipyridyliums;paraquat/diquat-like redox cyclers,22,sequestration;reduced_translocation;antioxidant_response,0.85,0.0,0.0,0.73,0.0,0.41000000000000003,11.64849436452279,0.9090909090909092,BAHD_acyltransferase_Minimally_Curated_Set.xlsx,real_evidence_plus_model_inference
Petunia hybrida acyltransferase,Petunia hybrida acyltransferase,BAHD acyltransferase,specialized_metabolism,curated_family_function,0.5638143308956455,0.3942,0.9999654674844483,1,1,0,not_high_confidence,1,CYP450 detoxification,cytochrome P450 herbicide metabolism and specialized metabolism,0.1,p450_inhibitors;synergist_candidates,detoxification_modifier,metabolic_resistance;cross_resistance,0.85,0.0,0.0,0.73,0.0,0.41000000000000003,11.64849436452279,0.9090909090909092,BAHD_acyltransferase_Minimally_Curated_Set.xlsx,real_evidence_plus_model_inference
hydroxycinnamoyl-CoA:agmatine coumaroyltransferase,hydroxycinnamoyl-CoA:agmatine coumaroyltransferase,BAHD acyltransferase,specialized_metabolism,curated_family_function,0.5638143308956455,0.3942,0.9999654674844483,1,1,0,not_high_confidence,1,CYP450 detoxification,cytochrome P450 herbicide metabolism and specialized metabolism,0.1,p450_inhibitors;synergist_candidates,detoxification_modifier,metabolic_resistance;cross_resistance,0.85,0.0,0.0,0.73,0.0,0.41000000000000003,11.64849436452279,0.9090909090909092,BAHD_acyltransferase_Minimally_Curated_Set.xlsx,real_evidence_plus_model_inference
agmatine p-coumaroyltransferase isoform,agmatine p-coumaroyltransferase isoform,BAHD acyltransferase,specialized_metabolism,curated_family_function,0.5638143308956455,0.3942,0.9999654674844483,1,1,0,not_high_confidence,1,CYP450 detoxification,cytochrome P450 herbicide metabolism and specialized metabolism,0.1,p450_inhibitors;synergist_candidates,detoxification_modifier,metabolic_resistance;cross_resistance,0.85,0.0,0.0,0.73,0.0,0.41000000000000003,11.64849436452279,0.9090909090909092,BAHD_acyltransferase_Minimally_Curated_Set.xlsx,real_evidence_plus_model_inference
Hydroxycinnamoyl-CoA:malic acid hydroxycinnamoyl transferase 2,Hydroxycinnamoyl-CoA:malic acid hydroxycinnamoyl transferase 2,BAHD acyltransferase,specialized_metabolism,curated_family_function,0.5638143308956455,0.3942,0.9999654674844483,1,1,0,not_high_confidence,1,CYP450 detoxification,cytochrome P450 herbicide metabolism and specialized metabolism,0.1,p450_inhibitors;synergist_candidates,detoxification_modifier,metabolic_resistance;cross_resistance,0.85,0.0,0.0,0.73,0.0,0.41000000000000003,11.64849436452279,0.9090909090909092,BAHD_acyltransferase_Minimally_Curated_Set.xlsx,real_evidence_plus_model_inference
Hydroxycinnamoyl-CoA: tetrahydroxyhexanedioic acid hydroxycinnamoyl transferase,Hydroxycinnamoyl-CoA: tetrahydroxyhexanedioic acid hydroxycinnamoyl transferase,BAHD acyltransferase,specialized_metabolism,curated_family_function,0.5638143308956455,0.3942,0.9999654674844483,1,1,0,not_high_confidence,1,CYP450 detoxification,cytochrome P450 herbicide metabolism and specialized metabolism,0.1,p450_inhibitors;synergist_candidates,detoxification_modifier,metabolic_resistance;cross_resistance,0.85,0.0,0.0,0.73,0.0,0.41000000000000003,11.64849436452279,0.9090909090909092,BAHD_acyltransferase_Minimally_Curated_Set.xlsx,real_evidence_plus_model_inference
hydroxycinnamoyl-CoA quinate transferase,hydroxycinnamoyl-CoA quinate transferase,BAHD acyltransferase,specialized_metabolism,curated_family_function,0.5638143308956455,0.3942,0.9999654674844483,1,1,0,not_high_confidence,1,CYP450 detoxification,cytochrome P450 herbicide metabolism and specialized metabolism,0.1,p450_inhibitors;synergist_candidates,detoxification_modifier,metabolic_resistance;cross_resistance,0.85,0.0,0.0,0.73,0.0,0.41000000000000003,11.64849436452279,0.9090909090909092,BAHD_acyltransferase_Minimally_Curated_Set.xlsx,real_evidence_plus_model_inference
Rosmarinic Acid Synthase; hydroxycinnamoyl-CoA:hydroxyphenyllactate hydroxycinnamoyltransferase,Rosmarinic Acid Synthase; hydroxycinnamoyl-CoA:hydroxyphenyllactate hydroxycinnamoyltransferase,BAHD acyltransferase,specialized_metabolism,curated_family_function,0.5638143308956455,0.3942,0.9999654674844483,1,1,0,not_high_confidence,1,CYP450 detoxification,cytochrome P450 herbicide metabolism and specialized metabolism,0.1,p450_inhibitors;synergist_candidates,detoxification_modifier,metabolic_resistance;cross_resistance,0.85,0.0,0.0,0.73,0.0,0.41000000000000003,11.64849436452279,0.9090909090909092,BAHD_acyltransferase_Minimally_Curated_Set.xlsx,real_evidence_plus_model_inference
hydroxycinnamoyl-CoA:hydroxyphenyllactate hydroxycinnamoyltransferase,hydroxycinnamoyl-CoA:hydroxyphenyllactate hydroxycinnamoyltransferase,BAHD acyltransferase,specialized_metabolism,curated_family_function,0.5638143308956455,0.3942,0.9999654674844483,1,1,0,not_high_confidence,1,CYP450 detoxification,cytochrome P450 herbicide metabolism and specialized metabolism,0.1,p450_inhibitors;synergist_candidates,detoxification_modifier,metabolic_resistance;cross_resistance,0.85,0.0,0.0,0.73,0.0,0.41000000000000003,11.64849436452279,0.9090909090909092,BAHD_acyltransferase_Minimally_Curated_Set.xlsx,real_evidence_plus_model_inference
Alcohol acyltransferase 1,Alcohol acyltransferase 1,BAHD acyltransferase,specialized_metabolism,curated_family_function,0.5638143308956455,0.3942,0.9999654674844483,1,1,0,not_high_confidence,1,CYP450 detoxification,cytochrome P450 herbicide metabolism and specialized metabolism,0.1,p450_inhibitors;synergist_candidates,detoxification_modifier,metabolic_resistance;cross_resistance,0.85,0.0,0.0,0.73,0.0,0.41000000000000003,11.64849436452279,0.9090909090909092,BAHD_acyltransferase_Minimally_Curated_Set.xlsx,real_evidence_plus_model_inference
Arabidopsis thaliana acyltransferase,Arabidopsis thaliana acyltransferase,BAHD acyltransferase,specialized_metabolism,curated_family_function,0.5638143308956455,0.3942,0.9999654674844483,1,1,1,core_transition_anchor_plus_atlas_match,1,PSI,photosystem I electron diversion,0.55,bipyridyliums;paraquat/diquat-like redox cyclers,22,sequestration;reduced_translocation;antioxidant_response,0.85,0.0,0.0,0.73,0.0,0.41000000000000003,11.64849436452279,0.9090909090909092,BAHD_acyltransferase_Minimally_Curated_Set.xlsx,real_evidence_plus_model_inference
Capsaicin synthase,Capsaicin synthase,BAHD acyltransferase,specialized_metabolism,curated_family_function,0.5638143308956455,0.3942,0.9999654674844483,1,1,0,not_high_confidence,1,CYP450 detoxification,cytochrome P450 herbicide metabolism and specialized metabolism,0.1,p450_inhibitors;synergist_candidates,detoxification_modifier,metabolic_resistance;cross_resistance,0.85,0.0,0.0,0.73,0.0,0.41000000000000003,11.64849436452279,0.9090909090909092,BAHD_acyltransferase_Minimally_Curated_Set.xlsx,real_evidence_plus_model_inference
Defective Pollen Wall 2,Defective Pollen Wall 2,BAHD acyltransferase,specialized_metabolism,curated_family_function,0.5638143308956455,0.3942,0.9999654674844483,1,1,0,not_high_confidence,1,CYP450 detoxification,cytochrome P450 herbicide metabolism and specialized metabolism,0.1,p450_inhibitors;synergist_candidates,detoxification_modifier,metabolic_resistance;cross_resistance,0.85,0.0,0.0,0.73,0.0,0.41000000000000003,11.64849436452279,0.9090909090909092,BAHD_acyltransferase_Minimally_Curated_Set.xlsx,real_evidence_plus_model_inference
Cocaine synthase,Cocaine synthase,BAHD acyltransferase,specialized_metabolism,curated_family_function,0.5638143308956455,0.3942,0.9999654674844483,1,1,0,not_high_confidence,1,CYP450 detoxification,cytochrome P450 herbicide metabolism and specialized metabolism,0.1,p450_inhibitors;synergist_candidates,detoxification_modifier,metabolic_resistance;cross_resistance,0.85,0.0,0.0,0.73,0.0,0.41000000000000003,11.64849436452279,0.9090909090909092,BAHD_acyltransferase_Minimally_Curated_Set.xlsx,real_evidence_plus_model_inference
coumarin synthase,coumarin synthase,BAHD acyltransferase,specialized_metabolism,curated_family_function,0.5638143308956455,0.3942,0.9999654674844483,1,1,0,not_high_confidence,1,CYP450 detoxification,cytochrome P450 herbicide metabolism and specialized metabolism,0.1,p450_inhibitors;synergist_candidates,detoxification_modifier,metabolic_resistance;cross_resistance,0.85,0.0,0.0,0.73,0.0,0.41000000000000003,11.64849436452279,0.9090909090909092,BAHD_acyltransferase_Minimally_Curated_Set.xlsx,real_evidence_plus_model_inference
nan,nan,BAHD acyltransferase,specialized_metabolism,curated_family_function,0.5638143308956455,0.3942,0.9999654674844483,1,1,0,not_high_confidence,1,CYP450 detoxification,cytochrome P450 herbicide metabolism and specialized metabolism,0.1,p450_inhibitors;synergist_candidates,detoxification_modifier,metabolic_resistance;cross_resistance,0.85,0.0,0.0,0.73,0.0,0.41000000000000003,11.64849436452279,0.9090909090909092,BAHD_acyltransferase_Minimally_Curated_Set.xlsx,real_evidence_plus_model_inference
Solanum nigrum acylsucrose fructofuranosidase 1,Solanum nigrum acylsucrose fructofuranosidase 1,BAHD acyltransferase,specialized_metabolism,curated_family_function,0.5638143308956455,0.3942,0.9999654674844483,1,1,0,not_high_confidence,1,CYP450 detoxification,cytochrome P450 herbicide metabolism and specialized metabolism,0.1,p450_inhibitors;synergist_candidates,detoxification_modifier,metabolic_resistance;cross_resistance,0.85,0.0,0.0,0.73,0.0,0.41000000000000003,11.64849436452279,0.9090909090909092,BAHD_acyltransferase_Minimally_Curated_Set.xlsx,real_evidence_plus_model_inference
Solanum pennellii acylsucrose fructofuranosidase 1,Solanum pennellii acylsucrose fructofuranosidase 1,BAHD acyltransferase,specialized_metabolism,curated_family_function,0.5638143308956455,0.3942,0.9999654674844483,1,1,0,not_high_confidence,1,CYP450 detoxification,cytochrome P450 herbicide metabolism and specialized metabolism,0.1,p450_inhibitors;synergist_candidates,detoxification_modifier,metabolic_resistance;cross_resistance,0.85,0.0,0.0,0.73,0.0,0.41000000000000003,11.64849436452279,0.9090909090909092,BAHD_acyltransferase_Minimally_Curated_Set.xlsx,real_evidence_plus_model_inference
fatty Ï‰-hydroxyacid/fatty alcohol hydroxycinnamoyl transferase,fatty Ï‰-hydroxyacid/fatty alcohol hydroxycinnamoyl transferase,BAHD acyltransferase,specialized_metabolism,curated_family_function,0.5638143308956455,0.3942,0.9999654674844483,1,1,0,not_high_confidence,1,CYP450 detoxification,cytochrome P450 herbicide metabolism and specialized metabolism,0.1,p450_inhibitors;synergist_candidates,detoxification_modifier,metabolic_resistance;cross_resistance,0.85,0.0,0.0,0.73,0.0,0.41000000000000003,11.64849436452279,0.9090909090909092,BAHD_acyltransferase_Minimally_Curated_Set.xlsx,real_evidence_plus_model_inference
hydroxycinnamoyl-CoA:Ï‰-hydroxyacid/fatty alcohol transferase,hydroxycinnamoyl-CoA:Ï‰-hydroxyacid/fatty alcohol transferase,BAHD acyltransferase,specialized_metabolism,curated_family_function,0.5638143308956455,0.3942,0.9999654674844483,1,1,0,not_high_confidence,1,CYP450 detoxification,cytochrome P450 herbicide metabolism and specialized metabolism,0.1,p450_inhibitors;synergist_candidates,detoxification_modifier,metabolic_resistance;cross_resistance,0.85,0.0,0.0,0.73,0.0,0.41000000000000003,11.64849436452279,0.9090909090909092,BAHD_acyltransferase_Minimally_Curated_Set.xlsx,real_evidence_plus_model_inference
Red Clover Hydroxycinnamoyl-Coenzyme A:Malate Hydroxycinnamoyl Transferase,Red Clover Hydroxycinnamoyl-Coenzyme A:Malate Hydroxycinnamoyl Transferase,BAHD acyltransferase,specialized_metabolism,curated_family_function,0.5638143308956455,0.3942,0.9999654674844483,1,1,0,not_high_confidence,1,CYP450 detoxification,cytochrome P450 herbicide metabolism and specialized metabolism,0.1,p450_inhibitors;synergist_candidates,detoxification_modifier,metabolic_resistance;cross_resistance,0.85,0.0,0.0,0.73,0.0,0.41000000000000003,11.64849436452279,0.9090909090909092,BAHD_acyltransferase_Minimally_Curated_Set.xlsx,real_evidence_plus_model_inference
ANTHOCYANIN 3-O-GLUCOSIDE-699-O-ACYLTRANSFERASE,ANTHOCYANIN 3-O-GLUCOSIDE-699-O-ACYLTRANSFERASE,BAHD acyltransferase,specialized_metabolism,curated_family_function,0.5638143308956455,0.3942,0.9999654674844483,1,1,0,not_high_confidence,1,CYP450 detoxification,cytochrome P450 herbicide metabolism and specialized metabolism,0.1,p450_inhibitors;synergist_candidates,detoxification_modifier,metabolic_resistance;cross_resistance,0.85,0.0,0.0,0.73,0.0,0.41000000000000003,11.64849436452279,0.9090909090909092,BAHD_acyltransferase_Minimally_Curated_Set.xlsx,real_evidence_plus_model_inference
Carthamus tinctorius Hydroxycinnamoyl Transferase,Carthamus tinctorius Hydroxycinnamoyl Transferase,BAHD acyltransferase,specialized_metabolism,curated_family_function,0.5638143308956455,0.3942,0.9999654674844483,1,1,0,not_high_confidence,1,CYP450 detoxification,cytochrome P450 herbicide metabolism and specialized metabolism,0.1,p450_inhibitors;synergist_candidates,detoxification_modifier,metabolic_resistance;cross_resistance,0.85,0.0,0.0,0.73,0.0,0.41000000000000003,11.64849436452279,0.9090909090909092,BAHD_acyltransferase_Minimally_Curated_Set.xlsx,real_evidence_plus_model_inference
Hydroxycinnamoyl-CoA:hydroxyanthranilate N-hydroxycinnamoyl transferase,Hydroxycinnamoyl-CoA:hydroxyanthranilate N-hydroxycinnamoyl transferase,BAHD acyltransferase,specialized_metabolism,curated_family_function,0.5638143308956455,0.3942,0.9999654674844483,1,1,0,not_high_confidence,1,CYP450 detoxification,cytochrome P450 herbicide metabolism and specialized metabolism,0.1,p450_inhibitors;synergist_candidates,detoxification_modifier,metabolic_resistance;cross_resistance,0.85,0.0,0.0,0.73,0.0,0.41000000000000003,11.64849436452279,0.9090909090909092,BAHD_acyltransferase_Minimally_Curated_Set.xlsx,real_evidence_plus_model_inference
shikonin O-acyltransferase,shikonin O-acyltransferase,BAHD acyltransferase,specialized_metabolism,curated_family_function,0.5638143308956455,0.3942,0.9999654674844483,1,1,0,not_high_confidence,1,CYP450 detoxification,cytochrome P450 herbicide metabolism and specialized metabolism,0.1,p450_inhibitors;synergist_candidates,detoxification_modifier,metabolic_resistance;cross_resistance,0.85,0.0,0.0,0.73,0.0,0.41000000000000003,11.64849436452279,0.9090909090909092,BAHD_acyltransferase_Minimally_Curated_Set.xlsx,real_evidence_plus_model_inference
Feruloyl-CoA monolignol transferase,Feruloyl-CoA monolignol transferase,BAHD acyltransferase,specialized_metabolism,curated_family_function,0.5638143308956455,0.3942,0.9999654674844483,1,1,0,not_high_confidence,1,CYP450 detoxification,cytochrome P450 herbicide metabolism and specialized metabolism,0.1,p450_inhibitors;synergist_candidates,detoxification_modifier,metabolic_resistance;cross_resistance,0.85,0.0,0.0,0.73,0.0,0.41000000000000003,11.64849436452279,0.9090909090909092,BAHD_acyltransferase_Minimally_Curated_Set.xlsx,real_evidence_plus_model_inference
Linamarase,Linamarase,BAHD acyltransferase,specialized_metabolism,curated_family_function,0.5638143308956455,0.3942,0.9999654674844483,1,1,0,not_high_confidence,1,CYP450 detoxification,cytochrome P450 herbicide metabolism and specialized metabolism,0.1,p450_inhibitors;synergist_candidates,detoxification_modifier,metabolic_resistance;cross_resistance,0.85,0.0,0.0,0.73,0.0,0.41000000000000003,11.64849436452279,0.9090909090909092,BAHD_acyltransferase_Minimally_Curated_Set.xlsx,real_evidence_plus_model_inference
Î²-L-ODAP synthase,Î²-L-ODAP synthase,BAHD acyltransferase,specialized_metabolism,curated_family_function,0.5638143308956455,0.3942,0.9999654674844483,1,1,0,not_high_confidence,1,CYP450 detoxification,cytochrome P450 herbicide metabolism and specialized metabolism,0.1,p450_inhibitors;synergist_candidates,detoxification_modifier,metabolic_resistance;cross_resistance,0.85,0.0,0.0,0.73,0.0,0.41000000000000003,11.64849436452279,0.9090909090909092,BAHD_acyltransferase_Minimally_Curated_Set.xlsx,real_evidence_plus_model_inference
THAA2,THAA2,BAHD acyltransferase,specialized_metabolism,curated_family_function,0.5638143308956455,0.3942,0.9999654674844483,1,1,0,not_high_confidence,1,CYP450 detoxification,cytochrome P450 herbicide metabolism and specialized metabolism,0.1,p450_inhibitors;synergist_candidates,detoxification_modifier,metabolic_resistance;cross_resistance,0.85,0.0,0.0,0.73,0.0,0.41000000000000003,11.64849436452279,0.9090909090909092,BAHD_acyltransferase_Minimally_Curated_Set.xlsx,real_evidence_plus_model_inference
DEFECTIVE IN CUTICULAR RIDGES,DEFECTIVE IN CUTICULAR RIDGES,BAHD acyltransferase,specialized_metabolism,curated_family_function,0.5638143308956455,0.3942,0.9999654674844483,1,1,0,not_high_confidence,1,CYP450 detoxification,cytochrome P450 herbicide metabolism and specialized metabolism,0.1,p450_inhibitors;synergist_candidates,detoxification_modifier,metabolic_resistance;cross_resistance,0.85,0.0,0.0,0.73,0.0,0.41000000000000003,11.64849436452279,0.9090909090909092,BAHD_acyltransferase_Minimally_Curated_Set.xlsx,real_evidence_plus_model_inference
"hydroxycinnamoyl-CoA:anthocyanidin 3,5-diglucoside 5-O-glucoside-6-O-hydroxycinnamoyltransferase","hydroxycinnamoyl-CoA:anthocyanidin 3,5-diglucoside 5-O-glucoside-6-O-hydroxycinnamoyltransferase",BAHD acyltransferase,specialized_metabolism,curated_family_function,0.5638143308956455,0.3942,0.9999654674844483,1,1,0,not_high_confidence,1,CYP450 detoxification,cytochrome P450 herbicide metabolism and specialized metabolism,0.1,p450_inhibitors;synergist_candidates,detoxification_modifier,metabolic_resistance;cross_resistance,0.85,0.0,0.0,0.73,0.0,0.41000000000000003,11.64849436452279,0.9090909090909092,BAHD_acyltransferase_Minimally_Curated_Set.xlsx,real_evidence_plus_model_inference
Serine hydroxymethyltransferase,Serine hydroxymethyltransferase,Aminotransferase,specialized_metabolism,curated_family_function,0.5638143308956455,0.3942,0.9999654674844483,1,1,0,not_high_confidence,1,CYP450 detoxification,cytochrome P450 herbicide metabolism and specialized metabolism,0.1,p450_inhibitors;synergist_candidates,detoxification_modifier,metabolic_resistance;cross_resistance,0.85,0.0,0.0,0.73,0.0,0.41000000000000003,11.64849436452279,0.9090909090909092,Aminotransferase_Minimally_Curated_Set.xlsx,real_evidence_plus_model_inference
Enhanced Pseudomonas Susceptibility 1,Enhanced Pseudomonas Susceptibility 1,BAHD acyltransferase,specialized_metabolism,curated_family_function,0.5638143308956455,0.3942,0.9999654674844483,1,1,0,not_high_confidence,1,CYP450 detoxification,cytochrome P450 herbicide metabolism and specialized metabolism,0.1,p450_inhibitors;synergist_candidates,detoxification_modifier,metabolic_resistance;cross_resistance,0.85,0.0,0.0,0.73,0.0,0.41000000000000003,11.64849436452279,0.9090909090909092,BAHD_acyltransferase_Minimally_Curated_Set.xlsx,real_evidence_plus_model_inference
Spermidine hydroxycinnamoyl transferase,Spermidine hydroxycinnamoyl transferase,BAHD acyltransferase,specialized_metabolism,curated_family_function,0.5638143308956455,0.3942,0.9999654674844483,1,1,0,not_high_confidence,1,CYP450 detoxification,cytochrome P450 herbicide metabolism and specialized metabolism,0.1,p450_inhibitors;synergist_candidates,detoxification_modifier,metabolic_resistance;cross_resistance,0.85,0.0,0.0,0.73,0.0,0.41000000000000003,11.64849436452279,0.9090909090909092,BAHD_acyltransferase_Minimally_Curated_Set.xlsx,real_evidence_plus_model_inference
Arabidopsis thaliana Spermidine Hydroxycinnamoyl Transferase,Arabidopsis thaliana Spermidine Hydroxycinnamoyl Transferase,BAHD acyltransferase,specialized_metabolism,curated_family_function,0.5638143308956455,0.3942,0.9999654674844483,1,1,1,core_transition_anchor_plus_atlas_match,1,PSI,photosystem I electron diversion,0.55,bipyridyliums;paraquat/diquat-like redox cyclers,22,sequestration;reduced_translocation;antioxidant_response,0.85,0.0,0.0,0.73,0.0,0.41000000000000003,11.64849436452279,0.9090909090909092,BAHD_acyltransferase_Minimally_Curated_Set.xlsx,real_evidence_plus_model_inference
Arabidopsis thaliana Spermidine Dicoumaroyl Transferase,Arabidopsis thaliana Spermidine Dicoumaroyl Transferase,BAHD acyltransferase,specialized_metabolism,curated_family_function,0.5638143308956455,0.3942,0.9999654674844483,1,1,1,core_transition_anchor_plus_atlas_match,1,PSI,photosystem I electron diversion,0.55,bipyridyliums;paraquat/diquat-like redox cyclers,22,sequestration;reduced_translocation;antioxidant_response,0.85,0.0,0.0,0.73,0.0,0.41000000000000003,11.64849436452279,0.9090909090909092,BAHD_acyltransferase_Minimally_Curated_Set.xlsx,real_evidence_plus_model_inference
Putrescine Hydroxycinnamoyl Transferase,Putrescine Hydroxycinnamoyl Transferase,BAHD acyltransferase,specialized_metabolism,curated_family_function,0.5638143308956455,0.3942,0.9999654674844483,1,1,0,not_high_confidence,1,CYP450 detoxification,cytochrome P450 herbicide metabolism and specialized metabolism,0.1,p450_inhibitors;synergist_candidates,detoxification_modifier,metabolic_resistance;cross_resistance,0.85,0.0,0.0,0.73,0.0,0.41000000000000003,11.64849436452279,0.9090909090909092,BAHD_acyltransferase_Minimally_Curated_Set.xlsx,real_evidence_plus_model_inference
Acetyl-Coenzyme A Geraniol/Citronellol Acetyltransferase; Acetyl-Coenzyme A:geraniol acetyltransferase,Acetyl-Coenzyme A Geraniol/Citronellol Acetyltransferase; Acetyl-Coenzyme A:geraniol acetyltransferase,BAHD acyltransferase,specialized_metabolism,curated_family_function,0.5638143308956455,0.3942,0.9999654674844483,1,1,0,not_high_confidence,1,CYP450 detoxification,cytochrome P450 herbicide metabolism and specialized metabolism,0.1,p450_inhibitors;synergist_candidates,detoxification_modifier,metabolic_resistance;cross_resistance,0.85,0.0,0.0,0.73,0.0,0.41000000000000003,11.64849436452279,0.9090909090909092,BAHD_acyltransferase_Minimally_Curated_Set.xlsx,real_evidence_plus_model_inference
grow fast on cytokinins 1,grow fast on cytokinins 1,BAHD acyltransferase,specialized_metabolism,curated_family_function,0.5638143308956455,0.3942,0.9999654674844483,1,1,0,not_high_confidence,1,CYP450 detoxification,cytochrome P450 herbicide metabolism and specialized metabolism,0.1,p450_inhibitors;synergist_candidates,detoxification_modifier,metabolic_resistance;cross_resistance,0.85,0.0,0.0,0.73,0.0,0.41000000000000003,11.64849436452279,0.9090909090909092,BAHD_acyltransferase_Minimally_Curated_Set.xlsx,real_evidence_plus_model_inference
Chicoric acid synthase,Chicoric acid synthase,BAHD acyltransferase,specialized_metabolism,curated_family_function,0.5638143308956455,0.3942,0.9999654674844483,1,1,0,not_high_confidence,1,CYP450 detoxification,cytochrome P450 herbicide metabolism and specialized metabolism,0.1,p450_inhibitors;synergist_candidates,detoxification_modifier,metabolic_resistance;cross_resistance,0.85,0.0,0.0,0.73,0.0,0.41000000000000003,11.64849436452279,0.9090909090909092,BAHD_acyltransferase_Minimally_Curated_Set.xlsx,real_evidence_plus_model_inference
Deficient in Cutin Ferulate,Deficient in Cutin Ferulate,BAHD acyltransferase,specialized_metabolism,curated_family_function,0.5638143308956455,0.3942,0.9999654674844483,1,1,0,not_high_confidence,1,CYP450 detoxification,cytochrome P450 herbicide metabolism and specialized metabolism,0.1,p450_inhibitors;synergist_candidates,detoxification_modifier,metabolic_resistance;cross_resistance,0.85,0.0,0.0,0.73,0.0,0.41000000000000003,11.64849436452279,0.9090909090909092,BAHD_acyltransferase_Minimally_Curated_Set.xlsx,real_evidence_plus_model_inference
Isochorismoyl-Glutamate A Pyruvoyl-Glutamate Lyase; Enhanced Pseudomonas Susceptibility 1,Isochorismoyl-Glutamate A Pyruvoyl-Glutamate Lyase; Enhanced Pseudomonas Susceptibility 1,BAHD acyltransferase,specialized_metabolism,curated_family_function,0.5638143308956455,0.3942,0.9999654674844483,1,1,0,not_high_confidence,1,CYP450 detoxification,cytochrome P450 herbicide metabolism and specialized metabolism,0.1,p450_inhibitors;synergist_candidates,detoxification_modifier,metabolic_resistance;cross_resistance,0.85,0.0,0.0,0.73,0.0,0.41000000000000003,11.64849436452279,0.9090909090909092,BAHD_acyltransferase_Minimally_Curated_Set.xlsx,real_evidence_plus_model_inference
Tryptamine benzoyl transferase 1,Tryptamine benzoyl transferase 1,BAHD acyltransferase,specialized_metabolism,curated_family_function,0.5638143308956455,0.3942,0.9999654674844483,1,1,0,not_high_confidence,1,CYP450 detoxification,cytochrome P450 herbicide metabolism and specialized metabolism,0.1,p450_inhibitors;synergist_candidates,detoxification_modifier,metabolic_resistance;cross_resistance,0.85,0.0,0.0,0.73,0.0,0.41000000000000003,11.64849436452279,0.9090909090909092,BAHD_acyltransferase_Minimally_Curated_Set.xlsx,real_evidence_plus_model_inference
benzoyl-CoA: 8-debenzoylpaeoniflorin 8-O-benzoyltransferase; 8-debenzoylpaeoniflorin 8-O-benzoyltransferase,benzoyl-CoA: 8-debenzoylpaeoniflorin 8-O-benzoyltransferase; 8-debenzoylpaeoniflorin 8-O-benzoyltransferase,BAHD acyltransferase,specialized_metabolism,curated_family_function,0.5638143308956455,0.3942,0.9999654674844483,1,1,0,not_high_confidence,1,CYP450 detoxification,cytochrome P450 herbicide metabolism and specialized metabolism,0.1,p450_inhibitors;synergist_candidates,detoxification_modifier,metabolic_resistance;cross_resistance,0.85,0.0,0.0,0.73,0.0,0.41000000000000003,11.64849436452279,0.9090909090909092,BAHD_acyltransferase_Minimally_Curated_Set.xlsx,real_evidence_plus_model_inference
Populus hydroxyacid/fatty alcohol hydroxycinnamoyltransferase 1,Populus hydroxyacid/fatty alcohol hydroxycinnamoyltransferase 1,BAHD acyltransferase,specialized_metabolism,curated_family_function,0.5638143308956455,0.3942,0.9999654674844483,1,1,0,not_high_confidence,1,CYP450 detoxification,cytochrome P450 herbicide metabolism and specialized metabolism,0.1,p450_inhibitors;synergist_candidates,detoxification_modifier,metabolic_resistance;cross_resistance,0.85,0.0,0.0,0.73,0.0,0.41000000000000003,11.64849436452279,0.9090909090909092,BAHD_acyltransferase_Minimally_Curated_Set.xlsx,real_evidence_plus_model_inference
Populus trichocarpa hydroxycinnamoyltransferase,Populus trichocarpa hydroxycinnamoyltransferase,BAHD acyltransferase,specialized_metabolism,curated_family_function,0.5638143308956455,0.3942,0.9999654674844483,1,1,0,not_high_confidence,1,CYP450 detoxification,cytochrome P450 herbicide metabolism and specialized metabolism,0.1,p450_inhibitors;synergist_candidates,detoxification_modifier,metabolic_resistance;cross_resistance,0.85,0.0,0.0,0.73,0.0,0.41000000000000003,11.64849436452279,0.9090909090909092,BAHD_acyltransferase_Minimally_Curated_Set.xlsx,real_evidence_plus_model_inference
Populus trichocarpa hydroxyacid/fatty alcohol hydroxycinnamoyltransferase 1,Populus trichocarpa hydroxyacid/fatty alcohol hydroxycinnamoyltransferase 1,BAHD acyltransferase,specialized_metabolism,curated_family_function,0.5638143308956455,0.3942,0.9999654674844483,1,1,0,not_high_confidence,1,CYP450 detoxification,cytochrome P450 herbicide metabolism and specialized metabolism,0.1,p450_inhibitors;synergist_candidates,detoxification_modifier,metabolic_resistance;cross_resistance,0.85,0.0,0.0,0.73,0.0,0.41000000000000003,11.64849436452279,0.9090909090909092,BAHD_acyltransferase_Minimally_Curated_Set.xlsx,real_evidence_plus_model_inference
Petunia axillaris acylsugar acyltransferase 1,Petunia axillaris acylsugar acyltransferase 1,BAHD acyltransferase,specialized_metabolism,curated_family_function,0.5638143308956455,0.3942,0.9999654674844483,1,1,0,not_high_confidence,1,CYP450 detoxification,cytochrome P450 herbicide metabolism and specialized metabolism,0.1,p450_inhibitors;synergist_candidates,detoxification_modifier,metabolic_resistance;cross_resistance,0.85,0.0,0.0,0.73,0.0,0.41000000000000003,11.64849436452279,0.9090909090909092,BAHD_acyltransferase_Minimally_Curated_Set.xlsx,real_evidence_plus_model_inference
Acetyl-Coenzyme A:geraniol acetyltransferase,Acetyl-Coenzyme A:geraniol acetyltransferase,BAHD acyltransferase,specialized_metabolism,curated_family_function,0.5638143308956455,0.3942,0.9999654674844483,1,1,0,not_high_confidence,1,CYP450 detoxification,cytochrome P450 herbicide metabolism and specialized metabolism,0.1,p450_inhibitors;synergist_candidates,detoxification_modifier,metabolic_resistance;cross_resistance,0.85,0.0,0.0,0.73,0.0,0.41000000000000003,11.64849436452279,0.9090909090909092,BAHD_acyltransferase_Minimally_Curated_Set.xlsx,real_evidence_plus_model_inference
Tryptamine hydroxycinnamoyl transferase 1,Tryptamine hydroxycinnamoyl transferase 1,BAHD acyltransferase,specialized_metabolism,curated_family_function,0.5638143308956455,0.3942,0.9999654674844483,1,1,0,not_high_confidence,1,CYP450 detoxification,cytochrome P450 herbicide metabolism and specialized metabolism,0.1,p450_inhibitors;synergist_candidates,detoxification_modifier,metabolic_resistance;cross_resistance,0.85,0.0,0.0,0.73,0.0,0.41000000000000003,11.64849436452279,0.9090909090909092,BAHD_acyltransferase_Minimally_Curated_Set.xlsx,real_evidence_plus_model_inference
Agmatine hydroxycinnamoyl transferase 1,Agmatine hydroxycinnamoyl transferase 1,BAHD acyltransferase,specialized_metabolism,curated_family_function,0.5638143308956455,0.3942,0.9999654674844483,1,1,0,not_high_confidence,1,CYP450 detoxification,cytochrome P450 herbicide metabolism and specialized metabolism,0.1,p450_inhibitors;synergist_candidates,detoxification_modifier,metabolic_resistance;cross_resistance,0.85,0.0,0.0,0.73,0.0,0.41000000000000003,11.64849436452279,0.9090909090909092,BAHD_acyltransferase_Minimally_Curated_Set.xlsx,real_evidence_plus_model_inference
Serotonin hydroxycinnamoyl transferase,Serotonin hydroxycinnamoyl transferase,BAHD acyltransferase,specialized_metabolism,curated_family_function,0.5638143308956455,0.3942,0.9999654674844483,1,1,0,not_high_confidence,1,CYP450 detoxification,cytochrome P450 herbicide metabolism and specialized metabolism,0.1,p450_inhibitors;synergist_candidates,detoxification_modifier,metabolic_resistance;cross_resistance,0.85,0.0,0.0,0.73,0.0,0.41000000000000003,11.64849436452279,0.9090909090909092,BAHD_acyltransferase_Minimally_Curated_Set.xlsx,real_evidence_plus_model_inference
Acyl Transferase 2,Acyl Transferase 2,BAHD acyltransferase,specialized_metabolism,curated_family_function,0.5638143308956455,0.3942,0.9999654674844483,1,1,0,not_high_confidence,1,CYP450 detoxification,cytochrome P450 herbicide metabolism and specialized metabolism,0.1,p450_inhibitors;synergist_candidates,detoxification_modifier,metabolic_resistance;cross_resistance,0.85,0.0,0.0,0.73,0.0,0.41000000000000003,11.64849436452279,0.9090909090909092,BAHD_acyltransferase_Minimally_Curated_Set.xlsx,real_evidence_plus_model_inference
spermindine hydroxycinnamoyl transferase,spermindine hydroxycinnamoyl transferase,BAHD acyltransferase,specialized_metabolism,curated_family_function,0.5638143308956455,0.3942,0.9999654674844483,1,1,0,not_high_confidence,1,CYP450 detoxification,cytochrome P450 herbicide metabolism and specialized metabolism,0.1,p450_inhibitors;synergist_candidates,detoxification_modifier,metabolic_resistance;cross_resistance,0.85,0.0,0.0,0.73,0.0,0.41000000000000003,11.64849436452279,0.9090909090909092,BAHD_acyltransferase_Minimally_Curated_Set.xlsx,real_evidence_plus_model_inference
Solanum lycopersicum acylsugar acyltransferase 1,Solanum lycopersicum acylsugar acyltransferase 1,BAHD acyltransferase,specialized_metabolism,curated_family_function,0.5638143308956455,0.3942,0.9999654674844483,1,1,0,not_high_confidence,1,CYP450 detoxification,cytochrome P450 herbicide metabolism and specialized metabolism,0.1,p450_inhibitors;synergist_candidates,detoxification_modifier,metabolic_resistance;cross_resistance,0.85,0.0,0.0,0.73,0.0,0.41000000000000003,11.64849436452279,0.9090909090909092,BAHD_acyltransferase_Minimally_Curated_Set.xlsx,real_evidence_plus_model_inference
Hydroxycinnamoyl-CoA:Quinate Hydroxycinnamoyl Transferase; hydroxycinnamoyl-CoA shikimic/quinate transferase,Hydroxycinnamoyl-CoA:Quinate Hydroxycinnamoyl Transferase; hydroxycinnamoyl-CoA shikimic/quinate transferase,BAHD acyltransferase,specialized_metabolism,curated_family_function,0.5638143308956455,0.3942,0.9999654674844483,1,1,0,not_high_confidence,1,CYP450 detoxification,cytochrome P450 herbicide metabolism and specialized metabolism,0.1,p450_inhibitors;synergist_candidates,detoxification_modifier,metabolic_resistance;cross_resistance,0.85,0.0,0.0,0.73,0.0,0.41000000000000003,11.64849436452279,0.9090909090909092,BAHD_acyltransferase_Minimally_Curated_Set.xlsx,real_evidence_plus_model_inference
hydroxycinnamoyl-CoA shikimic/quinate transferase,hydroxycinnamoyl-CoA shikimic/quinate transferase,BAHD acyltransferase,specialized_metabolism,curated_family_function,0.5638143308956455,0.3942,0.9999654674844483,1,1,0,not_high_confidence,1,CYP450 detoxification,cytochrome P450 herbicide metabolism and specialized metabolism,0.1,p450_inhibitors;synergist_candidates,detoxification_modifier,metabolic_resistance;cross_resistance,0.85,0.0,0.0,0.73,0.0,0.41000000000000003,11.64849436452279,0.9090909090909092,BAHD_acyltransferase_Minimally_Curated_Set.xlsx,real_evidence_plus_model_inference
p-hydroxybenzoyl-CoA:monolignol p-hydroxybenzoyltransferase 1,p-hydroxybenzoyl-CoA:monolignol p-hydroxybenzoyltransferase 1,BAHD acyltransferase,specialized_metabolism,curated_family_function,0.5638143308956455,0.3942,0.9999654674844483,1,1,0,not_high_confidence,1,CYP450 detoxification,cytochrome P450 herbicide metabolism and specialized metabolism,0.1,p450_inhibitors;synergist_candidates,detoxification_modifier,metabolic_resistance;cross_resistance,0.85,0.0,0.0,0.73,0.0,0.41000000000000003,11.64849436452279,0.9090909090909092,BAHD_acyltransferase_Minimally_Curated_Set.xlsx,real_evidence_plus_model_inference
myricetin 3-O-glucosyl rhamnoside 6â€™-O-caffeoyl transferase,myricetin 3-O-glucosyl rhamnoside 6â€™-O-caffeoyl transferase,BAHD acyltransferase,specialized_metabolism,curated_family_function,0.5638143308956455,0.3942,0.9999654674844483,1,1,0,not_high_confidence,1,CYP450 detoxification,cytochrome P450 herbicide metabolism and specialized metabolism,0.1,p450_inhibitors;synergist_candidates,detoxification_modifier,metabolic_resistance;cross_resistance,0.85,0.0,0.0,0.73,0.0,0.41000000000000003,11.64849436452279,0.9090909090909092,BAHD_acyltransferase_Minimally_Curated_Set.xlsx,real_evidence_plus_model_inference
Rosmarinic acid synthase,Rosmarinic acid synthase,BAHD acyltransferase,specialized_metabolism,curated_family_function,0.5638143308956455,0.3942,0.9999654674844483,1,1,0,not_high_confidence,1,CYP450 detoxification,cytochrome P450 herbicide metabolism and specialized metabolism,0.1,p450_inhibitors;synergist_candidates,detoxification_modifier,metabolic_resistance;cross_resistance,0.85,0.0,0.0,0.73,0.0,0.41000000000000003,11.64849436452279,0.9090909090909092,BAHD_acyltransferase_Minimally_Curated_Set.xlsx,real_evidence_plus_model_inference
Populus trichocarpa p-hydroxybenzoyl-CoA:monolignol p-hydroxybenzoyltransferase 1,Populus trichocarpa p-hydroxybenzoyl-CoA:monolignol p-hydroxybenzoyltransferase 1,BAHD acyltransferase,specialized_metabolism,curated_family_function,0.5638143308956455,0.3942,0.9999654674844483,1,1,0,not_high_confidence,1,CYP450 detoxification,cytochrome P450 herbicide metabolism and specialized metabolism,0.1,p450_inhibitors;synergist_candidates,detoxification_modifier,metabolic_resistance;cross_resistance,0.85,0.0,0.0,0.73,0.0,0.41000000000000003,11.64849436452279,0.9090909090909092,BAHD_acyltransferase_Minimally_Curated_Set.xlsx,real_evidence_plus_model_inference
ECERIFERUM2-LIKE1,ECERIFERUM2-LIKE1,BAHD acyltransferase,specialized_metabolism,curated_family_function,0.5638143308956455,0.3942,0.9999654674844483,1,1,0,not_high_confidence,1,CYP450 detoxification,cytochrome P450 herbicide metabolism and specialized metabolism,0.1,p450_inhibitors;synergist_candidates,detoxification_modifier,metabolic_resistance;cross_resistance,0.85,0.0,0.0,0.73,0.0,0.41000000000000003,11.64849436452279,0.9090909090909092,BAHD_acyltransferase_Minimally_Curated_Set.xlsx,real_evidence_plus_model_inference
ECERIFERUM2-LIKE2,ECERIFERUM2-LIKE2,BAHD acyltransferase,specialized_metabolism,curated_family_function,0.5638143308956455,0.3942,0.9999654674844483,1,1,0,not_high_confidence,1,CYP450 detoxification,cytochrome P450 herbicide metabolism and specialized metabolism,0.1,p450_inhibitors;synergist_candidates,detoxification_modifier,metabolic_resistance;cross_resistance,0.85,0.0,0.0,0.73,0.0,0.41000000000000003,11.64849436452279,0.9090909090909092,BAHD_acyltransferase_Minimally_Curated_Set.xlsx,real_evidence_plus_model_inference
Hydroxycinnamoyl-CoA:putrescine acyltransferase; hydroxycinnamoyl-coenzyme A:putrescine acyltransferase,Hydroxycinnamoyl-CoA:putrescine acyltransferase; hydroxycinnamoyl-coenzyme A:putrescine acyltransferase,BAHD acyltransferase,specialized_metabolism,curated_family_function,0.5638143308956455,0.3942,0.9999654674844483,1,1,0,not_high_confidence,1,CYP450 detoxification,cytochrome P450 herbicide metabolism and specialized metabolism,0.1,p450_inhibitors;synergist_candidates,detoxification_modifier,metabolic_resistance;cross_resistance,0.85,0.0,0.0,0.73,0.0,0.41000000000000003,11.64849436452279,0.9090909090909092,BAHD_acyltransferase_Minimally_Curated_Set.xlsx,real_evidence_plus_model_inference
Hydroxycinnamoyl-CoA:spermidine acyltransferase; hydroxycinnamoyl-coenzyme A:spermidine acyltransferase,Hydroxycinnamoyl-CoA:spermidine acyltransferase; hydroxycinnamoyl-coenzyme A:spermidine acyltransferase,BAHD acyltransferase,specialized_metabolism,curated_family_function,0.5638143308956455,0.3942,0.9999654674844483,1,1,0,not_high_confidence,1,CYP450 detoxification,cytochrome P450 herbicide metabolism and specialized metabolism,0.1,p450_inhibitors;synergist_candidates,detoxification_modifier,metabolic_resistance;cross_resistance,0.85,0.0,0.0,0.73,0.0,0.41000000000000003,11.64849436452279,0.9090909090909092,BAHD_acyltransferase_Minimally_Curated_Set.xlsx,real_evidence_plus_model_inference
Hydroxycinnamoyl-CoA:monoacylated spermidine acyltransferase; hydroxycinnamoyl-coenzyme A:monoacylated spermidines acyltransferase,Hydroxycinnamoyl-CoA:monoacylated spermidine acyltransferase; hydroxycinnamoyl-coenzyme A:monoacylated spermidines acyltransferase,BAHD acyltransferase,specialized_metabolism,curated_family_function,0.5638143308956455,0.3942,0.9999654674844483,1,1,0,not_high_confidence,1,CYP450 detoxification,cytochrome P450 herbicide metabolism and specialized metabolism,0.1,p450_inhibitors;synergist_candidates,detoxification_modifier,metabolic_resistance;cross_resistance,0.85,0.0,0.0,0.73,0.0,0.41000000000000003,11.64849436452279,0.9090909090909092,BAHD_acyltransferase_Minimally_Curated_Set.xlsx,real_evidence_plus_model_inference
ACYLSUGAR ACYLTRANSFERASE3,ACYLSUGAR ACYLTRANSFERASE3,BAHD acyltransferase,specialized_metabolism,curated_family_function,0.5638143308956455,0.3942,0.9999654674844483,1,1,0,not_high_confidence,1,CYP450 detoxification,cytochrome P450 herbicide metabolism and specialized metabolism,0.1,p450_inhibitors;synergist_candidates,detoxification_modifier,metabolic_resistance;cross_resistance,0.85,0.0,0.0,0.73,0.0,0.41000000000000003,11.64849436452279,0.9090909090909092,BAHD_acyltransferase_Minimally_Curated_Set.xlsx,real_evidence_plus_model_inference
Solenostemon scutellarioides rosmarinic acid synthase,Solenostemon scutellarioides rosmarinic acid synthase,BAHD acyltransferase,specialized_metabolism,curated_family_function,0.5638143308956455,0.3942,0.9999654674844483,1,1,0,not_high_confidence,1,CYP450 detoxification,cytochrome P450 herbicide metabolism and specialized metabolism,0.1,p450_inhibitors;synergist_candidates,detoxification_modifier,metabolic_resistance;cross_resistance,0.85,0.0,0.0,0.73,0.0,0.41000000000000003,11.64849436452279,0.9090909090909092,BAHD_acyltransferase_Minimally_Curated_Set.xlsx,real_evidence_plus_model_inference
Avena sativa hydroxycinnamoyl-CoA:hydroxyanthranilate-N-hydroxycinnamoyltransferse,Avena sativa hydroxycinnamoyl-CoA:hydroxyanthranilate-N-hydroxycinnamoyltransferse,BAHD acyltransferase,specialized_metabolism,curated_family_function,0.5638143308956455,0.3942,0.9999654674844483,1,1,0,not_high_confidence,1,CYP450 detoxification,cytochrome P450 herbicide metabolism and specialized metabolism,0.1,p450_inhibitors;synergist_candidates,detoxification_modifier,metabolic_resistance;cross_resistance,0.85,0.0,0.0,0.73,0.0,0.41000000000000003,11.64849436452279,0.9090909090909092,BAHD_acyltransferase_Minimally_Curated_Set.xlsx,real_evidence_plus_model_inference
GLOSSY2,GLOSSY2,BAHD acyltransferase,specialized_metabolism,curated_family_function,0.5638143308956455,0.3942,0.9999654674844483,1,1,0,not_high_confidence,1,CYP450 detoxification,cytochrome P450 herbicide metabolism and specialized metabolism,0.1,p450_inhibitors;synergist_candidates,detoxification_modifier,metabolic_resistance;cross_resistance,0.85,0.0,0.0,0.73,0.0,0.41000000000000003,11.64849436452279,0.9090909090909092,BAHD_acyltransferase_Minimally_Curated_Set.xlsx,real_evidence_plus_model_inference
GLOSSY2-LIKE,GLOSSY2-LIKE,BAHD acyltransferase,specialized_metabolism,curated_family_function,0.5638143308956455,0.3942,0.9999654674844483,1,1,0,not_high_confidence,1,CYP450 detoxification,cytochrome P450 herbicide metabolism and specialized metabolism,0.1,p450_inhibitors;synergist_candidates,detoxification_modifier,metabolic_resistance;cross_resistance,0.85,0.0,0.0,0.73,0.0,0.41000000000000003,11.64849436452279,0.9090909090909092,BAHD_acyltransferase_Minimally_Curated_Set.xlsx,real_evidence_plus_model_inference
ECERIFERUM2,ECERIFERUM2,BAHD acyltransferase,specialized_metabolism,curated_family_function,0.5638143308956455,0.3942,0.9999654674844483,1,1,0,not_high_confidence,1,CYP450 detoxification,cytochrome P450 herbicide metabolism and specialized metabolism,0.1,p450_inhibitors;synergist_candidates,detoxification_modifier,metabolic_resistance;cross_resistance,0.85,0.0,0.0,0.73,0.0,0.41000000000000003,11.64849436452279,0.9090909090909092,BAHD_acyltransferase_Minimally_Curated_Set.xlsx,real_evidence_plus_model_inference
Ocimum basilicum coniferyl alcohol acyltransferase,Ocimum basilicum coniferyl alcohol acyltransferase,BAHD acyltransferase,specialized_metabolism,curated_family_function,0.5638143308956455,0.3942,0.9999654674844483,1,1,0,not_high_confidence,1,CYP450 detoxification,cytochrome P450 herbicide metabolism and specialized metabolism,0.1,p450_inhibitors;synergist_candidates,detoxification_modifier,metabolic_resistance;cross_resistance,0.85,0.0,0.0,0.73,0.0,0.41000000000000003,11.64849436452279,0.9090909090909092,BAHD_acyltransferase_Minimally_Curated_Set.xlsx,real_evidence_plus_model_inference
Arabinoxylan feruloyl transferase,Arabinoxylan feruloyl transferase,BAHD acyltransferase,specialized_metabolism,curated_family_function,0.5638143308956455,0.3942,0.9999654674844483,1,1,0,not_high_confidence,1,CYP450 detoxification,cytochrome P450 herbicide metabolism and specialized metabolism,0.1,p450_inhibitors;synergist_candidates,detoxification_modifier,metabolic_resistance;cross_resistance,0.85,0.0,0.0,0.73,0.0,0.41000000000000003,11.64849436452279,0.9090909090909092,BAHD_acyltransferase_Minimally_Curated_Set.xlsx,real_evidence_plus_model_inference
Feruloyl transferase,Feruloyl transferase,BAHD acyltransferase,specialized_metabolism,curated_family_function,0.5638143308956455,0.3942,0.9999654674844483,1,1,0,not_high_confidence,1,CYP450 detoxification,cytochrome P450 herbicide metabolism and specialized metabolism,0.1,p450_inhibitors;synergist_candidates,detoxification_modifier,metabolic_resistance;cross_resistance,0.85,0.0,0.0,0.73,0.0,0.41000000000000003,11.64849436452279,0.9090909090909092,BAHD_acyltransferase_Minimally_Curated_Set.xlsx,real_evidence_plus_model_inference
Fatty Alcohol:Caffeoyl-CoA Caffeoyl Transferase,Fatty Alcohol:Caffeoyl-CoA Caffeoyl Transferase,BAHD acyltransferase,specialized_metabolism,curated_family_function,0.5638143308956455,0.3942,0.9999654674844483,1,1,0,not_high_confidence,1,CYP450 detoxification,cytochrome P450 herbicide metabolism and specialized metabolism,0.1,p450_inhibitors;synergist_candidates,detoxification_modifier,metabolic_resistance;cross_resistance,0.85,0.0,0.0,0.73,0.0,0.41000000000000003,11.64849436452279,0.9090909090909092,BAHD_acyltransferase_Minimally_Curated_Set.xlsx,real_evidence_plus_model_inference
BAHD terpene alcohol acyltransferase,BAHD terpene alcohol acyltransferase,BAHD acyltransferase,specialized_metabolism,curated_family_function,0.5638143308956455,0.3942,0.9999654674844483,1,1,0,not_high_confidence,1,CYP450 detoxification,cytochrome P450 herbicide metabolism and specialized metabolism,0.1,p450_inhibitors;synergist_candidates,detoxification_modifier,metabolic_resistance;cross_resistance,0.85,0.0,0.0,0.73,0.0,0.41000000000000003,11.64849436452279,0.9090909090909092,BAHD_acyltransferase_Minimally_Curated_Set.xlsx,real_evidence_plus_model_inference
BAHD acyltransferase,BAHD acyltransferase,BAHD acyltransferase,specialized_metabolism,curated_family_function,0.5638143308956455,0.3942,0.9999654674844483,1,1,0,not_high_confidence,1,CYP450 detoxification,cytochrome P450 herbicide metabolism and specialized metabolism,0.1,p450_inhibitors;synergist_candidates,detoxification_modifier,metabolic_resistance;cross_resistance,0.85,0.0,0.0,0.73,0.0,0.41000000000000003,11.64849436452279,0.9090909090909092,BAHD_acyltransferase_Minimally_Curated_Set.xlsx,real_evidence_plus_model_inference
Coniferyl alcohol acetyltransferase; coniferyl alcohol acetyltransferase 1,Coniferyl alcohol acetyltransferase; coniferyl alcohol acetyltransferase 1,BAHD acyltransferase,specialized_metabolism,curated_family_function,0.5638143308956455,0.3942,0.9999654674844483,1,1,0,not_high_confidence,1,CYP450 detoxification,cytochrome P450 herbicide metabolism and specialized metabolism,0.1,p450_inhibitors;synergist_candidates,detoxification_modifier,metabolic_resistance;cross_resistance,0.85,0.0,0.0,0.73,0.0,0.41000000000000003,11.64849436452279,0.9090909090909092,BAHD_acyltransferase_Minimally_Curated_Set.xlsx,real_evidence_plus_model_inference
Glucuronosylglycerol Ester Synthase,Glucuronosylglycerol Ester Synthase,BAHD acyltransferase,specialized_metabolism,curated_family_function,0.5638143308956455,0.3942,0.9999654674844483,1,1,0,not_high_confidence,1,CYP450 detoxification,cytochrome P450 herbicide metabolism and specialized metabolism,0.1,p450_inhibitors;synergist_candidates,detoxification_modifier,metabolic_resistance;cross_resistance,0.85,0.0,0.0,0.73,0.0,0.41000000000000003,11.64849436452279,0.9090909090909092,BAHD_acyltransferase_Minimally_Curated_Set.xlsx,real_evidence_plus_model_inference
piperamide synthase,piperamide synthase,BAHD acyltransferase,specialized_metabolism,curated_family_function,0.5638143308956455,0.3942,0.9999654674844483,1,1,0,not_high_confidence,1,CYP450 detoxification,cytochrome P450 herbicide metabolism and specialized metabolism,0.1,p450_inhibitors;synergist_candidates,detoxification_modifier,metabolic_resistance;cross_resistance,0.85,0.0,0.0,0.73,0.0,0.41000000000000003,11.64849436452279,0.9090909090909092,BAHD_acyltransferase_Minimally_Curated_Set.xlsx,real_evidence_plus_model_inference
Cinnamyl alcohol acyltransferase,Cinnamyl alcohol acyltransferase,BAHD acyltransferase,specialized_metabolism,curated_family_function,0.5638143308956455,0.3942,0.9999654674844483,1,1,0,not_high_confidence,1,CYP450 detoxification,cytochrome P450 herbicide metabolism and specialized metabolism,0.1,p450_inhibitors;synergist_candidates,detoxification_modifier,metabolic_resistance;cross_resistance,0.85,0.0,0.0,0.73,0.0,0.41000000000000003,11.64849436452279,0.9090909090909092,BAHD_acyltransferase_Minimally_Curated_Set.xlsx,real_evidence_plus_model_inference
p-coumarate monolignol transferase,p-coumarate monolignol transferase,BAHD acyltransferase,specialized_metabolism,curated_family_function,0.5638143308956455,0.3942,0.9999654674844483,1,1,0,not_high_confidence,1,CYP450 detoxification,cytochrome P450 herbicide metabolism and specialized metabolism,0.1,p450_inhibitors;synergist_candidates,detoxification_modifier,metabolic_resistance;cross_resistance,0.85,0.0,0.0,0.73,0.0,0.41000000000000003,11.64849436452279,0.9090909090909092,BAHD_acyltransferase_Minimally_Curated_Set.xlsx,real_evidence_plus_model_inference
tabersonine derivative 19-O-acetyltransferase,tabersonine derivative 19-O-acetyltransferase,BAHD acyltransferase,specialized_metabolism,curated_family_function,0.5638143308956455,0.3942,0.9999654674844483,1,1,0,not_high_confidence,1,CYP450 detoxification,cytochrome P450 herbicide metabolism and specialized metabolism,0.1,p450_inhibitors;synergist_candidates,detoxification_modifier,metabolic_resistance;cross_resistance,0.85,0.0,0.0,0.73,0.0,0.41000000000000003,11.64849436452279,0.9090909090909092,BAHD_acyltransferase_Minimally_Curated_Set.xlsx,real_evidence_plus_model_inference
minovincinine 19-hydroxy-O-acetyltransferase,minovincinine 19-hydroxy-O-acetyltransferase,BAHD acyltransferase,specialized_metabolism,curated_family_function,0.5638143308956455,0.3942,0.9999654674844483,1,1,0,not_high_confidence,1,CYP450 detoxification,cytochrome P450 herbicide metabolism and specialized metabolism,0.1,p450_inhibitors;synergist_candidates,detoxification_modifier,metabolic_resistance;cross_resistance,0.85,0.0,0.0,0.73,0.0,0.41000000000000003,11.64849436452279,0.9090909090909092,BAHD_acyltransferase_Minimally_Curated_Set.xlsx,real_evidence_plus_model_inference
BAHD acetyltransferase; wound-responsive BAHD acetyltransferase,BAHD acetyltransferase; wound-responsive BAHD acetyltransferase,BAHD acyltransferase,specialized_metabolism,curated_family_function,0.5638143308956455,0.3942,0.9999654674844483,1,1,0,not_high_confidence,1,CYP450 detoxification,cytochrome P450 herbicide metabolism and specialized metabolism,0.1,p450_inhibitors;synergist_candidates,detoxification_modifier,metabolic_resistance;cross_resistance,0.85,0.0,0.0,0.73,0.0,0.41000000000000003,11.64849436452279,0.9090909090909092,BAHD_acyltransferase_Minimally_Curated_Set.xlsx,real_evidence_plus_model_inference
hydroxycinnamoyl-CoA:salidroside hydroxycinnamoyltransferase,hydroxycinnamoyl-CoA:salidroside hydroxycinnamoyltransferase,BAHD acyltransferase,specialized_metabolism,curated_family_function,0.5638143308956455,0.3942,0.9999654674844483,1,1,0,not_high_confidence,1,CYP450 detoxification,cytochrome P450 herbicide metabolism and specialized metabolism,0.1,p450_inhibitors;synergist_candidates,detoxification_modifier,metabolic_resistance;cross_resistance,0.85,0.0,0.0,0.73,0.0,0.41000000000000003,11.64849436452279,0.9090909090909092,BAHD_acyltransferase_Minimally_Curated_Set.xlsx,real_evidence_plus_model_inference
salidroside hydroxycinnamoyltransferase,salidroside hydroxycinnamoyltransferase,BAHD acyltransferase,specialized_metabolism,curated_family_function,0.5638143308956455,0.3942,0.9999654674844483,1,1,0,not_high_confidence,1,CYP450 detoxification,cytochrome P450 herbicide metabolism and specialized metabolism,0.1,p450_inhibitors;synergist_candidates,detoxification_modifier,metabolic_resistance;cross_resistance,0.85,0.0,0.0,0.73,0.0,0.41000000000000003,11.64849436452279,0.9090909090909092,BAHD_acyltransferase_Minimally_Curated_Set.xlsx,real_evidence_plus_model_inference
piperine synthase,piperine synthase,BAHD acyltransferase,specialized_metabolism,curated_family_function,0.5638143308956455,0.3942,0.9999654674844483,1,1,0,not_high_confidence,1,CYP450 detoxification,cytochrome P450 herbicide metabolism and specialized metabolism,0.1,p450_inhibitors;synergist_candidates,detoxification_modifier,metabolic_resistance;cross_resistance,0.85,0.0,0.0,0.73,0.0,0.41000000000000003,11.64849436452279,0.9090909090909092,BAHD_acyltransferase_Minimally_Curated_Set.xlsx,real_evidence_plus_model_inference
Spermine hydroxycinnamoyl transferase,Spermine hydroxycinnamoyl transferase,BAHD acyltransferase,specialized_metabolism,curated_family_function,0.5638143308956455,0.3942,0.9999654674844483,1,1,0,not_high_confidence,1,CYP450 detoxification,cytochrome P450 herbicide metabolism and specialized metabolism,0.1,p450_inhibitors;synergist_candidates,detoxification_modifier,metabolic_resistance;cross_resistance,0.85,0.0,0.0,0.73,0.0,0.41000000000000003,11.64849436452279,0.9090909090909092,BAHD_acyltransferase_Minimally_Curated_Set.xlsx,real_evidence_plus_model_inference
Acylsucrose Acyl transferase 1,Acylsucrose Acyl transferase 1,BAHD acyltransferase,specialized_metabolism,curated_family_function,0.5638143308956455,0.3942,0.9999654674844483,1,1,0,not_high_confidence,1,CYP450 detoxification,cytochrome P450 herbicide metabolism and specialized metabolism,0.1,p450_inhibitors;synergist_candidates,detoxification_modifier,metabolic_resistance;cross_resistance,0.85,0.0,0.0,0.73,0.0,0.41000000000000003,11.64849436452279,0.9090909090909092,BAHD_acyltransferase_Minimally_Curated_Set.xlsx,real_evidence_plus_model_inference
S. pennellii acylsucrose acyltransferase 1,S. pennellii acylsucrose acyltransferase 1,BAHD acyltransferase,specialized_metabolism,curated_family_function,0.5638143308956455,0.3942,0.9999654674844483,1,1,0,not_high_confidence,1,CYP450 detoxification,cytochrome P450 herbicide metabolism and specialized metabolism,0.1,p450_inhibitors;synergist_candidates,detoxification_modifier,metabolic_resistance;cross_resistance,0.85,0.0,0.0,0.73,0.0,0.41000000000000003,11.64849436452279,0.9090909090909092,BAHD_acyltransferase_Minimally_Curated_Set.xlsx,real_evidence_plus_model_inference
alkannin O-acyltransferase,alkannin O-acyltransferase,BAHD acyltransferase,specialized_metabolism,curated_family_function,0.5638143308956455,0.3942,0.9999654674844483,1,1,0,not_high_confidence,1,CYP450 detoxification,cytochrome P450 herbicide metabolism and specialized metabolism,0.1,p450_inhibitors;synergist_candidates,detoxification_modifier,metabolic_resistance;cross_resistance,0.85,0.0,0.0,0.73,0.0,0.41000000000000003,11.64849436452279,0.9090909090909092,BAHD_acyltransferase_Minimally_Curated_Set.xlsx,real_evidence_plus_model_inference
glycerol-3-phosphate acyltransferase 4,glycerol-3-phosphate acyltransferase 4,BAHD acyltransferase,specialized_metabolism,curated_family_function,0.5638143308956455,0.3942,0.9999654674844483,1,1,0,not_high_confidence,1,CYP450 detoxification,cytochrome P450 herbicide metabolism and specialized metabolism,0.1,p450_inhibitors;synergist_candidates,detoxification_modifier,metabolic_resistance;cross_resistance,0.85,0.0,0.0,0.73,0.0,0.41000000000000003,11.64849436452279,0.9090909090909092,BAHD_acyltransferase_Minimally_Curated_Set.xlsx,real_evidence_plus_model_inference
Acyltransferase 2,Acyltransferase 2,BAHD acyltransferase,specialized_metabolism,curated_family_function,0.5638143308956455,0.3942,0.9999654674844483,1,1,0,not_high_confidence,1,CYP450 detoxification,cytochrome P450 herbicide metabolism and specialized metabolism,0.1,p450_inhibitors;synergist_candidates,detoxification_modifier,metabolic_resistance;cross_resistance,0.85,0.0,0.0,0.73,0.0,0.41000000000000003,11.64849436452279,0.9090909090909092,BAHD_acyltransferase_Minimally_Curated_Set.xlsx,real_evidence_plus_model_inference
isoflavone 7-O-glucoside-600-O-malonyltransferase; malonyl-CoA:isoflavone 7-O-glucoside-600-O-malonyltransferase,isoflavone 7-O-glucoside-600-O-malonyltransferase; malonyl-CoA:isoflavone 7-O-glucoside-600-O-malonyltransferase,BAHD acyltransferase,specialized_metabolism,curated_family_function,0.5638143308956455,0.3942,0.9999654674844483,1,1,0,not_high_confidence,1,CYP450 detoxification,cytochrome P450 herbicide metabolism and specialized metabolism,0.1,p450_inhibitors;synergist_candidates,detoxification_modifier,metabolic_resistance;cross_resistance,0.85,0.0,0.0,0.73,0.0,0.41000000000000003,11.64849436452279,0.9090909090909092,BAHD_acyltransferase_Minimally_Curated_Set.xlsx,real_evidence_plus_model_inference
Acyltransferase1,Acyltransferase1,BAHD acyltransferase,specialized_metabolism,curated_family_function,0.5638143308956455,0.3942,0.9999654674844483,1,1,0,not_high_confidence,1,CYP450 detoxification,cytochrome P450 herbicide metabolism and specialized metabolism,0.1,p450_inhibitors;synergist_candidates,detoxification_modifier,metabolic_resistance;cross_resistance,0.85,0.0,0.0,0.73,0.0,0.41000000000000003,11.64849436452279,0.9090909090909092,BAHD_acyltransferase_Minimally_Curated_Set.xlsx,real_evidence_plus_model_inference
Acyltransferase3,Acyltransferase3,BAHD acyltransferase,specialized_metabolism,curated_family_function,0.5638143308956455,0.3942,0.9999654674844483,1,1,0,not_high_confidence,1,CYP450 detoxification,cytochrome P450 herbicide metabolism and specialized metabolism,0.1,p450_inhibitors;synergist_candidates,detoxification_modifier,metabolic_resistance;cross_resistance,0.85,0.0,0.0,0.73,0.0,0.41000000000000003,11.64849436452279,0.9090909090909092,BAHD_acyltransferase_Minimally_Curated_Set.xlsx,real_evidence_plus_model_inference
Acyltransferase2,Acyltransferase2,BAHD acyltransferase,specialized_metabolism,curated_family_function,0.5638143308956455,0.3942,0.9999654674844483,1,1,0,not_high_confidence,1,CYP450 detoxification,cytochrome P450 herbicide metabolism and specialized metabolism,0.1,p450_inhibitors;synergist_candidates,detoxification_modifier,metabolic_resistance;cross_resistance,0.85,0.0,0.0,0.73,0.0,0.41000000000000003,11.64849436452279,0.9090909090909092,BAHD_acyltransferase_Minimally_Curated_Set.xlsx,real_evidence_plus_model_inference
Hydroxycinnamoyl-Coenzyme A: tartaric acid hydroxycinnamoyl transferase,Hydroxycinnamoyl-Coenzyme A: tartaric acid hydroxycinnamoyl transferase,BAHD acyltransferase,specialized_metabolism,curated_family_function,0.5638143308956455,0.3942,0.9999654674844483,1,1,0,not_high_confidence,1,CYP450 detoxification,cytochrome P450 herbicide metabolism and specialized metabolism,0.1,p450_inhibitors;synergist_candidates,detoxification_modifier,metabolic_resistance;cross_resistance,0.85,0.0,0.0,0.73,0.0,0.41000000000000003,11.64849436452279,0.9090909090909092,BAHD_acyltransferase_Minimally_Curated_Set.xlsx,real_evidence_plus_model_inference
spermidine disinapoyl transferase; spermidine sinapoyl CoA acyltransferase,spermidine disinapoyl transferase; spermidine sinapoyl CoA acyltransferase,BAHD acyltransferase,specialized_metabolism,curated_family_function,0.5638143308956455,0.3942,0.9999654674844483,1,1,0,not_high_confidence,1,CYP450 detoxification,cytochrome P450 herbicide metabolism and specialized metabolism,0.1,p450_inhibitors;synergist_candidates,detoxification_modifier,metabolic_resistance;cross_resistance,0.85,0.0,0.0,0.73,0.0,0.41000000000000003,11.64849436452279,0.9090909090909092,BAHD_acyltransferase_Minimally_Curated_Set.xlsx,real_evidence_plus_model_inference
spermidine sinapoyl CoA acyltransferase,spermidine sinapoyl CoA acyltransferase,BAHD acyltransferase,specialized_metabolism,curated_family_function,0.5638143308956455,0.3942,0.9999654674844483,1,1,0,not_high_confidence,1,CYP450 detoxification,cytochrome P450 herbicide metabolism and specialized metabolism,0.1,p450_inhibitors;synergist_candidates,detoxification_modifier,metabolic_resistance;cross_resistance,0.85,0.0,0.0,0.73,0.0,0.41000000000000003,11.64849436452279,0.9090909090909092,BAHD_acyltransferase_Minimally_Curated_Set.xlsx,real_evidence_plus_model_inference
Hydroxycinnamoyl-CoA:hydroxyacid O-hydroxycinnamoyltransferase,Hydroxycinnamoyl-CoA:hydroxyacid O-hydroxycinnamoyltransferase,BAHD acyltransferase,specialized_metabolism,curated_family_function,0.5638143308956455,0.3942,0.9999654674844483,1,1,0,not_high_confidence,1,CYP450 detoxification,cytochrome P450 herbicide metabolism and specialized metabolism,0.1,p450_inhibitors;synergist_candidates,detoxification_modifier,metabolic_resistance;cross_resistance,0.85,0.0,0.0,0.73,0.0,0.41000000000000003,11.64849436452279,0.9090909090909092,BAHD_acyltransferase_Minimally_Curated_Set.xlsx,real_evidence_plus_model_inference
acetyl CoA:(Z)-3-hexen-1-ol acetyltransferase,acetyl CoA:(Z)-3-hexen-1-ol acetyltransferase,BAHD acyltransferase,specialized_metabolism,curated_family_function,0.5638143308956455,0.3942,0.9999654674844483,1,1,0,not_high_confidence,1,CYP450 detoxification,cytochrome P450 herbicide metabolism and specialized metabolism,0.1,p450_inhibitors;synergist_candidates,detoxification_modifier,metabolic_resistance;cross_resistance,0.85,0.0,0.0,0.73,0.0,0.41000000000000003,11.64849436452279,0.9090909090909092,BAHD_acyltransferase_Minimally_Curated_Set.xlsx,real_evidence_plus_model_inference
1-O-hydroxycinnamoyl-beta-glucose:amaranthin O-hydroxycinnamoyltransferase,1-O-hydroxycinnamoyl-beta-glucose:amaranthin O-hydroxycinnamoyltransferase,BAHD acyltransferase,specialized_metabolism,curated_family_function,0.5638143308956455,0.3942,0.9999654674844483,1,1,0,not_high_confidence,1,CYP450 detoxification,cytochrome P450 herbicide metabolism and specialized metabolism,0.1,p450_inhibitors;synergist_candidates,detoxification_modifier,metabolic_resistance;cross_resistance,0.85,0.0,0.0,0.73,0.0,0.41000000000000003,11.64849436452279,0.9090909090909092,BAHD_acyltransferase_Minimally_Curated_Set.xlsx,real_evidence_plus_model_inference
1-O-hydroxycinnamoyl-Î²-glucose:amaranthin O-hydroxycinnamoyltransferase,1-O-hydroxycinnamoyl-Î²-glucose:amaranthin O-hydroxycinnamoyltransferase,BAHD acyltransferase,specialized_metabolism,curated_family_function,0.5638143308956455,0.3942,0.9999654674844483,1,1,0,not_high_confidence,1,CYP450 detoxification,cytochrome P450 herbicide metabolism and specialized metabolism,0.1,p450_inhibitors;synergist_candidates,detoxification_modifier,metabolic_resistance;cross_resistance,0.85,0.0,0.0,0.73,0.0,0.41000000000000003,11.64849436452279,0.9090909090909092,BAHD_acyltransferase_Minimally_Curated_Set.xlsx,real_evidence_plus_model_inference
hydroxycinnamoyl-CoA:piscidic acid hydroxycinnamoyltransferase,hydroxycinnamoyl-CoA:piscidic acid hydroxycinnamoyltransferase,BAHD acyltransferase,specialized_metabolism,curated_family_function,0.5638143308956455,0.3942,0.9999654674844483,1,1,0,not_high_confidence,1,CYP450 detoxification,cytochrome P450 herbicide metabolism and specialized metabolism,0.1,p450_inhibitors;synergist_candidates,detoxification_modifier,metabolic_resistance;cross_resistance,0.85,0.0,0.0,0.73,0.0,0.41000000000000003,11.64849436452279,0.9090909090909092,BAHD_acyltransferase_Minimally_Curated_Set.xlsx,real_evidence_plus_model_inference
spermidine coumaroyl CoA acyltransferase,spermidine coumaroyl CoA acyltransferase,BAHD acyltransferase,specialized_metabolism,curated_family_function,0.5638143308956455,0.3942,0.9999654674844483,1,1,0,not_high_confidence,1,CYP450 detoxification,cytochrome P450 herbicide metabolism and specialized metabolism,0.1,p450_inhibitors;synergist_candidates,detoxification_modifier,metabolic_resistance;cross_resistance,0.85,0.0,0.0,0.73,0.0,0.41000000000000003,11.64849436452279,0.9090909090909092,BAHD_acyltransferase_Minimally_Curated_Set.xlsx,real_evidence_plus_model_inference
Coumaroyl-CoA:shikimic acid hydroxycinnamoyltransferase; Hydroxycinnamoyltransferase,Coumaroyl-CoA:shikimic acid hydroxycinnamoyltransferase; Hydroxycinnamoyltransferase,BAHD acyltransferase,specialized_metabolism,curated_family_function,0.5638143308956455,0.3942,0.9999654674844483,1,1,0,not_high_confidence,1,CYP450 detoxification,cytochrome P450 herbicide metabolism and specialized metabolism,0.1,p450_inhibitors;synergist_candidates,detoxification_modifier,metabolic_resistance;cross_resistance,0.85,0.0,0.0,0.73,0.0,0.41000000000000003,11.64849436452279,0.9090909090909092,BAHD_acyltransferase_Minimally_Curated_Set.xlsx,real_evidence_plus_model_inference
soyasaponin acetyltransferase,soyasaponin acetyltransferase,BAHD acyltransferase,specialized_metabolism,curated_family_function,0.5638143308956455,0.3942,0.9999654674844483,1,1,0,not_high_confidence,1,CYP450 detoxification,cytochrome P450 herbicide metabolism and specialized metabolism,0.1,p450_inhibitors;synergist_candidates,detoxification_modifier,metabolic_resistance;cross_resistance,0.85,0.0,0.0,0.73,0.0,0.41000000000000003,11.64849436452279,0.9090909090909092,BAHD_acyltransferase_Minimally_Curated_Set.xlsx,real_evidence_plus_model_inference
soyasaponin acetyltransferase-1,soyasaponin acetyltransferase-1,BAHD acyltransferase,specialized_metabolism,curated_family_function,0.5638143308956455,0.3942,0.9999654674844483,1,1,0,not_high_confidence,1,CYP450 detoxification,cytochrome P450 herbicide metabolism and specialized metabolism,0.1,p450_inhibitors;synergist_candidates,detoxification_modifier,metabolic_resistance;cross_resistance,0.85,0.0,0.0,0.73,0.0,0.41000000000000003,11.64849436452279,0.9090909090909092,BAHD_acyltransferase_Minimally_Curated_Set.xlsx,real_evidence_plus_model_inference
BAHD acyltransferase clade A (IV),BAHD acyltransferase clade A (IV),BAHD acyltransferase,specialized_metabolism,curated_family_function,0.5638143308956455,0.3942,0.9999654674844483,1,1,0,not_high_confidence,1,CYP450 detoxification,cytochrome P450 herbicide metabolism and specialized metabolism,0.1,p450_inhibitors;synergist_candidates,detoxification_modifier,metabolic_resistance;cross_resistance,0.85,0.0,0.0,0.73,0.0,0.41000000000000003,11.64849436452279,0.9090909090909092,BAHD_acyltransferase_Minimally_Curated_Set.xlsx,real_evidence_plus_model_inference
BAHD acyltransferase clade A (I),BAHD acyltransferase clade A (I),BAHD acyltransferase,specialized_metabolism,curated_family_function,0.5638143308956455,0.3942,0.9999654674844483,1,1,0,not_high_confidence,1,CYP450 detoxification,cytochrome P450 herbicide metabolism and specialized metabolism,0.1,p450_inhibitors;synergist_candidates,detoxification_modifier,metabolic_resistance;cross_resistance,0.85,0.0,0.0,0.73,0.0,0.41000000000000003,11.64849436452279,0.9090909090909092,BAHD_acyltransferase_Minimally_Curated_Set.xlsx,real_evidence_plus_model_inference
BAHD acyltransferase clade A (III),BAHD acyltransferase clade A (III),BAHD acyltransferase,specialized_metabolism,curated_family_function,0.5638143308956455,0.3942,0.9999654674844483,1,1,0,not_high_confidence,1,CYP450 detoxification,cytochrome P450 herbicide metabolism and specialized metabolism,0.1,p450_inhibitors;synergist_candidates,detoxification_modifier,metabolic_resistance;cross_resistance,0.85,0.0,0.0,0.73,0.0,0.41000000000000003,11.64849436452279,0.9090909090909092,BAHD_acyltransferase_Minimally_Curated_Set.xlsx,real_evidence_plus_model_inference
N-hydroxycinnamoyl/benzoyltransferase-like,N-hydroxycinnamoyl/benzoyltransferase-like,BAHD acyltransferase,specialized_metabolism,curated_family_function,0.5638143308956455,0.3942,0.9999654674844483,1,1,0,not_high_confidence,1,CYP450 detoxification,cytochrome P450 herbicide metabolism and specialized metabolism,0.1,p450_inhibitors;synergist_candidates,detoxification_modifier,metabolic_resistance;cross_resistance,0.85,0.0,0.0,0.73,0.0,0.41000000000000003,11.64849436452279,0.9090909090909092,BAHD_acyltransferase_Minimally_Curated_Set.xlsx,real_evidence_plus_model_inference
"gentian 5-O-glucoside-6""-O-acyltransferase (5AT)","gentian 5-O-glucoside-6""-O-acyltransferase (5AT)",BAHD acyltransferase,specialized_metabolism,curated_family_function,0.5638143308956455,0.3942,0.9999654674844483,1,1,0,not_high_confidence,1,CYP450 detoxification,cytochrome P450 herbicide metabolism and specialized metabolism,0.1,p450_inhibitors;synergist_candidates,detoxification_modifier,metabolic_resistance;cross_resistance,0.85,0.0,0.0,0.73,0.0,0.41000000000000003,11.64849436452279,0.9090909090909092,BAHD_acyltransferase_Minimally_Curated_Set.xlsx,real_evidence_plus_model_inference
Solanum nigrum acylsugar acyltransferase 1,Solanum nigrum acylsugar acyltransferase 1,BAHD acyltransferase,specialized_metabolism,curated_family_function,0.5638143308956455,0.3942,0.9999654674844483,1,1,0,not_high_confidence,1,CYP450 detoxification,cytochrome P450 herbicide metabolism and specialized metabolism,0.1,p450_inhibitors;synergist_candidates,detoxification_modifier,metabolic_resistance;cross_resistance,0.85,0.0,0.0,0.73,0.0,0.41000000000000003,11.64849436452279,0.9090909090909092,BAHD_acyltransferase_Minimally_Curated_Set.xlsx,real_evidence_plus_model_inference
Solanum nigrum acylglucose acyltransferase 1,Solanum nigrum acylglucose acyltransferase 1,BAHD acyltransferase,specialized_metabolism,curated_family_function,0.5638143308956455,0.3942,0.9999654674844483,1,1,0,not_high_confidence,1,CYP450 detoxification,cytochrome P450 herbicide metabolism and specialized metabolism,0.1,p450_inhibitors;synergist_candidates,detoxification_modifier,metabolic_resistance;cross_resistance,0.85,0.0,0.0,0.73,0.0,0.41000000000000003,11.64849436452279,0.9090909090909092,BAHD_acyltransferase_Minimally_Curated_Set.xlsx,real_evidence_plus_model_inference
Anthocyanin 5-aromatic acyltransferase,Anthocyanin 5-aromatic acyltransferase,BAHD acyltransferase,specialized_metabolism,curated_family_function,0.5638143308956455,0.3942,0.9999654674844483,1,1,0,not_high_confidence,1,CYP450 detoxification,cytochrome P450 herbicide metabolism and specialized metabolism,0.1,p450_inhibitors;synergist_candidates,detoxification_modifier,metabolic_resistance;cross_resistance,0.85,0.0,0.0,0.73,0.0,0.41000000000000003,11.64849436452279,0.9090909090909092,BAHD_acyltransferase_Minimally_Curated_Set.xlsx,real_evidence_plus_model_inference
p-hydroxybenzoyl-CoA monolignol transferase,p-hydroxybenzoyl-CoA monolignol transferase,BAHD acyltransferase,specialized_metabolism,curated_family_function,0.5638143308956455,0.3942,0.9999654674844483,1,1,0,not_high_confidence,1,CYP450 detoxification,cytochrome P450 herbicide metabolism and specialized metabolism,0.1,p450_inhibitors;synergist_candidates,detoxification_modifier,metabolic_resistance;cross_resistance,0.85,0.0,0.0,0.73,0.0,0.41000000000000003,11.64849436452279,0.9090909090909092,BAHD_acyltransferase_Minimally_Curated_Set.xlsx,real_evidence_plus_model_inference
fatty x-hydroxyacid/fatty alcohol hydroxycinnamoyl transferase,fatty x-hydroxyacid/fatty alcohol hydroxycinnamoyl transferase,BAHD acyltransferase,specialized_metabolism,curated_family_function,0.5638143308956455,0.3942,0.9999654674844483,1,1,0,not_high_confidence,1,CYP450 detoxification,cytochrome P450 herbicide metabolism and specialized metabolism,0.1,p450_inhibitors;synergist_candidates,detoxification_modifier,metabolic_resistance;cross_resistance,0.85,0.0,0.0,0.73,0.0,0.41000000000000003,11.64849436452279,0.9090909090909092,BAHD_acyltransferase_Minimally_Curated_Set.xlsx,real_evidence_plus_model_inference
hydroxycinnamoyl CoA:x-hydroxyacid O-hydroxycinnamoyl transferase,hydroxycinnamoyl CoA:x-hydroxyacid O-hydroxycinnamoyl transferase,BAHD acyltransferase,specialized_metabolism,curated_family_function,0.5638143308956455,0.3942,0.9999654674844483,1,1,0,not_high_confidence,1,CYP450 detoxification,cytochrome P450 herbicide metabolism and specialized metabolism,0.1,p450_inhibitors;synergist_candidates,detoxification_modifier,metabolic_resistance;cross_resistance,0.85,0.0,0.0,0.73,0.0,0.41000000000000003,11.64849436452279,0.9090909090909092,BAHD_acyltransferase_Minimally_Curated_Set.xlsx,real_evidence_plus_model_inference
Anthraniloyl-CoA:methanol acyltransferase,Anthraniloyl-CoA:methanol acyltransferase,BAHD acyltransferase,specialized_metabolism,curated_family_function,0.5638143308956455,0.3942,0.9999654674844483,1,1,0,not_high_confidence,1,CYP450 detoxification,cytochrome P450 herbicide metabolism and specialized metabolism,0.1,p450_inhibitors;synergist_candidates,detoxification_modifier,metabolic_resistance;cross_resistance,0.85,0.0,0.0,0.73,0.0,0.41000000000000003,11.64849436452279,0.9090909090909092,BAHD_acyltransferase_Minimally_Curated_Set.xlsx,real_evidence_plus_model_inference
p-Coumaroyl-CoA:arabinose transferase,p-Coumaroyl-CoA:arabinose transferase,BAHD acyltransferase,specialized_metabolism,curated_family_function,0.5638143308956455,0.3942,0.9999654674844483,1,1,0,not_high_confidence,1,CYP450 detoxification,cytochrome P450 herbicide metabolism and specialized metabolism,0.1,p450_inhibitors;synergist_candidates,detoxification_modifier,metabolic_resistance;cross_resistance,0.85,0.0,0.0,0.73,0.0,0.41000000000000003,11.64849436452279,0.9090909090909092,BAHD_acyltransferase_Minimally_Curated_Set.xlsx,real_evidence_plus_model_inference
p-coumaroyl coenzyme A transferase,p-coumaroyl coenzyme A transferase,BAHD acyltransferase,specialized_metabolism,curated_family_function,0.5638143308956455,0.3942,0.9999654674844483,1,1,0,not_high_confidence,1,CYP450 detoxification,cytochrome P450 herbicide metabolism and specialized metabolism,0.1,p450_inhibitors;synergist_candidates,detoxification_modifier,metabolic_resistance;cross_resistance,0.85,0.0,0.0,0.73,0.0,0.41000000000000003,11.64849436452279,0.9090909090909092,BAHD_acyltransferase_Minimally_Curated_Set.xlsx,real_evidence_plus_model_inference
Acyltransferase involved in mannosylerythritol lipids formation,Acyltransferase involved in mannosylerythritol lipids formation,BAHD acyltransferase,specialized_metabolism,curated_family_function,0.5638143308956455,0.3942,0.9999654674844483,1,1,0,not_high_confidence,1,CYP450 detoxification,cytochrome P450 herbicide metabolism and specialized metabolism,0.1,p450_inhibitors;synergist_candidates,detoxification_modifier,metabolic_resistance;cross_resistance,0.85,0.0,0.0,0.73,0.0,0.41000000000000003,11.64849436452279,0.9090909090909092,BAHD_acyltransferase_Minimally_Curated_Set.xlsx,real_evidence_plus_model_inference
"malonyl-CoA:anthocyanidin 3-O-glucoside-3',6'-O-dimalonyltransferase","malonyl-CoA:anthocyanidin 3-O-glucoside-3',6'-O-dimalonyltransferase",BAHD acyltransferase,specialized_metabolism,curated_family_function,0.5638143308956455,0.3942,0.9999654674844483,1,1,0,not_high_confidence,1,CYP450 detoxification,cytochrome P450 herbicide metabolism and specialized metabolism,0.1,p450_inhibitors;synergist_candidates,detoxification_modifier,metabolic_resistance;cross_resistance,0.85,0.0,0.0,0.73,0.0,0.41000000000000003,11.64849436452279,0.9090909090909092,BAHD_acyltransferase_Minimally_Curated_Set.xlsx,real_evidence_plus_model_inference
malonyl-CoA:anthocyanidin 3-O-glucoside-6'-O-malonyltransferase homolog,malonyl-CoA:anthocyanidin 3-O-glucoside-6'-O-malonyltransferase homolog,BAHD acyltransferase,specialized_metabolism,curated_family_function,0.5638143308956455,0.3942,0.9999654674844483,1,1,0,not_high_confidence,1,CYP450 detoxification,cytochrome P450 herbicide metabolism and specialized metabolism,0.1,p450_inhibitors;synergist_candidates,detoxification_modifier,metabolic_resistance;cross_resistance,0.85,0.0,0.0,0.73,0.0,0.41000000000000003,11.64849436452279,0.9090909090909092,BAHD_acyltransferase_Minimally_Curated_Set.xlsx,real_evidence_plus_model_inference
Alcohol acyltransferase AAT1,Alcohol acyltransferase AAT1,BAHD acyltransferase,specialized_metabolism,curated_family_function,0.5638143308956455,0.3942,0.9999654674844483,1,1,0,not_high_confidence,1,CYP450 detoxification,cytochrome P450 herbicide metabolism and specialized metabolism,0.1,p450_inhibitors;synergist_candidates,detoxification_modifier,metabolic_resistance;cross_resistance,0.85,0.0,0.0,0.73,0.0,0.41000000000000003,11.64849436452279,0.9090909090909092,BAHD_acyltransferase_Minimally_Curated_Set.xlsx,real_evidence_plus_model_inference
3Î²-tigloyloxytropane synthase S40T-F46I mutant,3Î²-tigloyloxytropane synthase S40T-F46I mutant,BAHD acyltransferase,specialized_metabolism,curated_family_function,0.5638143308956455,0.3942,0.9999654674844483,1,1,0,not_high_confidence,1,CYP450 detoxification,cytochrome P450 herbicide metabolism and specialized metabolism,0.1,p450_inhibitors;synergist_candidates,detoxification_modifier,metabolic_resistance;cross_resistance,0.85,0.0,0.0,0.73,0.0,0.41000000000000003,11.64849436452279,0.9090909090909092,BAHD_acyltransferase_Minimally_Curated_Set.xlsx,real_evidence_plus_model_inference
BRASSINOSTEROID INACTIVATOR1,BRASSINOSTEROID INACTIVATOR1,BAHD acyltransferase,specialized_metabolism,curated_family_function,0.5638143308956455,0.3942,0.9999654674844483,1,1,0,not_high_confidence,1,CYP450 detoxification,cytochrome P450 herbicide metabolism and specialized metabolism,0.1,p450_inhibitors;synergist_candidates,detoxification_modifier,metabolic_resistance;cross_resistance,0.85,0.0,0.0,0.73,0.0,0.41000000000000003,11.64849436452279,0.9090909090909092,BAHD_acyltransferase_Minimally_Curated_Set.xlsx,real_evidence_plus_model_inference
malonyl-CoA:anthocyanidin 3-O-glucoside-6'-O-malonyltransferase,malonyl-CoA:anthocyanidin 3-O-glucoside-6'-O-malonyltransferase,BAHD acyltransferase,specialized_metabolism,curated_family_function,0.5638143308956455,0.3942,0.9999654674844483,1,1,0,not_high_confidence,1,CYP450 detoxification,cytochrome P450 herbicide metabolism and specialized metabolism,0.1,p450_inhibitors;synergist_candidates,detoxification_modifier,metabolic_resistance;cross_resistance,0.85,0.0,0.0,0.73,0.0,0.41000000000000003,11.64849436452279,0.9090909090909092,BAHD_acyltransferase_Minimally_Curated_Set.xlsx,real_evidence_plus_model_inference
BODYGUARD,BODYGUARD,BAHD acyltransferase,specialized_metabolism,curated_family_function,0.5638143308956455,0.3942,0.9999654674844483,1,1,0,not_high_confidence,1,CYP450 detoxification,cytochrome P450 herbicide metabolism and specialized metabolism,0.1,p450_inhibitors;synergist_candidates,detoxification_modifier,metabolic_resistance;cross_resistance,0.85,0.0,0.0,0.73,0.0,0.41000000000000003,11.64849436452279,0.9090909090909092,BAHD_acyltransferase_Minimally_Curated_Set.xlsx,real_evidence_plus_model_inference
curcuminoid synthase,curcuminoid synthase,BAHD acyltransferase,specialized_metabolism,curated_family_function,0.5638143308956455,0.3942,0.9999654674844483,1,1,0,not_high_confidence,1,CYP450 detoxification,cytochrome P450 herbicide metabolism and specialized metabolism,0.1,p450_inhibitors;synergist_candidates,detoxification_modifier,metabolic_resistance;cross_resistance,0.85,0.0,0.0,0.73,0.0,0.41000000000000003,11.64849436452279,0.9090909090909092,BAHD_acyltransferase_Minimally_Curated_Set.xlsx,real_evidence_plus_model_inference
tetracoumaroyl spermine synthase,tetracoumaroyl spermine synthase,BAHD acyltransferase,specialized_metabolism,curated_family_function,0.5638143308956455,0.3942,0.9999654674844483,1,1,0,not_high_confidence,1,CYP450 detoxification,cytochrome P450 herbicide metabolism and specialized metabolism,0.1,p450_inhibitors;synergist_candidates,detoxification_modifier,metabolic_resistance;cross_resistance,0.85,0.0,0.0,0.73,0.0,0.41000000000000003,11.64849436452279,0.9090909090909092,BAHD_acyltransferase_Minimally_Curated_Set.xlsx,real_evidence_plus_model_inference
3Î²-tigloyloxytropane synthase F46I mutant,3Î²-tigloyloxytropane synthase F46I mutant,BAHD acyltransferase,specialized_metabolism,curated_family_function,0.5638143308956455,0.3942,0.9999654674844483,1,1,0,not_high_confidence,1,CYP450 detoxification,cytochrome P450 herbicide metabolism and specialized metabolism,0.1,p450_inhibitors;synergist_candidates,detoxification_modifier,metabolic_resistance;cross_resistance,0.85,0.0,0.0,0.73,0.0,0.41000000000000003,11.64849436452279,0.9090909090909092,BAHD_acyltransferase_Minimally_Curated_Set.xlsx,real_evidence_plus_model_inference
3Î²-tigloyloxytropane synthase S40T mutant,3Î²-tigloyloxytropane synthase S40T mutant,BAHD acyltransferase,specialized_metabolism,curated_family_function,0.5638143308956455,0.3942,0.9999654674844483,1,1,0,not_high_confidence,1,CYP450 detoxification,cytochrome P450 herbicide metabolism and specialized metabolism,0.1,p450_inhibitors;synergist_candidates,detoxification_modifier,metabolic_resistance;cross_resistance,0.85,0.0,0.0,0.73,0.0,0.41000000000000003,11.64849436452279,0.9090909090909092,BAHD_acyltransferase_Minimally_Curated_Set.xlsx,real_evidence_plus_model_inference
acetovanillone synthase,acetovanillone synthase,BAHD acyltransferase,specialized_metabolism,curated_family_function,0.5638143308956455,0.3942,0.9999654674844483,1,1,0,not_high_confidence,1,CYP450 detoxification,cytochrome P450 herbicide metabolism and specialized metabolism,0.1,p450_inhibitors;synergist_candidates,detoxification_modifier,metabolic_resistance;cross_resistance,0.85,0.0,0.0,0.73,0.0,0.41000000000000003,11.64849436452279,0.9090909090909092,BAHD_acyltransferase_Minimally_Curated_Set.xlsx,real_evidence_plus_model_inference
BRASSINOSTEROID INACTIVATOR2,BRASSINOSTEROID INACTIVATOR2,BAHD acyltransferase,specialized_metabolism,curated_family_function,0.5638143308956455,0.3942,0.9999654674844483,1,1,0,not_high_confidence,1,CYP450 detoxification,cytochrome P450 herbicide metabolism and specialized metabolism,0.1,p450_inhibitors;synergist_candidates,detoxification_modifier,metabolic_resistance;cross_resistance,0.85,0.0,0.0,0.73,0.0,0.41000000000000003,11.64849436452279,0.9090909090909092,BAHD_acyltransferase_Minimally_Curated_Set.xlsx,real_evidence_plus_model_inference
3Î²-tigloyloxytropane synthase,3Î²-tigloyloxytropane synthase,BAHD acyltransferase,specialized_metabolism,curated_family_function,0.5638143308956455,0.3942,0.9999654674844483,1,1,0,not_high_confidence,1,CYP450 detoxification,cytochrome P450 herbicide metabolism and specialized metabolism,0.1,p450_inhibitors;synergist_candidates,detoxification_modifier,metabolic_resistance;cross_resistance,0.85,0.0,0.0,0.73,0.0,0.41000000000000003,11.64849436452279,0.9090909090909092,BAHD_acyltransferase_Minimally_Curated_Set.xlsx,real_evidence_plus_model_inference
Î²-ODAP synthetase,Î²-ODAP synthetase,BAHD acyltransferase,specialized_metabolism,curated_family_function,0.5638143308956455,0.3942,0.9999654674844483,1,1,0,not_high_confidence,1,CYP450 detoxification,cytochrome P450 herbicide metabolism and specialized metabolism,0.1,p450_inhibitors;synergist_candidates,detoxification_modifier,metabolic_resistance;cross_resistance,0.85,0.0,0.0,0.73,0.0,0.41000000000000003,11.64849436452279,0.9090909090909092,BAHD_acyltransferase_Minimally_Curated_Set.xlsx,real_evidence_plus_model_inference
Î²-ODAP synthase,Î²-ODAP synthase,BAHD acyltransferase,specialized_metabolism,curated_family_function,0.5638143308956455,0.3942,0.9999654674844483,1,1,0,not_high_confidence,1,CYP450 detoxification,cytochrome P450 herbicide metabolism and specialized metabolism,0.1,p450_inhibitors;synergist_candidates,detoxification_modifier,metabolic_resistance;cross_resistance,0.85,0.0,0.0,0.73,0.0,0.41000000000000003,11.64849436452279,0.9090909090909092,BAHD_acyltransferase_Minimally_Curated_Set.xlsx,real_evidence_plus_model_inference
BR-RELATED ACYLTRANSFERASE1,BR-RELATED ACYLTRANSFERASE1,BAHD acyltransferase,specialized_metabolism,curated_family_function,0.5638143308956455,0.3942,0.9999654674844483,1,1,0,not_high_confidence,1,CYP450 detoxification,cytochrome P450 herbicide metabolism and specialized metabolism,0.1,p450_inhibitors;synergist_candidates,detoxification_modifier,metabolic_resistance;cross_resistance,0.85,0.0,0.0,0.73,0.0,0.41000000000000003,11.64849436452279,0.9090909090909092,BAHD_acyltransferase_Minimally_Curated_Set.xlsx,real_evidence_plus_model_inference
Acylsugar acyltransferase 1 homolog,Acylsugar acyltransferase 1 homolog,BAHD acyltransferase,specialized_metabolism,curated_family_function,0.5638143308956455,0.3942,0.9999654674844483,1,1,0,not_high_confidence,1,CYP450 detoxification,cytochrome P450 herbicide metabolism and specialized metabolism,0.1,p450_inhibitors;synergist_candidates,detoxification_modifier,metabolic_resistance;cross_resistance,0.85,0.0,0.0,0.73,0.0,0.41000000000000003,11.64849436452279,0.9090909090909092,BAHD_acyltransferase_Minimally_Curated_Set.xlsx,real_evidence_plus_model_inference
Acylsugar acyltransferase 4 homolog,Acylsugar acyltransferase 4 homolog,BAHD acyltransferase,specialized_metabolism,curated_family_function,0.5638143308956455,0.3942,0.9999654674844483,1,1,0,not_high_confidence,1,CYP450 detoxification,cytochrome P450 herbicide metabolism and specialized metabolism,0.1,p450_inhibitors;synergist_candidates,detoxification_modifier,metabolic_resistance;cross_resistance,0.85,0.0,0.0,0.73,0.0,0.41000000000000003,11.64849436452279,0.9090909090909092,BAHD_acyltransferase_Minimally_Curated_Set.xlsx,real_evidence_plus_model_inference
Acylsugar acyltransferase 3 homolog,Acylsugar acyltransferase 3 homolog,BAHD acyltransferase,specialized_metabolism,curated_family_function,0.5638143308956455,0.3942,0.9999654674844483,1,1,0,not_high_confidence,1,CYP450 detoxification,cytochrome P450 herbicide metabolism and specialized metabolism,0.1,p450_inhibitors;synergist_candidates,detoxification_modifier,metabolic_resistance;cross_resistance,0.85,0.0,0.0,0.73,0.0,0.41000000000000003,11.64849436452279,0.9090909090909092,BAHD_acyltransferase_Minimally_Curated_Set.xlsx,real_evidence_plus_model_inference
Triacylinositol acetyltransferase,Triacylinositol acetyltransferase,BAHD acyltransferase,specialized_metabolism,curated_family_function,0.5638143308956455,0.3942,0.9999654674844483,1,1,0,not_high_confidence,1,CYP450 detoxification,cytochrome P450 herbicide metabolism and specialized metabolism,0.1,p450_inhibitors;synergist_candidates,detoxification_modifier,metabolic_resistance;cross_resistance,0.85,0.0,0.0,0.73,0.0,0.41000000000000003,11.64849436452279,0.9090909090909092,BAHD_acyltransferase_Minimally_Curated_Set.xlsx,real_evidence_plus_model_inference
Arabidopsis thaliana hydroxycinnamoyl transferase,Arabidopsis thaliana hydroxycinnamoyl transferase,BAHD acyltransferase,specialized_metabolism,curated_family_function,0.5638143308956455,0.3942,0.9999654674844483,1,1,1,core_transition_anchor_plus_atlas_match,1,PSI,photosystem I electron diversion,0.55,bipyridyliums;paraquat/diquat-like redox cyclers,22,sequestration;reduced_translocation;antioxidant_response,0.85,0.0,0.0,0.73,0.0,0.41000000000000003,11.64849436452279,0.9090909090909092,BAHD_acyltransferase_Minimally_Curated_Set.xlsx,real_evidence_plus_model_inference
Medicago truncatula hydroxycinnamoyl transferase,Medicago truncatula hydroxycinnamoyl transferase,BAHD acyltransferase,specialized_metabolism,curated_family_function,0.5638143308956455,0.3942,0.9999654674844483,1,1,1,core_transition_anchor_plus_atlas_match,1,Oxidative stress enzymes,SOD/CAT/POD/peroxidase antioxidant stress response,0.55,redox_active_phytochemicals;photosensitizers;quinone_like,stress_response_modifier,antioxidant_upregulation;metabolic_resistance,0.85,0.0,0.0,0.73,0.0,0.41000000000000003,11.64849436452279,0.9090909090909092,BAHD_acyltransferase_Minimally_Curated_Set.xlsx,real_evidence_plus_model_inference
Petunia hybrida hydroxycinnamoyl transferase,Petunia hybrida hydroxycinnamoyl transferase,BAHD acyltransferase,specialized_metabolism,curated_family_function,0.5638143308956455,0.3942,0.9999654674844483,1,1,0,not_high_confidence,1,CYP450 detoxification,cytochrome P450 herbicide metabolism and specialized metabolism,0.1,p450_inhibitors;synergist_candidates,detoxification_modifier,metabolic_resistance;cross_resistance,0.85,0.0,0.0,0.73,0.0,0.41000000000000003,11.64849436452279,0.9090909090909092,BAHD_acyltransferase_Minimally_Curated_Set.xlsx,real_evidence_plus_model_inference
Nicotiana tabacum hydroxycinnamoyl transferase,Nicotiana tabacum hydroxycinnamoyl transferase,BAHD acyltransferase,specialized_metabolism,curated_family_function,0.5638143308956455,0.3942,0.9999654674844483,1,1,0,not_high_confidence,1,CYP450 detoxification,cytochrome P450 herbicide metabolism and specialized metabolism,0.1,p450_inhibitors;synergist_candidates,detoxification_modifier,metabolic_resistance;cross_resistance,0.85,0.0,0.0,0.73,0.0,0.41000000000000003,11.64849436452279,0.9090909090909092,BAHD_acyltransferase_Minimally_Curated_Set.xlsx,real_evidence_plus_model_inference
GH169,GH169,GH,germination,carbohydrate_active_enzyme,0.55672457366219,0.41542834322481215,0.9200577376440183,1,1,0,not_high_confidence,1,Tubulin/microtubule,microtubule assembly / tubulin polymerization,0.1,dinitroanilines,3,tubulin_target_site_mutation;application_escape,0.9,0.0,0.0,0.73,0.0,0.34408326267991346,19.473190206660256,0.09090909090909091,CAZy,real_evidence_plus_model_inference
BAHD acyltransferase,BAHD acyltransferase,BAHD acyltransferase,cell_wall_secondary_growth,phenylpropanoid_acylation,0.5315207402504087,0.3942,0.8846312151800313,1,1,0,not_high_confidence,1,CAZy/cell wall,cell wall carbohydrate metabolism / cellulose-associated enzymes,0.1,cell_wall_synthesis_inhibitors;glycosidase_inhibitor_like,20/unknown,pathway_bypass;reduced_uptake,0.85,0.0,0.0,0.73,0.0,0.41000000000000003,7.373597112913975,0.8181818181818182,curated_families,real_evidence_plus_model_inference
ribulose bisphosphate carboxylase oxygenase,ribulose bisphosphate carboxylase oxygenase,RuBisCO,vegetative_expansion,carbon_fixation,0.5013933318314604,0.3762,0.8233190422552158,1,1,1,core_transition_anchor_plus_atlas_match,1,ACCase,acetyl-CoA carboxylase,0.65,aryloxyphenoxypropionates/fops;cyclohexanediones/dims;phenylpyrazolines/dens,1,target_site_mutation;enhanced_metabolism,0.9,0.0,0.0,0.48,0.0,0.41000000000000003,16.29974545678504,0.36363636363636365,weed_assignment,real_evidence_plus_model_inference
photosystem II,photosystem II,PSII,early_vegetative,photosynthesis_electron_transport,0.49684122671512376,0.3762,0.8070615239825848,1,1,1,core_transition_anchor_plus_atlas_match,1,PSII,"photosystem II electron transport, QB binding protein/site",1.0,triazines;ureas;nitriles;benzothiadiazinones;phenylcarbamates,5/6/7,psbA_target_site_mutation;enhanced_metabolism,0.9,0.0,0.0,0.48,0.0,0.41000000000000003,12.413933326738658,0.2727272727272727,weed_assignment,real_evidence_plus_model_inference
1.5.1.3,EC 1.5.1.3,1,unassigned_stage,kinetic_ec_record,0.3798341365201996,0.5218580509869437,0.014629785034286195,0,0,0,not_high_confidence,0,unmapped,unmapped,0.0,,unmapped,,0.55,5.288267030694535,1.0,0.65,0.0,0.058156778664687894,22.610721413240647,0.36363636363636365,SKiD,model_inference
2.4.1.4,EC 2.4.1.4,2,unassigned_stage,kinetic_ec_record,0.37055392208651866,0.512750096152075,0.0049066173465167374,0,0,0,not_high_confidence,0,unmapped,unmapped,0.0,,unmapped,,0.55,5.099866427824199,1.0,0.65,0.0,0.12321359891374975,22.216097953803498,0.36363636363636365,SKiD,model_inference
2.4.2.18,EC 2.4.2.18,2,unassigned_stage,kinetic_ec_record,0.3702110479788026,0.5122738821135805,0.0049066173465167374,0,0,0,not_high_confidence,0,unmapped,unmapped,0.0,,unmapped,,0.55,4.969813299576001,1.0,0.65,0.0,0.11885283336539668,22.195464866056533,0.36363636363636365,SKiD,model_inference
1.14.20.1,EC 1.14.20.1,1,unassigned_stage,kinetic_ec_record,0.36997379718939605,0.5119443671282936,0.0049066173465167374,0,0,0,not_high_confidence,0,unmapped,unmapped,0.0,,unmapped,,0.55,5.003946305945459,1.0,0.65,0.0,0.12896880622647414,22.181187858123593,0.36363636363636365,SKiD,model_inference
1.1.1.42,EC 1.1.1.42,1,unassigned_stage,kinetic_ec_record,0.36192183259599087,0.49888540292598405,0.009729794604580004,0,0,0,not_high_confidence,0,unmapped,unmapped,0.0,,unmapped,,0.55,4.564348191467836,1.0,0.65,0.0,0.11022237119184329,21.615377670917553,0.36363636363636365,SKiD,model_inference
1.4.3.19,EC 1.4.3.19,1,unassigned_stage,kinetic_ec_record,0.36138827116028616,0.5019255772549711,6.626916810545428e-06,0,0,0,not_high_confidence,0,unmapped,unmapped,0.0,,unmapped,,0.55,4.709530201312334,1.0,0.65,0.0,0.12583935708766325,21.747100338931215,0.36363636363636365,SKiD,model_inference
2.5.1.6,EC 2.5.1.6,2,unassigned_stage,kinetic_ec_record,0.35982687812784936,0.4997569758210311,6.626916810545428e-06,0,0,0,not_high_confidence,0,unmapped,unmapped,0.0,,unmapped,,0.55,4.59511985013459,1.0,0.65,0.0,0.11190956274152955,21.65314060642074,0.36363636363636365,SKiD,model_inference
1.1.3.7,EC 1.1.3.7,1,unassigned_stage,kinetic_ec_record,0.3515040833478699,0.48819753862661525,6.626916810545428e-06,0,0,0,not_high_confidence,0,unmapped,unmapped,0.0,,unmapped,,0.55,4.465908118654584,1.0,0.65,0.0,0.16125109746392666,21.152300936317943,0.36363636363636365,SKiD,model_inference
1.13.11.27,EC 1.13.11.27,1,unassigned_stage,kinetic_ec_record,0.3504458096742078,0.4867277140798623,6.626916810545428e-06,0,0,0,not_high_confidence,0,unmapped,unmapped,0.0,,unmapped,,0.55,4.394449154672439,1.0,0.65,0.0,0.15337468205961038,21.088617347859124,0.36363636363636365,SKiD,model_inference
1.11.1.16,EC 1.11.1.16,1,unassigned_stage,kinetic_ec_record,0.3484204415583859,0.4839147028078875,6.626916810545428e-06,0,0,0,not_high_confidence,0,unmapped,unmapped,0.0,,unmapped,,0.55,4.3694478524670215,1.0,0.65,0.0,0.16703871343518037,20.96673705094191,0.36363636363636365,SKiD,model_inference
1.6.5.2,EC 1.6.5.2,1,unassigned_stage,kinetic_ec_record,0.343281740618018,0.4767776181684876,6.626916810545428e-06,0,0,0,not_high_confidence,0,unmapped,unmapped,0.0,,unmapped,,0.55,4.143134726391533,1.0,0.65,0.0,0.15982308558291136,20.65750615533917,0.36363636363636365,SKiD,model_inference
1.3.3.4,EC 1.3.3.4,1,unassigned_stage,kinetic_ec_record,0.3372013976108389,0.4683326973251833,6.626916810545428e-06,0,0,0,not_high_confidence,0,unmapped,unmapped,0.0,,unmapped,,0.55,3.9318256327243257,1.0,0.65,0.0,0.16580732466351747,20.29161019534832,0.36363636363636365,SKiD,model_inference
1.4.1.16,EC 1.4.1.16,1,unassigned_stage,kinetic_ec_record,0.3325253961577111,0.46183825086250574,6.626916810545428e-06,0,0,0,not_high_confidence,0,unmapped,unmapped,0.0,,unmapped,,0.55,3.8066624897703196,1.0,0.65,0.0,0.18001141978018412,20.010223102779577,0.36363636363636365,SKiD,model_inference
2.6.1.30,EC 2.6.1.30,2,unassigned_stage,kinetic_ec_record,0.33181945114218736,0.4608577716742784,6.626916810545428e-06,0,0,0,not_high_confidence,0,unmapped,unmapped,0.0,,unmapped,,0.55,3.8501476017100584,1.0,0.65,0.0,0.19819672848059816,19.96774154724055,0.36363636363636365,SKiD,model_inference
2.1.3.3,EC 2.1.3.3,2,unassigned_stage,kinetic_ec_record,0.3303198320420162,0.4587749673684851,6.626916810545428e-06,0,0,0,not_high_confidence,0,unmapped,unmapped,0.0,,unmapped,,0.55,3.7376696182833684,1.0,0.65,0.0,0.1841509920694012,19.87749917610624,0.36363636363636365,SKiD,model_inference
1.3.1.9,EC 1.3.1.9,1,unassigned_stage,kinetic_ec_record,0.32964302653092276,0.45783495971418864,6.626916810545428e-06,0,0,0,not_high_confidence,0,unmapped,unmapped,0.0,,unmapped,,0.55,3.6635616461296463,1.0,0.65,0.0,0.17180899676056186,19.83677114449417,0.36363636363636365,SKiD,model_inference
1.14.15.1,EC 1.14.15.1,1,unassigned_stage,kinetic_ec_record,0.32897597790921207,0.456908503295146,6.626916810545428e-06,0,0,0,not_high_confidence,0,unmapped,unmapped,0.0,,unmapped,,0.55,3.7612001156935624,1.0,0.65,0.0,0.20353357764158791,19.79663025186472,0.36363636363636365,SKiD,model_inference
1.14.14.16,EC 1.14.14.16,1,unassigned_stage,kinetic_ec_record,0.3270807978011119,0.4542763087005624,6.626916810545428e-06,0,0,0,not_high_confidence,0,unmapped,unmapped,0.0,,unmapped,,0.55,3.6635616461296463,1.0,0.65,0.0,0.19722793257217797,19.682584260678016,0.36363636363636365,SKiD,model_inference
1.2.3.1,EC 1.2.3.1,1,unassigned_stage,kinetic_ec_record,0.32585467131419277,0.4525733552465081,6.626916810545428e-06,0,0,0,not_high_confidence,0,unmapped,unmapped,0.0,,unmapped,,0.55,3.6635616461296463,1.0,0.65,0.0,0.2093918858154229,19.608799816696525,0.36363636363636365,SKiD,model_inference
1.14.13.44,EC 1.14.13.44,1,unassigned_stage,kinetic_ec_record,0.3241717564421308,0.45023597347975536,6.626916810545428e-06,0,0,0,not_high_confidence,0,unmapped,unmapped,0.0,,unmapped,,0.55,3.6109179126442243,1.0,0.65,0.0,0.2125505098245482,19.507527281254205,0.36363636363636365,SKiD,model_inference
2.2.1.9,EC 2.2.1.9,2,unassigned_stage,kinetic_ec_record,0.32269475234856876,0.4481845789053637,6.626916810545428e-06,0,0,0,not_high_confidence,0,unmapped,unmapped,0.0,,unmapped,,0.55,3.5263605246161616,1.0,0.65,0.0,0.20545999986298705,19.418645810244065,0.36363636363636365,SKiD,model_inference
2.1.2.1,EC 2.1.2.1,2,unassigned_stage,kinetic_ec_record,0.32183783912463376,0.44699442164989833,6.626916810545428e-06,0,0,0,not_high_confidence,0,unmapped,unmapped,0.0,,unmapped,,0.55,3.4339872044851463,1.0,0.65,0.0,0.1902079836540496,19.36707946171235,0.36363636363636365,SKiD,model_inference
1.7.3.1,EC 1.7.3.1,1,unassigned_stage,kinetic_ec_record,0.32162665502543514,0.4467011104010114,6.626916810545428e-06,0,0,0,not_high_confidence,0,unmapped,unmapped,0.0,,unmapped,,0.55,3.4657359027997265,1.0,0.65,0.0,0.2004670149984197,19.35437106539,0.36363636363636365,SKiD,model_inference
1.8.4.11,EC 1.8.4.11,1,unassigned_stage,kinetic_ec_record,0.31953057795142187,0.44378989224265963,6.626916810545428e-06,0,0,0,not_high_confidence,0,unmapped,unmapped,0.0,,unmapped,,0.55,3.4657359027997265,1.0,0.65,0.0,0.22126143041521806,19.228235725277546,0.36363636363636365,SKiD,model_inference
2.3.1.7,EC 2.3.1.7,2,unassigned_stage,kinetic_ec_record,0.31869353699461506,0.44262733535820575,6.626916810545428e-06,0,0,0,not_high_confidence,0,unmapped,unmapped,0.0,,unmapped,,0.55,3.4011973816621555,1.0,0.65,0.0,0.2129697884402274,19.177865227415687,0.36363636363636365,SKiD,model_inference
1.14.16.1,EC 1.14.16.1,1,unassigned_stage,kinetic_ec_record,0.31847972277774106,0.442330371168103,6.626916810545428e-06,0,0,0,not_high_confidence,0,unmapped,unmapped,0.0,,unmapped,,0.55,3.367295829986474,1.0,0.65,0.0,0.20637341936721484,19.164998558865836,0.36363636363636365,SKiD,model_inference
1.13.12.7,EC 1.13.12.7,1,unassigned_stage,kinetic_ec_record,0.3176097721906469,0.4411221064638055,6.626916810545428e-06,0,0,0,not_high_confidence,0,unmapped,unmapped,0.0,,unmapped,,0.55,3.367295829986474,1.0,0.65,0.0,0.21500388154076827,19.112647662734872,0.36363636363636365,SKiD,model_inference
1.1.99.29,EC 1.1.99.29,1,unassigned_stage,kinetic_ec_record,0.3163836457037278,0.4394191530097512,6.626916810545428e-06,0,0,0,not_high_confidence,0,unmapped,unmapped,0.0,,unmapped,,0.55,3.367295829986474,1.0,0.65,0.0,0.2271678347840132,19.038863218753377,0.36363636363636365,SKiD,model_inference
2.3.2.5,EC 2.3.2.5,2,unassigned_stage,kinetic_ec_record,0.3163836457037278,0.4394191530097512,6.626916810545428e-06,0,0,0,not_high_confidence,0,unmapped,unmapped,0.0,,unmapped,,0.55,3.367295829986474,1.0,0.65,0.0,0.2271678347840132,19.038863218753377,0.36363636363636365,SKiD,model_inference
1.18.1.2,EC 1.18.1.2,1,unassigned_stage,kinetic_ec_record,0.3154273101968369,0.43809090925018046,6.626916810545428e-06,0,0,0,not_high_confidence,0,unmapped,unmapped,0.0,,unmapped,,0.55,3.2188758248682006,1.0,0.65,0.0,0.1984901460362486,18.981313949254265,0.36363636363636365,SKiD,model_inference
1.2.1.12,EC 1.2.1.12,1,unassigned_stage,kinetic_ec_record,0.31412231267601337,0.43627841269348117,6.626916810545428e-06,0,0,0,not_high_confidence,0,unmapped,unmapped,0.0,,unmapped,,0.55,3.1780538303479458,1.0,0.65,0.0,0.20093946570746385,18.902783293976494,0.36363636363636365,SKiD,model_inference
2.1.1.20,EC 2.1.1.20,2,unassigned_stage,kinetic_ec_record,0.31409924554314667,0.43624637500894403,6.626916810545428e-06,0,0,0,not_high_confidence,0,unmapped,unmapped,0.0,,unmapped,,0.55,3.295836866004329,1.0,0.65,0.0,0.23145537262294194,18.90139518631307,0.36363636363636365,SKiD,model_inference
1.8.5.4,EC 1.8.5.4,1,unassigned_stage,kinetic_ec_record,0.3137350320541202,0.4357405229408517,6.626916810545428e-06,0,0,0,not_high_confidence,0,unmapped,unmapped,0.0,,unmapped,,0.55,3.2188758248682006,1.0,0.65,0.0,0.21527861967431128,18.879477961569066,0.36363636363636365,SKiD,model_inference
1.20.1.1,EC 1.20.1.1,1,unassigned_stage,kinetic_ec_record,0.31286508146702596,0.43453225823655417,6.626916810545428e-06,0,0,0,not_high_confidence,0,unmapped,unmapped,0.0,,unmapped,,0.55,3.2188758248682006,1.0,0.65,0.0,0.2239090818478647,18.82712706543811,0.36363636363636365,SKiD,model_inference
2.3.3.13,EC 2.3.3.13,2,unassigned_stage,kinetic_ec_record,0.3115600839462025,0.43271976167985493,6.626916810545428e-06,0,0,0,not_high_confidence,0,unmapped,unmapped,0.0,,unmapped,,0.55,3.1780538303479458,1.0,0.65,0.0,0.22635840151907996,18.74859641016034,0.36363636363636365,SKiD,model_inference
1.11.2.1,EC 1.11.2.1,1,unassigned_stage,kinetic_ec_record,0.3101995381924624,0.4308301147996603,6.626916810545428e-06,0,0,0,not_high_confidence,0,unmapped,unmapped,0.0,,unmapped,,0.55,3.1354942159291497,1.0,0.65,0.0,0.22891197838420776,18.666723036554863,0.36363636363636365,SKiD,model_inference
1.1.5.2,EC 1.1.5.2,1,unassigned_stage,kinetic_ec_record,0.30897341170554327,0.429127161345606,6.626916810545428e-06,0,0,0,not_high_confidence,0,unmapped,unmapped,0.0,,unmapped,,0.55,3.1354942159291497,1.0,0.65,0.0,0.2410759316274527,18.59293859257337,0.36363636363636365,SKiD,model_inference
1.7.1.17,EC 1.7.1.17,1,unassigned_stage,kinetic_ec_record,0.3072913523867817,0.42679096784732606,6.626916810545428e-06,0,0,0,not_high_confidence,0,unmapped,unmapped,0.0,,unmapped,,0.55,3.044522437723423,1.0,0.65,0.0,0.23437028507655136,18.491717541643652,0.36363636363636365,SKiD,model_inference
1.13.99.1,EC 1.13.99.1,1,unassigned_stage,kinetic_ec_record,0.3040918843836321,0.42234726228739605,6.626916810545428e-06,0,0,0,not_high_confidence,0,unmapped,unmapped,0.0,,unmapped,,0.55,2.9444389791664403,1.0,0.65,0.0,0.24037529258997029,18.299183598231213,0.36363636363636365,SKiD,model_inference
2.4.3.1,EC 2.4.3.1,2,unassigned_stage,kinetic_ec_record,0.30236346345406395,0.4199466776629958,6.626916810545428e-06,0,0,0,not_high_confidence,0,unmapped,unmapped,0.0,,unmapped,,0.55,2.8903717578961645,1.0,0.65,0.0,0.24361932586618687,18.195172651061633,0.36363636363636365,SKiD,model_inference
1.10.3.11,EC 1.10.3.11,1,unassigned_stage,kinetic_ec_record,0.29737204888328156,0.4130141574257981,6.626916810545428e-06,0,0,0,not_high_confidence,0,unmapped,unmapped,0.0,,unmapped,,0.55,2.772588722239781,1.0,0.65,0.0,0.26285026124881483,17.894804986945914,0.36363636363636365,SKiD,model_inference
1.14.11.44,EC 1.14.11.44,1,unassigned_stage,kinetic_ec_record,0.29737204888328156,0.4130141574257981,6.626916810545428e-06,0,0,0,not_high_confidence,0,unmapped,unmapped,0.0,,unmapped,,0.55,2.772588722239781,1.0,0.65,0.0,0.26285026124881483,17.894804986945914,0.36363636363636365,SKiD,model_inference
1.14.99.50,EC 1.14.99.50,1,unassigned_stage,kinetic_ec_record,0.2965350079264748,0.41185160054134423,6.626916810545428e-06,0,0,0,not_high_confidence,0,unmapped,unmapped,0.0,,unmapped,,0.55,2.70805020110221,1.0,0.65,0.0,0.25455861927382406,17.844434489084055,0.36363636363636365,SKiD,model_inference
1.5.3.25,EC 1.5.3.25,1,unassigned_stage,kinetic_ec_record,0.29530888143955575,0.41014864708729,6.626916810545428e-06,0,0,0,not_high_confidence,0,unmapped,unmapped,0.0,,unmapped,,0.55,2.70805020110221,1.0,0.65,0.0,0.266722572517069,17.770650045102567,0.36363636363636365,SKiD,model_inference
1.17.1.9,EC 1.17.1.9,1,unassigned_stage,kinetic_ec_record,0.2935050968432381,0.4076433907035155,6.626916810545428e-06,0,0,0,not_high_confidence,0,unmapped,unmapped,0.0,,unmapped,,0.55,2.5649493574615367,1.0,0.65,0.0,0.2478199011792848,17.662103948984786,0.36363636363636365,SKiD,model_inference
1.3.8.6,EC 1.3.8.6,1,unassigned_stage,kinetic_ec_record,0.2931033173238608,0.40708536359326924,6.626916810545428e-06,0,0,0,not_high_confidence,0,unmapped,unmapped,0.0,,unmapped,,0.55,2.6390573296152584,1.0,0.65,0.0,0.2708621448062861,17.637926118429228,0.36363636363636365,SKiD,model_inference
1.8.1.12,EC 1.8.1.12,1,unassigned_stage,kinetic_ec_record,0.29196036015696974,0.40549792308369836,6.626916810545428e-06,0,0,0,not_high_confidence,0,unmapped,unmapped,0.0,,unmapped,,0.55,2.5649493574615367,1.0,0.65,0.0,0.2631446698922645,17.569146543113455,0.36363636363636365,SKiD,model_inference
1.8.3.1,EC 1.8.3.1,1,unassigned_stage,kinetic_ec_record,0.2907342336700507,0.40379496962964406,6.626916810545428e-06,0,0,0,not_high_confidence,0,unmapped,unmapped,0.0,,unmapped,,0.55,2.5649493574615367,1.0,0.65,0.0,0.2753086231355094,17.49536209913196,0.36363636363636365,SKiD,model_inference
1.7.7.1,EC 1.7.7.1,1,unassigned_stage,kinetic_ec_record,0.2907342336700507,0.40379496962964406,6.626916810545428e-06,0,0,0,not_high_confidence,0,unmapped,unmapped,0.0,,unmapped,,0.55,2.5649493574615367,1.0,0.65,0.0,0.2753086231355094,17.49536209913196,0.36363636363636365,SKiD,model_inference
1.14.19.8,EC 1.14.19.8,1,unassigned_stage,kinetic_ec_record,0.2907342336700507,0.40379496962964406,6.626916810545428e-06,0,0,0,not_high_confidence,0,unmapped,unmapped,0.0,,unmapped,,0.55,2.5649493574615367,1.0,0.65,0.0,0.2753086231355094,17.49536209913196,0.36363636363636365,SKiD,model_inference
1.1.2.3,EC 1.1.2.3,1,unassigned_stage,kinetic_ec_record,0.2907342336700507,0.40379496962964406,6.626916810545428e-06,0,0,0,not_high_confidence,0,unmapped,unmapped,0.0,,unmapped,,0.55,2.5649493574615367,1.0,0.65,0.0,0.2753086231355094,17.49536209913196,0.36363636363636365,SKiD,model_inference
1.3.99.4,EC 1.3.99.4,1,unassigned_stage,kinetic_ec_record,0.28940155487806213,0.40194402686299335,6.626916810545428e-06,0,0,0,not_high_confidence,0,unmapped,unmapped,0.0,,unmapped,,0.55,2.4849066497880004,1.0,0.65,0.0,0.2679472323526767,17.415165671828703,0.36363636363636365,SKiD,model_inference
1.20.4.4,EC 1.20.4.4,1,unassigned_stage,kinetic_ec_record,0.28661997517845766,0.39808072172465375,6.626916810545428e-06,0,0,0,not_high_confidence,0,unmapped,unmapped,0.0,,unmapped,,0.55,2.3978952727983707,1.0,0.65,0.0,0.2731679149720545,17.247778935048203,0.36363636363636365,SKiD,model_inference
2.4.99.23,EC 2.4.99.23,2,unassigned_stage,kinetic_ec_record,0.28539384869153855,0.39637776827059945,6.626916810545428e-06,0,0,0,not_high_confidence,0,unmapped,unmapped,0.0,,unmapped,,0.55,2.3978952727983707,1.0,0.65,0.0,0.28533186821529943,17.173994491066708,0.36363636363636365,SKiD,model_inference
1.7.2.2,EC 1.7.2.2,1,unassigned_stage,kinetic_ec_record,0.28511783603674135,0.3959944173611589,6.626916810545428e-06,0,0,0,not_high_confidence,0,unmapped,unmapped,0.0,,unmapped,,0.55,2.302585092994046,1.0,0.65,0.0,0.2635617570473342,17.157384915722456,0.36363636363636365,SKiD,model_inference
1.4.99.6,EC 1.4.99.6,1,unassigned_stage,kinetic_ec_record,0.2823469728635539,0.39214599628728747,6.626916810545428e-06,0,0,0,not_high_confidence,0,unmapped,unmapped,0.0,,unmapped,,0.55,2.302585092994046,1.0,0.65,0.0,0.29105047900355885,16.990643065869634,0.36363636363636365,SKiD,model_inference
1.14.18.1,EC 1.14.18.1,1,unassigned_stage,kinetic_ec_record,0.2773095968891545,0.3851496407672883,6.626916810545428e-06,0,0,0,not_high_confidence,0,unmapped,unmapped,0.0,,unmapped,,0.55,2.0794415416798357,1.0,0.65,0.0,0.28364467666561316,16.687509588726734,0.36363636363636365,SKiD,model_inference
1.21.1.1,EC 1.21.1.1,1,unassigned_stage,kinetic_ec_record,0.27217091474263955,0.37801258223046197,6.626916810545428e-06,0,0,0,not_high_confidence,0,unmapped,unmapped,0.0,,unmapped,,0.55,1.9459101490553132,1.0,0.65,0.0,0.3002870223966379,16.378279824079094,0.36363636363636365,SKiD,model_inference
1.17.3.2,EC 1.17.3.2,1,unassigned_stage,kinetic_ec_record,0.27217091474263955,0.37801258223046197,6.626916810545428e-06,0,0,0,not_high_confidence,0,unmapped,unmapped,0.0,,unmapped,,0.55,1.9459101490553132,1.0,0.65,0.0,0.3002870223966379,16.378279824079094,0.36363636363636365,SKiD,model_inference
1.8.2.2,EC 1.8.2.2,1,unassigned_stage,kinetic_ec_record,0.27217091474263955,0.37801258223046197,6.626916810545428e-06,0,0,0,not_high_confidence,0,unmapped,unmapped,0.0,,unmapped,,0.55,1.9459101490553132,1.0,0.65,0.0,0.3002870223966379,16.378279824079094,0.36363636363636365,SKiD,model_inference
1.14.12.22,EC 1.14.12.22,1,unassigned_stage,kinetic_ec_record,0.27094478825572044,0.37630962877640767,6.626916810545428e-06,0,0,0,not_high_confidence,0,unmapped,unmapped,0.0,,unmapped,,0.55,1.9459101490553132,1.0,0.65,0.0,0.3124509756398829,16.304495380097595,0.36363636363636365,SKiD,model_inference
1.16.1.8,EC 1.16.1.8,1,unassigned_stage,kinetic_ec_record,0.27094478825572044,0.37630962877640767,6.626916810545428e-06,0,0,0,not_high_confidence,0,unmapped,unmapped,0.0,,unmapped,,0.55,1.9459101490553132,1.0,0.65,0.0,0.3124509756398829,16.304495380097595,0.36363636363636365,SKiD,model_inference
1.5.99.12,EC 1.5.99.12,1,unassigned_stage,kinetic_ec_record,0.2660168993230027,0.3694653385920774,6.626916810545428e-06,0,0,0,not_high_confidence,0,unmapped,unmapped,0.0,,unmapped,,0.55,1.791759469228055,1.0,0.65,0.0,0.3217000164295184,16.007950489515576,0.36363636363636365,SKiD,model_inference
1.3.5.2,EC 1.3.5.2,1,unassigned_stage,kinetic_ec_record,0.2622845208694269,0.36428147962877766,6.626916810545428e-06,0,0,0,not_high_confidence,0,unmapped,unmapped,0.0,,unmapped,,0.55,1.6094379124341003,1.0,0.65,0.0,0.3118448944203573,15.783347667650453,0.36363636363636365,SKiD,model_inference
1.2.99.7,EC 1.2.99.7,1,unassigned_stage,kinetic_ec_record,0.26018844379541356,0.3613702614704259,6.626916810545428e-06,0,0,0,not_high_confidence,0,unmapped,unmapped,0.0,,unmapped,,0.55,1.6094379124341003,1.0,0.65,0.0,0.3326393098371556,15.657212327538,0.36363636363636365,SKiD,model_inference
1.6.2.4,EC 1.6.2.4,1,unassigned_stage,kinetic_ec_record,0.2530549907470009,0.35146268779207496,6.626916810545428e-06,0,0,0,not_high_confidence,0,unmapped,unmapped,0.0,,unmapped,,0.55,1.3862943611198906,1.0,0.65,0.0,0.34602792291600826,15.22794351028265,0.36363636363636365,SKiD,model_inference
1.14.17.3,EC 1.14.17.3,1,unassigned_stage,kinetic_ec_record,0.2438583702548624,0.3386896037752159,6.626916810545428e-06,0,0,0,not_high_confidence,0,unmapped,unmapped,0.0,,unmapped,,0.55,1.0986122886681098,1.0,0.65,0.0,0.36328884726311506,14.674519751183945,0.36363636363636365,SKiD,model_inference
1.17.7.4,EC 1.17.7.4,1,unassigned_stage,kinetic_ec_record,0.2438583702548624,0.3386896037752159,6.626916810545428e-06,0,0,0,not_high_confidence,0,unmapped,unmapped,0.0,,unmapped,,0.55,1.0986122886681098,1.0,0.65,0.0,0.36328884726311506,14.674519751183945,0.36363636363636365,SKiD,model_inference
1.23.1.1,EC 1.23.1.1,1,unassigned_stage,kinetic_ec_record,0.2438583702548624,0.3386896037752159,6.626916810545428e-06,0,0,0,not_high_confidence,0,unmapped,unmapped,0.0,,unmapped,,0.55,1.0986122886681098,1.0,0.65,0.0,0.36328884726311506,14.674519751183945,0.36363636363636365,SKiD,model_inference
1.21.3.3,EC 1.21.3.3,1,unassigned_stage,kinetic_ec_record,0.2438583702548624,0.3386896037752159,6.626916810545428e-06,0,0,0,not_high_confidence,0,unmapped,unmapped,0.0,,unmapped,,0.55,1.0986122886681098,1.0,0.65,0.0,0.36328884726311506,14.674519751183945,0.36363636363636365,SKiD,model_inference
1.20.2.1,EC 1.20.2.1,1,unassigned_stage,kinetic_ec_record,0.2438583702548624,0.3386896037752159,6.626916810545428e-06,0,0,0,not_high_confidence,0,unmapped,unmapped,0.0,,unmapped,,0.55,1.0986122886681098,1.0,0.65,0.0,0.36328884726311506,14.674519751183945,0.36363636363636365,SKiD,model_inference
1.3.98.5,EC 1.3.98.5,1,unassigned_stage,kinetic_ec_record,0.2438583702548624,0.3386896037752159,6.626916810545428e-06,0,0,0,not_high_confidence,0,unmapped,unmapped,0.0,,unmapped,,0.55,1.0986122886681098,1.0,0.65,0.0,0.36328884726311506,14.674519751183945,0.36363636363636365,SKiD,model_inference
1.12.98.2,EC 1.12.98.2,1,unassigned_stage,kinetic_ec_record,0.2438583702548624,0.3386896037752159,6.626916810545428e-06,0,0,0,not_high_confidence,0,unmapped,unmapped,0.0,,unmapped,,0.55,1.0986122886681098,1.0,0.65,0.0,0.36328884726311506,14.674519751183945,0.36363636363636365,SKiD,model_inference
1.5.5.2,EC 1.5.5.2,1,unassigned_stage,kinetic_ec_record,0.2438583702548624,0.3386896037752159,6.626916810545428e-06,0,0,0,not_high_confidence,0,unmapped,unmapped,0.0,,unmapped,,0.55,1.0986122886681098,1.0,0.65,0.0,0.36328884726311506,14.674519751183945,0.36363636363636365,SKiD,model_inference
AA5_2,AA5_2,AA,unassigned_stage,carbohydrate_active_enzyme,0.2316053383066105,0.18499437668207036,0.3514620967697138,0,0,0,not_high_confidence,0,unmapped,unmapped,0.0,,unmapped,,0.55,0.0,0.0,0.7398719682066197,0.0,0.25564471073374295,8.015314329756396,0.36363636363636365,CAZy,model_inference
1.4.4.2,EC 1.4.4.2,1,unassigned_stage,kinetic_ec_record,0.23089646167886058,0.3206869529752134,6.626916810545428e-06,0,0,0,not_high_confidence,0,unmapped,unmapped,0.0,,unmapped,,0.55,0.6931471805599453,1.0,0.65,0.0,0.3876167537496049,13.894512771951018,0.36363636363636365,SKiD,model_inference
1.4.7.1,EC 1.4.7.1,1,unassigned_stage,kinetic_ec_record,0.23089646167886058,0.3206869529752134,6.626916810545428e-06,0,0,0,not_high_confidence,0,unmapped,unmapped,0.0,,unmapped,,0.55,0.6931471805599453,1.0,0.65,0.0,0.3876167537496049,13.894512771951018,0.36363636363636365,SKiD,model_inference
1.2.7.11,EC 1.2.7.11,1,unassigned_stage,kinetic_ec_record,0.23089646167886058,0.3206869529752134,6.626916810545428e-06,0,0,0,not_high_confidence,0,unmapped,unmapped,0.0,,unmapped,,0.55,0.6931471805599453,1.0,0.65,0.0,0.3876167537496049,13.894512771951018,0.36363636363636365,SKiD,model_inference
1.17.98.4,EC 1.17.98.4,1,unassigned_stage,kinetic_ec_record,0.23089646167886058,0.3206869529752134,6.626916810545428e-06,0,0,0,not_high_confidence,0,unmapped,unmapped,0.0,,unmapped,,0.55,0.6931471805599453,1.0,0.65,0.0,0.3876167537496049,13.894512771951018,0.36363636363636365,SKiD,model_inference
1.8.98.3,EC 1.8.98.3,1,unassigned_stage,kinetic_ec_record,0.23089646167886058,0.3206869529752134,6.626916810545428e-06,0,0,0,not_high_confidence,0,unmapped,unmapped,0.0,,unmapped,,0.55,0.6931471805599453,1.0,0.65,0.0,0.3876167537496049,13.894512771951018,0.36363636363636365,SKiD,model_inference
L-serine:glyoxylate aminotransferase; Serine:glyoxylate aminotransferase,L-serine:glyoxylate aminotransferase; Serine:glyoxylate aminotransferase,Aminotransferase,unassigned_stage,curated_family_function,0.10819520514378647,0.14700000000000002,0.008411446942094532,0,0,0,not_high_confidence,0,unmapped,unmapped,0.0,,unmapped,,0.55,0.0,0.0,0.65,0.0,0.45,6.369119038137695,0.36363636363636365,Aminotransferase_Minimally_Curated_Set.xlsx,model_inference
Leucine Aminotransferase II,Leucine Aminotransferase II,Aminotransferase,unassigned_stage,curated_family_function,0.10819520514378647,0.14700000000000002,0.008411446942094532,0,0,0,not_high_confidence,0,unmapped,unmapped,0.0,,unmapped,,0.55,0.0,0.0,0.65,0.0,0.45,6.369119038137695,0.36363636363636365,Aminotransferase_Minimally_Curated_Set.xlsx,model_inference
tryptophan:hydroxypyruvate aminotransferase,tryptophan:hydroxypyruvate aminotransferase,Aminotransferase,unassigned_stage,curated_family_function,0.10819520514378647,0.14700000000000002,0.008411446942094532,0,0,0,not_high_confidence,0,unmapped,unmapped,0.0,,unmapped,,0.55,0.0,0.0,0.65,0.0,0.45,6.369119038137695,0.36363636363636365,Aminotransferase_Minimally_Curated_Set.xlsx,model_inference
ornithine 6-aminotransferase,ornithine 6-aminotransferase,Aminotransferase,unassigned_stage,curated_family_function,0.10819520514378647,0.14700000000000002,0.008411446942094532,0,0,0,not_high_confidence,0,unmapped,unmapped,0.0,,unmapped,,0.55,0.0,0.0,0.65,0.0,0.45,6.369119038137695,0.36363636363636365,Aminotransferase_Minimally_Curated_Set.xlsx,model_inference
nan,nan,Aminotransferase,unassigned_stage,curated_family_function,0.10819520514378647,0.14700000000000002,0.008411446942094532,0,0,0,not_high_confidence,0,unmapped,unmapped,0.0,,unmapped,,0.55,0.0,0.0,0.65,0.0,0.45,6.369119038137695,0.36363636363636365,Aminotransferase_Minimally_Curated_Set.xlsx,model_inference
Leucine Aminotransferase I,Leucine Aminotransferase I,Aminotransferase,unassigned_stage,curated_family_function,0.10819520514378647,0.14700000000000002,0.008411446942094532,0,0,0,not_high_confidence,0,unmapped,unmapped,0.0,,unmapped,,0.55,0.0,0.0,0.65,0.0,0.45,6.369119038137695,0.36363636363636365,Aminotransferase_Minimally_Curated_Set.xlsx,model_inference
Leucine Aminotransferase,Leucine Aminotransferase,Aminotransferase,unassigned_stage,curated_family_function,0.10819520514378647,0.14700000000000002,0.008411446942094532,0,0,0,not_high_confidence,0,unmapped,unmapped,0.0,,unmapped,,0.55,0.0,0.0,0.65,0.0,0.45,6.369119038137695,0.36363636363636365,Aminotransferase_Minimally_Curated_Set.xlsx,model_inference
L-glutamate:glyoxylate aminotransferase; Glutamate:glyoxylate aminotransferase,L-glutamate:glyoxylate aminotransferase; Glutamate:glyoxylate aminotransferase,Aminotransferase,unassigned_stage,curated_family_function,0.10819520514378647,0.14700000000000002,0.008411446942094532,0,0,0,not_high_confidence,0,unmapped,unmapped,0.0,,unmapped,,0.55,0.0,0.0,0.65,0.0,0.45,6.369119038137695,0.36363636363636365,Aminotransferase_Minimally_Curated_Set.xlsx,model_inference
"Alanine:4,5-dioxovalerate aminotransferase","Alanine:4,5-dioxovalerate aminotransferase",Aminotransferase,unassigned_stage,curated_family_function,0.10819520514378647,0.14700000000000002,0.008411446942094532,0,0,0,not_high_confidence,0,unmapped,unmapped,0.0,,unmapped,,0.55,0.0,0.0,0.65,0.0,0.45,6.369119038137695,0.36363636363636365,Aminotransferase_Minimally_Curated_Set.xlsx,model_inference
tryptophan:glyoxylate aminotransferase,tryptophan:glyoxylate aminotransferase,Aminotransferase,unassigned_stage,curated_family_function,0.10819520514378647,0.14700000000000002,0.008411446942094532,0,0,0,not_high_confidence,0,unmapped,unmapped,0.0,,unmapped,,0.55,0.0,0.0,0.65,0.0,0.45,6.369119038137695,0.36363636363636365,Aminotransferase_Minimally_Curated_Set.xlsx,model_inference
L-alanine:glyoxylate aminotransferase; Alanine:glyoxylate aminotransferase,L-alanine:glyoxylate aminotransferase; Alanine:glyoxylate aminotransferase,Aminotransferase,unassigned_stage,curated_family_function,0.10819520514378647,0.14700000000000002,0.008411446942094532,0,0,0,not_high_confidence,0,unmapped,unmapped,0.0,,unmapped,,0.55,0.0,0.0,0.65,0.0,0.45,6.369119038137695,0.36363636363636365,Aminotransferase_Minimally_Curated_Set.xlsx,model_inference
Aspartate aminotransferase I,Aspartate aminotransferase I,Aminotransferase,unassigned_stage,curated_family_function,0.10819520514378647,0.14700000000000002,0.008411446942094532,0,0,0,not_high_confidence,0,unmapped,unmapped,0.0,,unmapped,,0.55,0.0,0.0,0.65,0.0,0.45,6.369119038137695,0.36363636363636365,Aminotransferase_Minimally_Curated_Set.xlsx,model_inference
Aspartate aminotransferase II,Aspartate aminotransferase II,Aminotransferase,unassigned_stage,curated_family_function,0.10819520514378647,0.14700000000000002,0.008411446942094532,0,0,0,not_high_confidence,0,unmapped,unmapped,0.0,,unmapped,,0.55,0.0,0.0,0.65,0.0,0.45,6.369119038137695,0.36363636363636365,Aminotransferase_Minimally_Curated_Set.xlsx,model_inference
Hydroxycinnamoyl-CoA:tyramine N-hydroxycinnamoyltransferase,Hydroxycinnamoyl-CoA:tyramine N-hydroxycinnamoyltransferase,BAHD acyltransferase,specialized_metabolism,curated_family_function,0.10811536386547191,0.14700000000000002,0.00812629951954253,0,0,0,not_high_confidence,1,CYP450 detoxification,cytochrome P450 herbicide metabolism and specialized metabolism,0.1,p450_inhibitors;synergist_candidates,detoxification_modifier,metabolic_resistance;cross_resistance,0.55,0.0,0.0,0.65,0.0,0.45,4.343806878703322,0.9090909090909092,BAHD_acyltransferase_Minimally_Curated_Set.xlsx,model_inference
