group_id,target_enzyme,target_family,stage,members,member_count,source_score_list,match_schema,epsilon_threshold,synergy_group_score,evidence_class
225fa67d5eb43496,photosystem II,PSII,early_vegetative,(2-amino-1-hydroxyethyl)phosphonate;2-hydroxyethylphosphonate,2,"2-hydroxyethylphosphonate:[SKiD_substrates,0.707]|(2-amino-1-hydroxyethyl)phosphonate:[SKiD_substrates,0.701]",active_site_compatibility;functional_group_match;herbicide_target_atlas_match;known_inhibitor_class_similarity;transition_state_mimicry,0.92,0.9382695309376924,inhibit_synergy_model_inference_requires_assay_validation
4a4ffa42595df9c4,protoporphyrinogen oxidase,PPO,vegetative_expansion,(2-amino-1-hydroxyethyl)phosphonate;2-hydroxyethylphosphonate,2,"2-hydroxyethylphosphonate:[SKiD_substrates,0.707]|(2-amino-1-hydroxyethyl)phosphonate:[SKiD_substrates,0.701]",active_site_compatibility;functional_group_match;herbicide_target_atlas_match;known_inhibitor_class_similarity;transition_state_mimicry,0.92,0.9382695309376924,inhibit_synergy_model_inference_requires_assay_validation
f64d704fdf0c7a08,acetyl-CoA carboxylase,ACCase,vegetative_expansion,(2-amino-1-hydroxyethyl)phosphonate;2-hydroxyethylphosphonate,2,"2-hydroxyethylphosphonate:[SKiD_substrates,0.707]|(2-amino-1-hydroxyethyl)phosphonate:[SKiD_substrates,0.701]",active_site_compatibility;functional_group_match;herbicide_target_atlas_match;known_inhibitor_class_similarity;transition_state_mimicry,0.92,0.9382695309376924,inhibit_synergy_model_inference_requires_assay_validation
9f28516eb72cae16,cytochrome P450,Cytochrome P450,specialized_metabolism,(2-amino-1-hydroxyethyl)phosphonate;2-hydroxyethylphosphonate,2,"2-hydroxyethylphosphonate:[SKiD_substrates,0.707]|(2-amino-1-hydroxyethyl)phosphonate:[SKiD_substrates,0.701]",active_site_compatibility;functional_group_match;herbicide_target_atlas_match;known_inhibitor_class_similarity;transition_state_mimicry,0.92,0.9382695309376924,inhibit_synergy_model_inference_requires_assay_validation
8243c83bb33ce478,photosystem II,PSII,early_vegetative,"2-(2-hydroxyethylthio)ethanesulfonate;3,4-dihydroxybenzoate",2,"2-(2-hydroxyethylthio)ethanesulfonate:[SKiD_substrates,0.578]|3,4-dihydroxybenzoate:[SKiD_substrates,0.542]",active_site_compatibility;functional_group_match;herbicide_target_atlas_match;known_inhibitor_class_similarity;transition_state_mimicry,0.92,0.9208992233869231,inhibit_synergy_model_inference_requires_assay_validation
4b5e4dfe45abcfd9,acetyl-CoA carboxylase,ACCase,vegetative_expansion,"2-(2-hydroxyethylthio)ethanesulfonate;3,4-dihydroxybenzoate",2,"2-(2-hydroxyethylthio)ethanesulfonate:[SKiD_substrates,0.578]|3,4-dihydroxybenzoate:[SKiD_substrates,0.542]",active_site_compatibility;functional_group_match;herbicide_target_atlas_match;known_inhibitor_class_similarity;transition_state_mimicry,0.92,0.9208992233869231,inhibit_synergy_model_inference_requires_assay_validation
d40c1430ac7cdd9b,cellulase,CAZy,germination,"2-(2-hydroxyethylthio)ethanesulfonate;3,4-dihydroxybenzoate",2,"2-(2-hydroxyethylthio)ethanesulfonate:[SKiD_substrates,0.578]|3,4-dihydroxybenzoate:[SKiD_substrates,0.542]",active_site_compatibility;functional_group_match;herbicide_target_atlas_match;known_inhibitor_class_similarity;transition_state_mimicry,0.92,0.9208992233869231,inhibit_synergy_model_inference_requires_assay_validation
067a3bfb83697988,acetolactate synthase,ALS/AHAS,seedling_emergence,"2-(2-hydroxyethylthio)ethanesulfonate;3,4-dihydroxybenzoate",2,"2-(2-hydroxyethylthio)ethanesulfonate:[SKiD_substrates,0.578]|3,4-dihydroxybenzoate:[SKiD_substrates,0.542]",active_site_compatibility;functional_group_match;herbicide_target_atlas_match;known_inhibitor_class_similarity;transition_state_mimicry,0.92,0.9208992233869231,inhibit_synergy_model_inference_requires_assay_validation
3b1250fea1d953fc,protoporphyrinogen oxidase,PPO,vegetative_expansion,"2-(2-hydroxyethylthio)ethanesulfonate;3,4-dihydroxybenzoate",2,"2-(2-hydroxyethylthio)ethanesulfonate:[SKiD_substrates,0.578]|3,4-dihydroxybenzoate:[SKiD_substrates,0.542]",active_site_compatibility;functional_group_match;herbicide_target_atlas_match;known_inhibitor_class_similarity;transition_state_mimicry,0.92,0.9208992233869231,inhibit_synergy_model_inference_requires_assay_validation
4b9f57e148eda2ed,EPSP synthase,EPSPS,early_vegetative,"2-(2-hydroxyethylthio)ethanesulfonate;3,4-dihydroxybenzoate",2,"2-(2-hydroxyethylthio)ethanesulfonate:[SKiD_substrates,0.578]|3,4-dihydroxybenzoate:[SKiD_substrates,0.542]",active_site_compatibility;functional_group_match;herbicide_target_atlas_match;known_inhibitor_class_similarity;transition_state_mimicry,0.92,0.9208992233869231,inhibit_synergy_model_inference_requires_assay_validation
ed88ac29e8744758,cytochrome P450,Cytochrome P450,specialized_metabolism,"2-(2-hydroxyethylthio)ethanesulfonate;3,4-dihydroxybenzoate",2,"2-(2-hydroxyethylthio)ethanesulfonate:[SKiD_substrates,0.578]|3,4-dihydroxybenzoate:[SKiD_substrates,0.542]",active_site_compatibility;functional_group_match;herbicide_target_atlas_match;known_inhibitor_class_similarity;transition_state_mimicry,0.92,0.9208992233869231,inhibit_synergy_model_inference_requires_assay_validation
4d6a9fb3e46aa5dc,photosystem II,PSII,early_vegetative,(2-amino-1-hydroxyethyl)phosphonate;2-(2-hydroxyethylthio)ethanesulfonate,2,"(2-amino-1-hydroxyethyl)phosphonate:[SKiD_substrates,0.701]|2-(2-hydroxyethylthio)ethanesulfonate:[SKiD_substrates,0.578]",active_site_compatibility;functional_group_match;herbicide_target_atlas_match;known_inhibitor_class_similarity;transition_state_mimicry,0.92,0.9083713217823077,inhibit_synergy_model_inference_requires_assay_validation
c674a4ab991cc5b7,acetolactate synthase,ALS/AHAS,seedling_emergence,(2-amino-1-hydroxyethyl)phosphonate;2-(2-hydroxyethylthio)ethanesulfonate,2,"(2-amino-1-hydroxyethyl)phosphonate:[SKiD_substrates,0.701]|2-(2-hydroxyethylthio)ethanesulfonate:[SKiD_substrates,0.578]",active_site_compatibility;functional_group_match;herbicide_target_atlas_match;known_inhibitor_class_similarity;transition_state_mimicry,0.92,0.9083713217823077,inhibit_synergy_model_inference_requires_assay_validation
07e786a98fe5cca2,cytochrome P450,Cytochrome P450,specialized_metabolism,(2-amino-1-hydroxyethyl)phosphonate;2-(2-hydroxyethylthio)ethanesulfonate,2,"(2-amino-1-hydroxyethyl)phosphonate:[SKiD_substrates,0.701]|2-(2-hydroxyethylthio)ethanesulfonate:[SKiD_substrates,0.578]",active_site_compatibility;functional_group_match;herbicide_target_atlas_match;known_inhibitor_class_similarity;transition_state_mimicry,0.92,0.9083713217823077,inhibit_synergy_model_inference_requires_assay_validation
b225d68f7b9fd276,protoporphyrinogen oxidase,PPO,vegetative_expansion,(2-amino-1-hydroxyethyl)phosphonate;2-(2-hydroxyethylthio)ethanesulfonate,2,"(2-amino-1-hydroxyethyl)phosphonate:[SKiD_substrates,0.701]|2-(2-hydroxyethylthio)ethanesulfonate:[SKiD_substrates,0.578]",active_site_compatibility;functional_group_match;herbicide_target_atlas_match;known_inhibitor_class_similarity;transition_state_mimicry,0.92,0.9083713217823077,inhibit_synergy_model_inference_requires_assay_validation
77ed296fd7866d71,acetyl-CoA carboxylase,ACCase,vegetative_expansion,(2-amino-1-hydroxyethyl)phosphonate;2-(2-hydroxyethylthio)ethanesulfonate,2,"(2-amino-1-hydroxyethyl)phosphonate:[SKiD_substrates,0.701]|2-(2-hydroxyethylthio)ethanesulfonate:[SKiD_substrates,0.578]",active_site_compatibility;functional_group_match;herbicide_target_atlas_match;known_inhibitor_class_similarity;transition_state_mimicry,0.92,0.9083713217823077,inhibit_synergy_model_inference_requires_assay_validation
94db419e251ac005,EPSP synthase,EPSPS,early_vegetative,(2-amino-1-hydroxyethyl)phosphonate;2-(2-hydroxyethylthio)ethanesulfonate,2,"(2-amino-1-hydroxyethyl)phosphonate:[SKiD_substrates,0.701]|2-(2-hydroxyethylthio)ethanesulfonate:[SKiD_substrates,0.578]",active_site_compatibility;functional_group_match;herbicide_target_atlas_match;known_inhibitor_class_similarity;transition_state_mimicry,0.92,0.9083713217823077,inhibit_synergy_model_inference_requires_assay_validation
9e01c33b47ed33c6,cellulase,CAZy,germination,(2-amino-1-hydroxyethyl)phosphonate;2-(2-hydroxyethylthio)ethanesulfonate,2,"(2-amino-1-hydroxyethyl)phosphonate:[SKiD_substrates,0.701]|2-(2-hydroxyethylthio)ethanesulfonate:[SKiD_substrates,0.578]",active_site_compatibility;functional_group_match;herbicide_target_atlas_match;known_inhibitor_class_similarity;transition_state_mimicry,0.92,0.9083713217823077,inhibit_synergy_model_inference_requires_assay_validation
ca2fc919e97a2393,protoporphyrinogen oxidase,PPO,vegetative_expansion,(2S)-3-carboxy-N-(fluoromethyl)-2-hydroxy-N N-dimethylpropan-1-aminium;2-(2-hydroxyethylthio)ethanesulfonate,2,"2-(2-hydroxyethylthio)ethanesulfonate:[SKiD_substrates,0.578]|(2S)-3-carboxy-N-(fluoromethyl)-2-hydroxy-N N-dimethylpropan-1-aminium:[SKiD_substrates,0.505]",active_site_compatibility;functional_group_match;herbicide_target_atlas_match;known_inhibitor_class_similarity;transition_state_mimicry,0.92,0.9033752585294872,inhibit_synergy_model_inference_requires_assay_validation
1ceb1dc915088dd9,acetyl-CoA carboxylase,ACCase,vegetative_expansion,(2S)-3-carboxy-N-(fluoromethyl)-2-hydroxy-N N-dimethylpropan-1-aminium;2-(2-hydroxyethylthio)ethanesulfonate,2,"2-(2-hydroxyethylthio)ethanesulfonate:[SKiD_substrates,0.578]|(2S)-3-carboxy-N-(fluoromethyl)-2-hydroxy-N N-dimethylpropan-1-aminium:[SKiD_substrates,0.505]",active_site_compatibility;functional_group_match;herbicide_target_atlas_match;known_inhibitor_class_similarity;transition_state_mimicry,0.92,0.9033752585294872,inhibit_synergy_model_inference_requires_assay_validation
3a922dd43b64fd28,photosystem II,PSII,early_vegetative,(2S)-3-carboxy-N-(fluoromethyl)-2-hydroxy-N N-dimethylpropan-1-aminium;2-(2-hydroxyethylthio)ethanesulfonate,2,"2-(2-hydroxyethylthio)ethanesulfonate:[SKiD_substrates,0.578]|(2S)-3-carboxy-N-(fluoromethyl)-2-hydroxy-N N-dimethylpropan-1-aminium:[SKiD_substrates,0.505]",active_site_compatibility;functional_group_match;herbicide_target_atlas_match;known_inhibitor_class_similarity;transition_state_mimicry,0.92,0.9033752585294872,inhibit_synergy_model_inference_requires_assay_validation
111dcaa0f0e9da92,EPSP synthase,EPSPS,early_vegetative,(2S)-3-carboxy-N-(fluoromethyl)-2-hydroxy-N N-dimethylpropan-1-aminium;2-(2-hydroxyethylthio)ethanesulfonate,2,"2-(2-hydroxyethylthio)ethanesulfonate:[SKiD_substrates,0.578]|(2S)-3-carboxy-N-(fluoromethyl)-2-hydroxy-N N-dimethylpropan-1-aminium:[SKiD_substrates,0.505]",active_site_compatibility;functional_group_match;herbicide_target_atlas_match;known_inhibitor_class_similarity;transition_state_mimicry,0.92,0.9033752585294872,inhibit_synergy_model_inference_requires_assay_validation
bb3add3a5295dafb,cellulase,CAZy,germination,(2S)-3-carboxy-N-(fluoromethyl)-2-hydroxy-N N-dimethylpropan-1-aminium;2-(2-hydroxyethylthio)ethanesulfonate,2,"2-(2-hydroxyethylthio)ethanesulfonate:[SKiD_substrates,0.578]|(2S)-3-carboxy-N-(fluoromethyl)-2-hydroxy-N N-dimethylpropan-1-aminium:[SKiD_substrates,0.505]",active_site_compatibility;functional_group_match;herbicide_target_atlas_match;known_inhibitor_class_similarity;transition_state_mimicry,0.92,0.9033752585294872,inhibit_synergy_model_inference_requires_assay_validation
a7e8ee974d2d50f4,cytochrome P450,Cytochrome P450,specialized_metabolism,(2S)-3-carboxy-N-(fluoromethyl)-2-hydroxy-N N-dimethylpropan-1-aminium;2-(2-hydroxyethylthio)ethanesulfonate,2,"2-(2-hydroxyethylthio)ethanesulfonate:[SKiD_substrates,0.578]|(2S)-3-carboxy-N-(fluoromethyl)-2-hydroxy-N N-dimethylpropan-1-aminium:[SKiD_substrates,0.505]",active_site_compatibility;functional_group_match;herbicide_target_atlas_match;known_inhibitor_class_similarity;transition_state_mimicry,0.92,0.9033752585294872,inhibit_synergy_model_inference_requires_assay_validation
130a7ed5df30de8f,phosphoenolpyruvate carboxylase,PEPC,vegetative_expansion,(2-amino-1-hydroxyethyl)phosphonate;2-hydroxyethylphosphonate,2,"2-hydroxyethylphosphonate:[SKiD_substrates,0.665]|(2-amino-1-hydroxyethyl)phosphonate:[SKiD_substrates,0.659]",active_site_compatibility;functional_group_match;herbicide_target_atlas_match;known_inhibitor_class_similarity;transition_state_mimicry,0.92,0.9032695309376924,inhibit_synergy_model_inference_requires_assay_validation
0e3da74d680bf934,acetolactate synthase,ALS/AHAS,seedling_emergence,"2-hydroxyethylphosphonate;3,4-dihydroxybenzoate",2,"2-hydroxyethylphosphonate:[SKiD_substrates,0.707]|3,4-dihydroxybenzoate:[SKiD_substrates,0.542]",active_site_compatibility;functional_group_match;herbicide_target_atlas_match;known_inhibitor_class_similarity;transition_state_mimicry,0.92,0.9014454468376925,inhibit_synergy_model_inference_requires_assay_validation
de788b8fa5adac36,cellulase,CAZy,germination,"2-hydroxyethylphosphonate;3,4-dihydroxybenzoate",2,"2-hydroxyethylphosphonate:[SKiD_substrates,0.707]|3,4-dihydroxybenzoate:[SKiD_substrates,0.542]",active_site_compatibility;functional_group_match;herbicide_target_atlas_match;known_inhibitor_class_similarity;transition_state_mimicry,0.92,0.9014454468376925,inhibit_synergy_model_inference_requires_assay_validation
446003f278d59094,EPSP synthase,EPSPS,early_vegetative,"2-hydroxyethylphosphonate;3,4-dihydroxybenzoate",2,"2-hydroxyethylphosphonate:[SKiD_substrates,0.707]|3,4-dihydroxybenzoate:[SKiD_substrates,0.542]",active_site_compatibility;functional_group_match;herbicide_target_atlas_match;known_inhibitor_class_similarity;transition_state_mimicry,0.92,0.9014454468376925,inhibit_synergy_model_inference_requires_assay_validation
ee2ec3f897619718,photosystem II,PSII,early_vegetative,"(2-amino-1-hydroxyethyl)phosphonate;3,4-dihydroxybenzoate",2,"(2-amino-1-hydroxyethyl)phosphonate:[SKiD_substrates,0.701]|3,4-dihydroxybenzoate:[SKiD_substrates,0.542]",active_site_compatibility;functional_group_match;herbicide_target_atlas_match;known_inhibitor_class_similarity;transition_state_mimicry,0.92,0.9013079397076923,inhibit_synergy_model_inference_requires_assay_validation
8c1f2b213838afb5,acetolactate synthase,ALS/AHAS,seedling_emergence,"(2-amino-1-hydroxyethyl)phosphonate;3,4-dihydroxybenzoate",2,"(2-amino-1-hydroxyethyl)phosphonate:[SKiD_substrates,0.701]|3,4-dihydroxybenzoate:[SKiD_substrates,0.542]",active_site_compatibility;functional_group_match;herbicide_target_atlas_match;known_inhibitor_class_similarity;transition_state_mimicry,0.92,0.9013079397076923,inhibit_synergy_model_inference_requires_assay_validation
9b9ea40ea1d4cd38,acetyl-CoA carboxylase,ACCase,vegetative_expansion,"(2-amino-1-hydroxyethyl)phosphonate;3,4-dihydroxybenzoate",2,"(2-amino-1-hydroxyethyl)phosphonate:[SKiD_substrates,0.701]|3,4-dihydroxybenzoate:[SKiD_substrates,0.542]",active_site_compatibility;functional_group_match;herbicide_target_atlas_match;known_inhibitor_class_similarity;transition_state_mimicry,0.92,0.9013079397076923,inhibit_synergy_model_inference_requires_assay_validation
1eb854683a0857af,protoporphyrinogen oxidase,PPO,vegetative_expansion,"(2-amino-1-hydroxyethyl)phosphonate;3,4-dihydroxybenzoate",2,"(2-amino-1-hydroxyethyl)phosphonate:[SKiD_substrates,0.701]|3,4-dihydroxybenzoate:[SKiD_substrates,0.542]",active_site_compatibility;functional_group_match;herbicide_target_atlas_match;known_inhibitor_class_similarity;transition_state_mimicry,0.92,0.9013079397076923,inhibit_synergy_model_inference_requires_assay_validation
9051039aea53b718,EPSP synthase,EPSPS,early_vegetative,"(2-amino-1-hydroxyethyl)phosphonate;3,4-dihydroxybenzoate",2,"(2-amino-1-hydroxyethyl)phosphonate:[SKiD_substrates,0.701]|3,4-dihydroxybenzoate:[SKiD_substrates,0.542]",active_site_compatibility;functional_group_match;herbicide_target_atlas_match;known_inhibitor_class_similarity;transition_state_mimicry,0.92,0.9013079397076923,inhibit_synergy_model_inference_requires_assay_validation
a8d2a8dd103b77c4,cellulase,CAZy,germination,"(2-amino-1-hydroxyethyl)phosphonate;3,4-dihydroxybenzoate",2,"(2-amino-1-hydroxyethyl)phosphonate:[SKiD_substrates,0.701]|3,4-dihydroxybenzoate:[SKiD_substrates,0.542]",active_site_compatibility;functional_group_match;herbicide_target_atlas_match;known_inhibitor_class_similarity;transition_state_mimicry,0.92,0.9013079397076923,inhibit_synergy_model_inference_requires_assay_validation
299f5005c244b65a,cytochrome P450,Cytochrome P450,specialized_metabolism,"(2-amino-1-hydroxyethyl)phosphonate;3,4-dihydroxybenzoate",2,"(2-amino-1-hydroxyethyl)phosphonate:[SKiD_substrates,0.701]|3,4-dihydroxybenzoate:[SKiD_substrates,0.542]",active_site_compatibility;functional_group_match;herbicide_target_atlas_match;known_inhibitor_class_similarity;transition_state_mimicry,0.92,0.9013079397076923,inhibit_synergy_model_inference_requires_assay_validation
4776843de50422ba,peroxidase,Peroxidase,stress_response,"2-(2-hydroxyethylthio)ethanesulfonate;3,4-dihydroxybenzoate",2,"2-(2-hydroxyethylthio)ethanesulfonate:[SKiD_substrates,0.536]|3,4-dihydroxybenzoate:[SKiD_substrates,0.500]",active_site_compatibility;functional_group_match;herbicide_target_atlas_match;known_inhibitor_class_similarity;transition_state_mimicry,0.92,0.8858992233869232,inhibit_synergy_model_inference_requires_assay_validation
b192d5d53d7b63be,phosphoenolpyruvate carboxylase,PEPC,vegetative_expansion,"2-(2-hydroxyethylthio)ethanesulfonate;3,4-dihydroxybenzoate",2,"2-(2-hydroxyethylthio)ethanesulfonate:[SKiD_substrates,0.536]|3,4-dihydroxybenzoate:[SKiD_substrates,0.500]",active_site_compatibility;functional_group_match;herbicide_target_atlas_match;known_inhibitor_class_similarity;transition_state_mimicry,0.92,0.8858992233869232,inhibit_synergy_model_inference_requires_assay_validation
3f8c83e56f09c8ee,ribulose bisphosphate carboxylase oxygenase,RuBisCO,vegetative_expansion,"2-(2-hydroxyethylthio)ethanesulfonate;3,4-dihydroxybenzoate",2,"2-(2-hydroxyethylthio)ethanesulfonate:[SKiD_substrates,0.536]|3,4-dihydroxybenzoate:[SKiD_substrates,0.500]",active_site_compatibility;functional_group_match;herbicide_target_atlas_match;known_inhibitor_class_similarity;transition_state_mimicry,0.92,0.8858992233869232,inhibit_synergy_model_inference_requires_assay_validation
28326574c167625c,cytochrome P450,Cytochrome P450,specialized_metabolism,(2S)-3-carboxy-N-(fluoromethyl)-2-hydroxy-N N-dimethylpropan-1-aminium;2-hydroxyethylphosphonate,2,"2-hydroxyethylphosphonate:[SKiD_substrates,0.707]|(2S)-3-carboxy-N-(fluoromethyl)-2-hydroxy-N N-dimethylpropan-1-aminium:[SKiD_substrates,0.505]",active_site_compatibility;functional_group_match;herbicide_target_atlas_match;known_inhibitor_class_similarity;transition_state_mimicry,0.92,0.8839214819802564,inhibit_synergy_model_inference_requires_assay_validation
4a90fbcfbf031bbd,acetolactate synthase,ALS/AHAS,seedling_emergence,(2S)-3-carboxy-N-(fluoromethyl)-2-hydroxy-N N-dimethylpropan-1-aminium;2-hydroxyethylphosphonate,2,"2-hydroxyethylphosphonate:[SKiD_substrates,0.707]|(2S)-3-carboxy-N-(fluoromethyl)-2-hydroxy-N N-dimethylpropan-1-aminium:[SKiD_substrates,0.505]",active_site_compatibility;functional_group_match;herbicide_target_atlas_match;known_inhibitor_class_similarity;transition_state_mimicry,0.92,0.8839214819802564,inhibit_synergy_model_inference_requires_assay_validation
5f270a651e55b8dd,EPSP synthase,EPSPS,early_vegetative,(2S)-3-carboxy-N-(fluoromethyl)-2-hydroxy-N N-dimethylpropan-1-aminium;2-hydroxyethylphosphonate,2,"2-hydroxyethylphosphonate:[SKiD_substrates,0.707]|(2S)-3-carboxy-N-(fluoromethyl)-2-hydroxy-N N-dimethylpropan-1-aminium:[SKiD_substrates,0.505]",active_site_compatibility;functional_group_match;herbicide_target_atlas_match;known_inhibitor_class_similarity;transition_state_mimicry,0.92,0.8839214819802564,inhibit_synergy_model_inference_requires_assay_validation
7b4495d04d495ea5,protoporphyrinogen oxidase,PPO,vegetative_expansion,(2S)-3-carboxy-N-(fluoromethyl)-2-hydroxy-N N-dimethylpropan-1-aminium;2-hydroxyethylphosphonate,2,"2-hydroxyethylphosphonate:[SKiD_substrates,0.707]|(2S)-3-carboxy-N-(fluoromethyl)-2-hydroxy-N N-dimethylpropan-1-aminium:[SKiD_substrates,0.505]",active_site_compatibility;functional_group_match;herbicide_target_atlas_match;known_inhibitor_class_similarity;transition_state_mimicry,0.92,0.8839214819802564,inhibit_synergy_model_inference_requires_assay_validation
0ec81f75c9ca182e,acetyl-CoA carboxylase,ACCase,vegetative_expansion,(2S)-3-carboxy-N-(fluoromethyl)-2-hydroxy-N N-dimethylpropan-1-aminium;2-hydroxyethylphosphonate,2,"2-hydroxyethylphosphonate:[SKiD_substrates,0.707]|(2S)-3-carboxy-N-(fluoromethyl)-2-hydroxy-N N-dimethylpropan-1-aminium:[SKiD_substrates,0.505]",active_site_compatibility;functional_group_match;herbicide_target_atlas_match;known_inhibitor_class_similarity;transition_state_mimicry,0.92,0.8839214819802564,inhibit_synergy_model_inference_requires_assay_validation
620a71b9fb9a9bb5,photosystem II,PSII,early_vegetative,(2S)-3-carboxy-N-(fluoromethyl)-2-hydroxy-N N-dimethylpropan-1-aminium;2-hydroxyethylphosphonate,2,"2-hydroxyethylphosphonate:[SKiD_substrates,0.707]|(2S)-3-carboxy-N-(fluoromethyl)-2-hydroxy-N N-dimethylpropan-1-aminium:[SKiD_substrates,0.505]",active_site_compatibility;functional_group_match;herbicide_target_atlas_match;known_inhibitor_class_similarity;transition_state_mimicry,0.92,0.8839214819802564,inhibit_synergy_model_inference_requires_assay_validation
27613db7fab605b2,cellulase,CAZy,germination,(2S)-3-carboxy-N-(fluoromethyl)-2-hydroxy-N N-dimethylpropan-1-aminium;2-hydroxyethylphosphonate,2,"2-hydroxyethylphosphonate:[SKiD_substrates,0.707]|(2S)-3-carboxy-N-(fluoromethyl)-2-hydroxy-N N-dimethylpropan-1-aminium:[SKiD_substrates,0.505]",active_site_compatibility;functional_group_match;herbicide_target_atlas_match;known_inhibitor_class_similarity;transition_state_mimicry,0.92,0.8839214819802564,inhibit_synergy_model_inference_requires_assay_validation
7be5777a40e659a0,photosystem II,PSII,early_vegetative,(2-amino-1-hydroxyethyl)phosphonate;(2S)-3-carboxy-N-(fluoromethyl)-2-hydroxy-N N-dimethylpropan-1-aminium,2,"(2-amino-1-hydroxyethyl)phosphonate:[SKiD_substrates,0.701]|(2S)-3-carboxy-N-(fluoromethyl)-2-hydroxy-N N-dimethylpropan-1-aminium:[SKiD_substrates,0.505]",active_site_compatibility;functional_group_match;herbicide_target_atlas_match;known_inhibitor_class_similarity;transition_state_mimicry,0.92,0.8837839748502564,inhibit_synergy_model_inference_requires_assay_validation
acc6a0cd441fef47,acetolactate synthase,ALS/AHAS,seedling_emergence,(2-amino-1-hydroxyethyl)phosphonate;(2S)-3-carboxy-N-(fluoromethyl)-2-hydroxy-N N-dimethylpropan-1-aminium,2,"(2-amino-1-hydroxyethyl)phosphonate:[SKiD_substrates,0.701]|(2S)-3-carboxy-N-(fluoromethyl)-2-hydroxy-N N-dimethylpropan-1-aminium:[SKiD_substrates,0.505]",active_site_compatibility;functional_group_match;herbicide_target_atlas_match;known_inhibitor_class_similarity;transition_state_mimicry,0.92,0.8837839748502564,inhibit_synergy_model_inference_requires_assay_validation
bd30a4286004c649,cellulase,CAZy,germination,(2-amino-1-hydroxyethyl)phosphonate;(2S)-3-carboxy-N-(fluoromethyl)-2-hydroxy-N N-dimethylpropan-1-aminium,2,"(2-amino-1-hydroxyethyl)phosphonate:[SKiD_substrates,0.701]|(2S)-3-carboxy-N-(fluoromethyl)-2-hydroxy-N N-dimethylpropan-1-aminium:[SKiD_substrates,0.505]",active_site_compatibility;functional_group_match;herbicide_target_atlas_match;known_inhibitor_class_similarity;transition_state_mimicry,0.92,0.8837839748502564,inhibit_synergy_model_inference_requires_assay_validation
55d042b01c693561,protoporphyrinogen oxidase,PPO,vegetative_expansion,(2-amino-1-hydroxyethyl)phosphonate;(2S)-3-carboxy-N-(fluoromethyl)-2-hydroxy-N N-dimethylpropan-1-aminium,2,"(2-amino-1-hydroxyethyl)phosphonate:[SKiD_substrates,0.701]|(2S)-3-carboxy-N-(fluoromethyl)-2-hydroxy-N N-dimethylpropan-1-aminium:[SKiD_substrates,0.505]",active_site_compatibility;functional_group_match;herbicide_target_atlas_match;known_inhibitor_class_similarity;transition_state_mimicry,0.92,0.8837839748502564,inhibit_synergy_model_inference_requires_assay_validation
5e1aa80220a5aef7,acetyl-CoA carboxylase,ACCase,vegetative_expansion,(2-amino-1-hydroxyethyl)phosphonate;(2S)-3-carboxy-N-(fluoromethyl)-2-hydroxy-N N-dimethylpropan-1-aminium,2,"(2-amino-1-hydroxyethyl)phosphonate:[SKiD_substrates,0.701]|(2S)-3-carboxy-N-(fluoromethyl)-2-hydroxy-N N-dimethylpropan-1-aminium:[SKiD_substrates,0.505]",active_site_compatibility;functional_group_match;herbicide_target_atlas_match;known_inhibitor_class_similarity;transition_state_mimicry,0.92,0.8837839748502564,inhibit_synergy_model_inference_requires_assay_validation
928e1588b1e61808,cytochrome P450,Cytochrome P450,specialized_metabolism,(2-amino-1-hydroxyethyl)phosphonate;(2S)-3-carboxy-N-(fluoromethyl)-2-hydroxy-N N-dimethylpropan-1-aminium,2,"(2-amino-1-hydroxyethyl)phosphonate:[SKiD_substrates,0.701]|(2S)-3-carboxy-N-(fluoromethyl)-2-hydroxy-N N-dimethylpropan-1-aminium:[SKiD_substrates,0.505]",active_site_compatibility;functional_group_match;herbicide_target_atlas_match;known_inhibitor_class_similarity;transition_state_mimicry,0.92,0.8837839748502564,inhibit_synergy_model_inference_requires_assay_validation
b07eb22c986afd7d,hydroxycinnamoyl-CoA:shikimate hydroxycinnamoyl transferase 1,BAHD acyltransferase,early_vegetative,2-(2-hydroxyethylthio)ethanesulfonate;4-hydroxybenzoate,2,"2-(2-hydroxyethylthio)ethanesulfonate:[SKiD_substrates,0.536]|4-hydroxybenzoate:[SKiD_substrates,0.495]",active_site_compatibility;functional_group_match;herbicide_target_atlas_match;known_inhibitor_class_similarity;transition_state_mimicry,0.92,0.8834443045441027,inhibit_synergy_model_inference_requires_assay_validation
78129d82e1b765c8,peroxidase,Peroxidase,stress_response,2-(2-hydroxyethylthio)ethanesulfonate;4-hydroxybenzoate,2,"2-(2-hydroxyethylthio)ethanesulfonate:[SKiD_substrates,0.536]|4-hydroxybenzoate:[SKiD_substrates,0.495]",active_site_compatibility;functional_group_match;herbicide_target_atlas_match;known_inhibitor_class_similarity;transition_state_mimicry,0.92,0.8834443045441027,inhibit_synergy_model_inference_requires_assay_validation
a3fd9466d4db0080,acetolactate synthase,ALS/AHAS,seedling_emergence,"2,3-Dihydroxybenzoic acid;2-(2-hydroxyethylthio)ethanesulfonate",2,"2-(2-hydroxyethylthio)ethanesulfonate:[SKiD_substrates,0.578]|2,3-Dihydroxybenzoic acid:[SKiD_substrates,0.399]",active_site_compatibility;functional_group_match;herbicide_target_atlas_match;natural_product_or_allelopathy_prior;transition_state_mimicry,0.92,0.8820318557161538,inhibit_synergy_model_inference_requires_assay_validation
aa48779081d188f5,acetolactate synthase,ALS/AHAS,seedling_emergence,2-(2-hydroxyethylthio)ethanesulfonate;S-adenosyl-L-methionine,2,"2-(2-hydroxyethylthio)ethanesulfonate:[SKiD_substrates,0.578]|S-adenosyl-L-methionine:[SKiD_substrates,0.408]",active_site_compatibility;functional_group_match;herbicide_target_atlas_match;known_inhibitor_class_similarity;transition_state_mimicry,0.92,0.8801751585930769,inhibit_synergy_model_inference_requires_assay_validation
a89ed945a1338e74,EPSP synthase,EPSPS,early_vegetative,2-(2-hydroxyethylthio)ethanesulfonate;S-adenosyl-L-methionine,2,"2-(2-hydroxyethylthio)ethanesulfonate:[SKiD_substrates,0.578]|S-adenosyl-L-methionine:[SKiD_substrates,0.408]",active_site_compatibility;functional_group_match;herbicide_target_atlas_match;known_inhibitor_class_similarity;transition_state_mimicry,0.92,0.8801751585930769,inhibit_synergy_model_inference_requires_assay_validation
7e836601409cc6ec,TRYPTOPHAN AMINOTRANSFERASE RELATED1,Aminotransferase,unassigned_stage,"2-(2-hydroxyethylthio)ethanesulfonate;3,4-dihydroxybenzoate",2,"2-(2-hydroxyethylthio)ethanesulfonate:[SKiD_substrates,0.524]|3,4-dihydroxybenzoate:[SKiD_substrates,0.488]",active_site_compatibility;functional_group_match;herbicide_target_atlas_match;known_inhibitor_class_similarity;transition_state_mimicry,0.92,0.8758992233869232,inhibit_synergy_model_inference_requires_assay_validation
49d68cc9d73ed481,Arabidopsis branched-chain aminotransferase 3,Aminotransferase,unassigned_stage,"2-(2-hydroxyethylthio)ethanesulfonate;3,4-dihydroxybenzoate",2,"2-(2-hydroxyethylthio)ethanesulfonate:[SKiD_substrates,0.524]|3,4-dihydroxybenzoate:[SKiD_substrates,0.488]",active_site_compatibility;functional_group_match;herbicide_target_atlas_match;known_inhibitor_class_similarity;transition_state_mimicry,0.92,0.8758992233869232,inhibit_synergy_model_inference_requires_assay_validation
59ca31388de95280,protoporphyrinogen oxidase,PPO,vegetative_expansion,"1,4-benzoquinone;2-(2-hydroxyethylthio)ethanesulfonate",2,"2-(2-hydroxyethylthio)ethanesulfonate:[SKiD_substrates,0.578]|1,4-benzoquinone:[SKiD_substrates,0.364]",active_site_compatibility;functional_group_match;herbicide_target_atlas_match;natural_product_or_allelopathy_prior;ros_photosynthesis_disruption_prior;transition_state_mimicry,0.92,0.8748836638671794,inhibit_synergy_model_inference_requires_assay_validation
b1171490151a7c63,acetyl-CoA carboxylase,ACCase,vegetative_expansion,"1,4-benzoquinone;2-(2-hydroxyethylthio)ethanesulfonate",2,"2-(2-hydroxyethylthio)ethanesulfonate:[SKiD_substrates,0.578]|1,4-benzoquinone:[SKiD_substrates,0.364]",active_site_compatibility;functional_group_match;herbicide_target_atlas_match;natural_product_or_allelopathy_prior;ros_photosynthesis_disruption_prior;transition_state_mimicry,0.92,0.8748836638671794,inhibit_synergy_model_inference_requires_assay_validation
9adaf73501c9ba96,cellulase,CAZy,germination,"1,4-benzoquinone;2-(2-hydroxyethylthio)ethanesulfonate",2,"2-(2-hydroxyethylthio)ethanesulfonate:[SKiD_substrates,0.578]|1,4-benzoquinone:[SKiD_substrates,0.364]",active_site_compatibility;functional_group_match;herbicide_target_atlas_match;natural_product_or_allelopathy_prior;ros_photosynthesis_disruption_prior;transition_state_mimicry,0.92,0.8748836638671794,inhibit_synergy_model_inference_requires_assay_validation
c0bb75504dea6aba,EPSP synthase,EPSPS,early_vegetative,"1,4-benzoquinone;2-(2-hydroxyethylthio)ethanesulfonate",2,"2-(2-hydroxyethylthio)ethanesulfonate:[SKiD_substrates,0.578]|1,4-benzoquinone:[SKiD_substrates,0.364]",active_site_compatibility;functional_group_match;herbicide_target_atlas_match;natural_product_or_allelopathy_prior;ros_photosynthesis_disruption_prior;transition_state_mimicry,0.92,0.8748836638671794,inhibit_synergy_model_inference_requires_assay_validation
fc410ba5aeee8af7,acetolactate synthase,ALS/AHAS,seedling_emergence,"1,4-benzoquinone;2-(2-hydroxyethylthio)ethanesulfonate",2,"2-(2-hydroxyethylthio)ethanesulfonate:[SKiD_substrates,0.578]|1,4-benzoquinone:[SKiD_substrates,0.364]",active_site_compatibility;functional_group_match;herbicide_target_atlas_match;natural_product_or_allelopathy_prior;ros_photosynthesis_disruption_prior;transition_state_mimicry,0.92,0.8748836638671794,inhibit_synergy_model_inference_requires_assay_validation
0072508a41bafbc8,photosystem II,PSII,early_vegetative,"1,4-benzoquinone;2-(2-hydroxyethylthio)ethanesulfonate",2,"2-(2-hydroxyethylthio)ethanesulfonate:[SKiD_substrates,0.578]|1,4-benzoquinone:[SKiD_substrates,0.364]",active_site_compatibility;functional_group_match;herbicide_target_atlas_match;natural_product_or_allelopathy_prior;ros_photosynthesis_disruption_prior;transition_state_mimicry,0.92,0.8748836638671794,inhibit_synergy_model_inference_requires_assay_validation
1559c272e0a8dcb8,cytochrome P450,Cytochrome P450,specialized_metabolism,"1,4-benzoquinone;2-(2-hydroxyethylthio)ethanesulfonate",2,"2-(2-hydroxyethylthio)ethanesulfonate:[SKiD_substrates,0.578]|1,4-benzoquinone:[SKiD_substrates,0.364]",active_site_compatibility;functional_group_match;herbicide_target_atlas_match;natural_product_or_allelopathy_prior;ros_photosynthesis_disruption_prior;transition_state_mimicry,0.92,0.8748836638671794,inhibit_synergy_model_inference_requires_assay_validation
77df055f0cfd3d6e,hydroxycinnamate-CoA shikimate transferase,BAHD acyltransferase,early_vegetative,2-(2-hydroxyethylthio)ethanesulfonate;2-hydroxyethylphosphonate,2,"2-hydroxyethylphosphonate:[SKiD_substrates,0.665]|2-(2-hydroxyethylthio)ethanesulfonate:[SKiD_substrates,0.536]",active_site_compatibility;functional_group_match;herbicide_target_atlas_match;known_inhibitor_class_similarity;transition_state_mimicry,0.92,0.8735088289123076,inhibit_synergy_model_inference_requires_assay_validation
2d7a1b6ed3ee7ab0,caffeoylshikimate esterase,BAHD acyltransferase,early_vegetative,2-(2-hydroxyethylthio)ethanesulfonate;2-hydroxyethylphosphonate,2,"2-hydroxyethylphosphonate:[SKiD_substrates,0.665]|2-(2-hydroxyethylthio)ethanesulfonate:[SKiD_substrates,0.536]",active_site_compatibility;functional_group_match;herbicide_target_atlas_match;known_inhibitor_class_similarity;transition_state_mimicry,0.92,0.8735088289123076,inhibit_synergy_model_inference_requires_assay_validation
5526a7c139d4f141,caffeoyl shikimate esterase,BAHD acyltransferase,early_vegetative,2-(2-hydroxyethylthio)ethanesulfonate;2-hydroxyethylphosphonate,2,"2-hydroxyethylphosphonate:[SKiD_substrates,0.665]|2-(2-hydroxyethylthio)ethanesulfonate:[SKiD_substrates,0.536]",active_site_compatibility;functional_group_match;herbicide_target_atlas_match;known_inhibitor_class_similarity;transition_state_mimicry,0.92,0.8735088289123076,inhibit_synergy_model_inference_requires_assay_validation
45c17165ae898084,10-O-deacetylbaccatin III 10-O-acetyltransferase,BAHD acyltransferase,specialized_metabolism,2-(2-hydroxyethylthio)ethanesulfonate;4-hydroxybenzoate,2,"2-(2-hydroxyethylthio)ethanesulfonate:[SKiD_substrates,0.524]|4-hydroxybenzoate:[SKiD_substrates,0.483]",active_site_compatibility;functional_group_match;herbicide_target_atlas_match;known_inhibitor_class_similarity;transition_state_mimicry,0.92,0.8734443045441027,inhibit_synergy_model_inference_requires_assay_validation
c1cb79b86facf15b,Capsicum annuum hydroxycinnamoyl-CoA: serotonin N-(hydroxycinnamoyl)transferase,BAHD acyltransferase,specialized_metabolism,2-(2-hydroxyethylthio)ethanesulfonate;4-hydroxybenzoate,2,"2-(2-hydroxyethylthio)ethanesulfonate:[SKiD_substrates,0.524]|4-hydroxybenzoate:[SKiD_substrates,0.483]",active_site_compatibility;functional_group_match;herbicide_target_atlas_match;known_inhibitor_class_similarity;transition_state_mimicry,0.92,0.8734443045441027,inhibit_synergy_model_inference_requires_assay_validation
920c64118a2a3d7f,phosphoenolpyruvate carboxylase,PEPC,vegetative_expansion,(2-amino-1-hydroxyethyl)phosphonate;2-(2-hydroxyethylthio)ethanesulfonate,2,"(2-amino-1-hydroxyethyl)phosphonate:[SKiD_substrates,0.659]|2-(2-hydroxyethylthio)ethanesulfonate:[SKiD_substrates,0.536]",active_site_compatibility;functional_group_match;herbicide_target_atlas_match;known_inhibitor_class_similarity;transition_state_mimicry,0.92,0.8733713217823078,inhibit_synergy_model_inference_requires_assay_validation
b1c21120e90034b8,peroxidase,Peroxidase,stress_response,(2-amino-1-hydroxyethyl)phosphonate;2-(2-hydroxyethylthio)ethanesulfonate,2,"(2-amino-1-hydroxyethyl)phosphonate:[SKiD_substrates,0.659]|2-(2-hydroxyethylthio)ethanesulfonate:[SKiD_substrates,0.536]",active_site_compatibility;functional_group_match;herbicide_target_atlas_match;known_inhibitor_class_similarity;transition_state_mimicry,0.92,0.8733713217823078,inhibit_synergy_model_inference_requires_assay_validation
9cad41f3064a1b11,ribulose bisphosphate carboxylase oxygenase,RuBisCO,vegetative_expansion,(2-amino-1-hydroxyethyl)phosphonate;2-(2-hydroxyethylthio)ethanesulfonate,2,"(2-amino-1-hydroxyethyl)phosphonate:[SKiD_substrates,0.659]|2-(2-hydroxyethylthio)ethanesulfonate:[SKiD_substrates,0.536]",active_site_compatibility;functional_group_match;herbicide_target_atlas_match;known_inhibitor_class_similarity;transition_state_mimicry,0.92,0.8733713217823078,inhibit_synergy_model_inference_requires_assay_validation
b7c9d6d235229650,cellulase,CAZy,germination,"2-(2-hydroxyethylthio)ethanesulfonate;2-chloro-1,4-benzoquinone",2,"2-(2-hydroxyethylthio)ethanesulfonate:[SKiD_substrates,0.578]|2-chloro-1,4-benzoquinone:[SKiD_substrates,0.361]",active_site_compatibility;functional_group_match;herbicide_target_atlas_match;natural_product_or_allelopathy_prior;ros_photosynthesis_disruption_prior;transition_state_mimicry,0.92,0.8731970469248719,inhibit_synergy_model_inference_requires_assay_validation
0930d806d0be7dd8,ribulose bisphosphate carboxylase oxygenase,RuBisCO,vegetative_expansion,(2S)-3-carboxy-N-(fluoromethyl)-2-hydroxy-N N-dimethylpropan-1-aminium;2-(2-hydroxyethylthio)ethanesulfonate,2,"2-(2-hydroxyethylthio)ethanesulfonate:[SKiD_substrates,0.536]|(2S)-3-carboxy-N-(fluoromethyl)-2-hydroxy-N N-dimethylpropan-1-aminium:[SKiD_substrates,0.463]",active_site_compatibility;functional_group_match;herbicide_target_atlas_match;known_inhibitor_class_similarity;transition_state_mimicry,0.92,0.8683752585294873,inhibit_synergy_model_inference_requires_assay_validation
62e3aa0277878039,peroxidase,Peroxidase,stress_response,(2S)-3-carboxy-N-(fluoromethyl)-2-hydroxy-N N-dimethylpropan-1-aminium;2-(2-hydroxyethylthio)ethanesulfonate,2,"2-(2-hydroxyethylthio)ethanesulfonate:[SKiD_substrates,0.536]|(2S)-3-carboxy-N-(fluoromethyl)-2-hydroxy-N N-dimethylpropan-1-aminium:[SKiD_substrates,0.463]",active_site_compatibility;functional_group_match;herbicide_target_atlas_match;known_inhibitor_class_similarity;transition_state_mimicry,0.92,0.8683752585294873,inhibit_synergy_model_inference_requires_assay_validation
c626177f05216b28,phosphoenolpyruvate carboxylase,PEPC,vegetative_expansion,(2S)-3-carboxy-N-(fluoromethyl)-2-hydroxy-N N-dimethylpropan-1-aminium;2-(2-hydroxyethylthio)ethanesulfonate,2,"2-(2-hydroxyethylthio)ethanesulfonate:[SKiD_substrates,0.536]|(2S)-3-carboxy-N-(fluoromethyl)-2-hydroxy-N N-dimethylpropan-1-aminium:[SKiD_substrates,0.463]",active_site_compatibility;functional_group_match;herbicide_target_atlas_match;known_inhibitor_class_similarity;transition_state_mimicry,0.92,0.8683752585294873,inhibit_synergy_model_inference_requires_assay_validation
4ddf594fe7ce99da,hydroxycinnamate-CoA shikimate transferase,BAHD acyltransferase,early_vegetative,"2-hydroxyethylphosphonate;3,4-dihydroxybenzoate",2,"2-hydroxyethylphosphonate:[SKiD_substrates,0.665]|3,4-dihydroxybenzoate:[SKiD_substrates,0.500]",active_site_compatibility;functional_group_match;herbicide_target_atlas_match;known_inhibitor_class_similarity;transition_state_mimicry,0.92,0.8664454468376925,inhibit_synergy_model_inference_requires_assay_validation
c60928d1b7a1fa11,caffeoyl shikimate esterase,BAHD acyltransferase,early_vegetative,"2-hydroxyethylphosphonate;3,4-dihydroxybenzoate",2,"2-hydroxyethylphosphonate:[SKiD_substrates,0.665]|3,4-dihydroxybenzoate:[SKiD_substrates,0.500]",active_site_compatibility;functional_group_match;herbicide_target_atlas_match;known_inhibitor_class_similarity;transition_state_mimicry,0.92,0.8664454468376925,inhibit_synergy_model_inference_requires_assay_validation
5649f2519d9c0007,caffeoylshikimate esterase,BAHD acyltransferase,early_vegetative,"2-hydroxyethylphosphonate;3,4-dihydroxybenzoate",2,"2-hydroxyethylphosphonate:[SKiD_substrates,0.665]|3,4-dihydroxybenzoate:[SKiD_substrates,0.500]",active_site_compatibility;functional_group_match;herbicide_target_atlas_match;known_inhibitor_class_similarity;transition_state_mimicry,0.92,0.8664454468376925,inhibit_synergy_model_inference_requires_assay_validation
8f375f40bc9306a5,peroxidase,Peroxidase,stress_response,"(2-amino-1-hydroxyethyl)phosphonate;3,4-dihydroxybenzoate",2,"(2-amino-1-hydroxyethyl)phosphonate:[SKiD_substrates,0.659]|3,4-dihydroxybenzoate:[SKiD_substrates,0.500]",active_site_compatibility;functional_group_match;herbicide_target_atlas_match;known_inhibitor_class_similarity;transition_state_mimicry,0.92,0.8663079397076923,inhibit_synergy_model_inference_requires_assay_validation
46f14c22ba83c634,ribulose bisphosphate carboxylase oxygenase,RuBisCO,vegetative_expansion,"(2-amino-1-hydroxyethyl)phosphonate;3,4-dihydroxybenzoate",2,"(2-amino-1-hydroxyethyl)phosphonate:[SKiD_substrates,0.659]|3,4-dihydroxybenzoate:[SKiD_substrates,0.500]",active_site_compatibility;functional_group_match;herbicide_target_atlas_match;known_inhibitor_class_similarity;transition_state_mimicry,0.92,0.8663079397076923,inhibit_synergy_model_inference_requires_assay_validation
a652269d84826def,phosphoenolpyruvate carboxylase,PEPC,vegetative_expansion,"(2-amino-1-hydroxyethyl)phosphonate;3,4-dihydroxybenzoate",2,"(2-amino-1-hydroxyethyl)phosphonate:[SKiD_substrates,0.659]|3,4-dihydroxybenzoate:[SKiD_substrates,0.500]",active_site_compatibility;functional_group_match;herbicide_target_atlas_match;known_inhibitor_class_similarity;transition_state_mimicry,0.92,0.8663079397076923,inhibit_synergy_model_inference_requires_assay_validation
09ac4aed19c218d2,hydroxycinnamoyl-CoA:shikimate hydroxycinnamoyl transferase 1,BAHD acyltransferase,early_vegetative,2-hydroxyethylphosphonate;4-hydroxybenzoate,2,"2-hydroxyethylphosphonate:[SKiD_substrates,0.665]|4-hydroxybenzoate:[SKiD_substrates,0.495]",active_site_compatibility;functional_group_match;herbicide_target_atlas_match;known_inhibitor_class_similarity;transition_state_mimicry,0.92,0.8639905279948719,inhibit_synergy_model_inference_requires_assay_validation
04c4dcd2105b4529,peroxidase,Peroxidase,stress_response,2-hydroxyethylphosphonate;4-hydroxybenzoate,2,"2-hydroxyethylphosphonate:[SKiD_substrates,0.665]|4-hydroxybenzoate:[SKiD_substrates,0.495]",active_site_compatibility;functional_group_match;herbicide_target_atlas_match;known_inhibitor_class_similarity;transition_state_mimicry,0.92,0.8639905279948719,inhibit_synergy_model_inference_requires_assay_validation
f9acfeac5ff0a981,hydroxycinnamoyl-CoA:shikimate hydroxycinnamoyl transferase 1,BAHD acyltransferase,early_vegetative,(2-amino-1-hydroxyethyl)phosphonate;4-hydroxybenzoate,2,"(2-amino-1-hydroxyethyl)phosphonate:[SKiD_substrates,0.659]|4-hydroxybenzoate:[SKiD_substrates,0.495]",active_site_compatibility;functional_group_match;herbicide_target_atlas_match;known_inhibitor_class_similarity;transition_state_mimicry,0.92,0.8638530208648718,inhibit_synergy_model_inference_requires_assay_validation
2eac6f1d6d3735c4,peroxidase,Peroxidase,stress_response,(2-amino-1-hydroxyethyl)phosphonate;4-hydroxybenzoate,2,"(2-amino-1-hydroxyethyl)phosphonate:[SKiD_substrates,0.659]|4-hydroxybenzoate:[SKiD_substrates,0.495]",active_site_compatibility;functional_group_match;herbicide_target_atlas_match;known_inhibitor_class_similarity;transition_state_mimicry,0.92,0.8638530208648718,inhibit_synergy_model_inference_requires_assay_validation
fa04b8854397a358,acetolactate synthase,ALS/AHAS,seedling_emergence,"2,3-Dihydroxybenzoic acid;2-hydroxyethylphosphonate",2,"2-hydroxyethylphosphonate:[SKiD_substrates,0.707]|2,3-Dihydroxybenzoic acid:[SKiD_substrates,0.399]",active_site_compatibility;functional_group_match;herbicide_target_atlas_match;known_inhibitor_class_similarity;natural_product_or_allelopathy_prior;transition_state_mimicry,0.92,0.8625780791669231,inhibit_synergy_model_inference_requires_assay_validation
cffa39ce523f183f,acetolactate synthase,ALS/AHAS,seedling_emergence,"(2-amino-1-hydroxyethyl)phosphonate;2,3-Dihydroxybenzoic acid",2,"(2-amino-1-hydroxyethyl)phosphonate:[SKiD_substrates,0.701]|2,3-Dihydroxybenzoic acid:[SKiD_substrates,0.399]",active_site_compatibility;functional_group_match;herbicide_target_atlas_match;known_inhibitor_class_similarity;natural_product_or_allelopathy_prior;transition_state_mimicry,0.92,0.862440572036923,inhibit_synergy_model_inference_requires_assay_validation
85de872ad14616ef,EPSP synthase,EPSPS,early_vegetative,2-hydroxyethylphosphonate;S-adenosyl-L-methionine,2,"2-hydroxyethylphosphonate:[SKiD_substrates,0.707]|S-adenosyl-L-methionine:[SKiD_substrates,0.408]",active_site_compatibility;functional_group_match;herbicide_target_atlas_match;known_inhibitor_class_similarity;transition_state_mimicry,0.92,0.8607213820438462,inhibit_synergy_model_inference_requires_assay_validation
6bacb8138c68a3fa,acetolactate synthase,ALS/AHAS,seedling_emergence,2-hydroxyethylphosphonate;S-adenosyl-L-methionine,2,"2-hydroxyethylphosphonate:[SKiD_substrates,0.707]|S-adenosyl-L-methionine:[SKiD_substrates,0.408]",active_site_compatibility;functional_group_match;herbicide_target_atlas_match;known_inhibitor_class_similarity;transition_state_mimicry,0.92,0.8607213820438462,inhibit_synergy_model_inference_requires_assay_validation
5da1d43dd056c6df,cellulase,CAZy,germination,2-hydroxyethylphosphonate;S-adenosyl-L-methionine,2,"2-hydroxyethylphosphonate:[SKiD_substrates,0.707]|S-adenosyl-L-methionine:[SKiD_substrates,0.408]",active_site_compatibility;functional_group_match;herbicide_target_atlas_match;known_inhibitor_class_similarity;transition_state_mimicry,0.92,0.8607213820438462,inhibit_synergy_model_inference_requires_assay_validation
78e0456579a7a445,EPSP synthase,EPSPS,early_vegetative,(2-amino-1-hydroxyethyl)phosphonate;S-adenosyl-L-methionine,2,"(2-amino-1-hydroxyethyl)phosphonate:[SKiD_substrates,0.701]|S-adenosyl-L-methionine:[SKiD_substrates,0.408]",active_site_compatibility;functional_group_match;herbicide_target_atlas_match;known_inhibitor_class_similarity;transition_state_mimicry,0.92,0.8605838749138462,inhibit_synergy_model_inference_requires_assay_validation
de339375c78604de,EPSP synthase,EPSPS,early_vegetative,2-hydroxyethylphosphonate;Thionicotinamide,2,"2-hydroxyethylphosphonate:[SKiD_substrates,0.707]|Thionicotinamide:[SKiD_substrates,0.396]",active_site_compatibility;functional_group_match;herbicide_target_atlas_match;known_inhibitor_class_similarity;transition_state_mimicry,0.92,0.8587518702284617,inhibit_synergy_model_inference_requires_assay_validation
fe29048a685791bc,acetolactate synthase,ALS/AHAS,seedling_emergence,2-hydroxyethylphosphonate;Thionicotinamide,2,"2-hydroxyethylphosphonate:[SKiD_substrates,0.707]|Thionicotinamide:[SKiD_substrates,0.396]",active_site_compatibility;functional_group_match;herbicide_target_atlas_match;known_inhibitor_class_similarity;transition_state_mimicry,0.92,0.8587518702284617,inhibit_synergy_model_inference_requires_assay_validation
d815f4da24e2615c,cellulase,CAZy,germination,2-hydroxyethylphosphonate;Thionicotinamide,2,"2-hydroxyethylphosphonate:[SKiD_substrates,0.707]|Thionicotinamide:[SKiD_substrates,0.396]",active_site_compatibility;functional_group_match;herbicide_target_atlas_match;known_inhibitor_class_similarity;transition_state_mimicry,0.92,0.8587518702284617,inhibit_synergy_model_inference_requires_assay_validation
23a66cfe3b5b2a03,EPSP synthase,EPSPS,early_vegetative,(2-amino-1-hydroxyethyl)phosphonate;Thionicotinamide,2,"(2-amino-1-hydroxyethyl)phosphonate:[SKiD_substrates,0.701]|Thionicotinamide:[SKiD_substrates,0.396]",active_site_compatibility;functional_group_match;herbicide_target_atlas_match;known_inhibitor_class_similarity;transition_state_mimicry,0.92,0.8586143630984616,inhibit_synergy_model_inference_requires_assay_validation
63c5427eb53eb849,cellulase,CAZy,germination,(2-amino-1-hydroxyethyl)phosphonate;Thionicotinamide,2,"(2-amino-1-hydroxyethyl)phosphonate:[SKiD_substrates,0.701]|Thionicotinamide:[SKiD_substrates,0.396]",active_site_compatibility;functional_group_match;herbicide_target_atlas_match;known_inhibitor_class_similarity;transition_state_mimicry,0.92,0.8586143630984616,inhibit_synergy_model_inference_requires_assay_validation
a166a01d6e4e3405,acetolactate synthase,ALS/AHAS,seedling_emergence,(2-amino-1-hydroxyethyl)phosphonate;Thionicotinamide,2,"(2-amino-1-hydroxyethyl)phosphonate:[SKiD_substrates,0.701]|Thionicotinamide:[SKiD_substrates,0.396]",active_site_compatibility;functional_group_match;herbicide_target_atlas_match;known_inhibitor_class_similarity;transition_state_mimicry,0.92,0.8586143630984616,inhibit_synergy_model_inference_requires_assay_validation
6623e8bf221b7fa9,cytochrome P450,Cytochrome P450,specialized_metabolism,2-Hydroxyoctanoate;2-hydroxyethylphosphonate,2,"2-hydroxyethylphosphonate:[SKiD_substrates,0.707]|2-Hydroxyoctanoate:[SKiD_substrates,0.387]",active_site_compatibility;functional_group_match;herbicide_target_atlas_match;known_inhibitor_class_similarity;transition_state_mimicry,0.92,0.8576970708520513,inhibit_synergy_model_inference_requires_assay_validation
02093744c2e6809e,cellulase,CAZy,germination,2-Hydroxyoctanoate;2-hydroxyethylphosphonate,2,"2-hydroxyethylphosphonate:[SKiD_substrates,0.707]|2-Hydroxyoctanoate:[SKiD_substrates,0.387]",active_site_compatibility;functional_group_match;herbicide_target_atlas_match;known_inhibitor_class_similarity;transition_state_mimicry,0.92,0.8576970708520513,inhibit_synergy_model_inference_requires_assay_validation
5bedffe470f6cc13,acetolactate synthase,ALS/AHAS,seedling_emergence,2-Hydroxyoctanoate;2-hydroxyethylphosphonate,2,"2-hydroxyethylphosphonate:[SKiD_substrates,0.707]|2-Hydroxyoctanoate:[SKiD_substrates,0.387]",active_site_compatibility;functional_group_match;herbicide_target_atlas_match;known_inhibitor_class_similarity;transition_state_mimicry,0.92,0.8576970708520513,inhibit_synergy_model_inference_requires_assay_validation
63f4bc3ddb99c299,EPSP synthase,EPSPS,early_vegetative,2-Hydroxyoctanoate;2-hydroxyethylphosphonate,2,"2-hydroxyethylphosphonate:[SKiD_substrates,0.707]|2-Hydroxyoctanoate:[SKiD_substrates,0.387]",active_site_compatibility;functional_group_match;herbicide_target_atlas_match;known_inhibitor_class_similarity;transition_state_mimicry,0.92,0.8576970708520513,inhibit_synergy_model_inference_requires_assay_validation
ad01cacd4a563a91,photosystem II,PSII,early_vegetative,2-Hydroxyoctanoate;2-hydroxyethylphosphonate,2,"2-hydroxyethylphosphonate:[SKiD_substrates,0.707]|2-Hydroxyoctanoate:[SKiD_substrates,0.387]",active_site_compatibility;functional_group_match;herbicide_target_atlas_match;known_inhibitor_class_similarity;transition_state_mimicry,0.92,0.8576970708520513,inhibit_synergy_model_inference_requires_assay_validation
ee639590fa9ee579,protoporphyrinogen oxidase,PPO,vegetative_expansion,2-Hydroxyoctanoate;2-hydroxyethylphosphonate,2,"2-hydroxyethylphosphonate:[SKiD_substrates,0.707]|2-Hydroxyoctanoate:[SKiD_substrates,0.387]",active_site_compatibility;functional_group_match;herbicide_target_atlas_match;known_inhibitor_class_similarity;transition_state_mimicry,0.92,0.8576970708520513,inhibit_synergy_model_inference_requires_assay_validation
99d46b576c01da46,acetyl-CoA carboxylase,ACCase,vegetative_expansion,2-Hydroxyoctanoate;2-hydroxyethylphosphonate,2,"2-hydroxyethylphosphonate:[SKiD_substrates,0.707]|2-Hydroxyoctanoate:[SKiD_substrates,0.387]",active_site_compatibility;functional_group_match;herbicide_target_atlas_match;known_inhibitor_class_similarity;transition_state_mimicry,0.92,0.8576970708520513,inhibit_synergy_model_inference_requires_assay_validation
56a6834ef080ef42,acetyl-CoA carboxylase,ACCase,vegetative_expansion,2-hydroxyethylphosphonate;3-hydroxysalicylate,2,"2-hydroxyethylphosphonate:[SKiD_substrates,0.707]|3-hydroxysalicylate:[SKiD_substrates,0.387]",active_site_compatibility;functional_group_match;herbicide_target_atlas_match;known_inhibitor_class_similarity;transition_state_mimicry,0.92,0.8576888068376923,inhibit_synergy_model_inference_requires_assay_validation
0ee6c6b772489c46,protoporphyrinogen oxidase,PPO,vegetative_expansion,2-hydroxyethylphosphonate;4-hydroxysalicylate,2,"2-hydroxyethylphosphonate:[SKiD_substrates,0.707]|4-hydroxysalicylate:[SKiD_substrates,0.387]",active_site_compatibility;functional_group_match;herbicide_target_atlas_match;known_inhibitor_class_similarity;transition_state_mimicry,0.92,0.8576888068376923,inhibit_synergy_model_inference_requires_assay_validation
5c7f321db13aabeb,acetolactate synthase,ALS/AHAS,seedling_emergence,2-hydroxyethylphosphonate;3-hydroxysalicylate,2,"2-hydroxyethylphosphonate:[SKiD_substrates,0.707]|3-hydroxysalicylate:[SKiD_substrates,0.387]",active_site_compatibility;functional_group_match;herbicide_target_atlas_match;known_inhibitor_class_similarity;transition_state_mimicry,0.92,0.8576888068376923,inhibit_synergy_model_inference_requires_assay_validation
1227f9de077e4be4,photosystem II,PSII,early_vegetative,2-hydroxyethylphosphonate;4-hydroxysalicylate,2,"2-hydroxyethylphosphonate:[SKiD_substrates,0.707]|4-hydroxysalicylate:[SKiD_substrates,0.387]",active_site_compatibility;functional_group_match;herbicide_target_atlas_match;known_inhibitor_class_similarity;transition_state_mimicry,0.92,0.8576888068376923,inhibit_synergy_model_inference_requires_assay_validation
2c3e2b759a5140b4,cellulase,CAZy,germination,2-hydroxyethylphosphonate;3-hydroxysalicylate,2,"2-hydroxyethylphosphonate:[SKiD_substrates,0.707]|3-hydroxysalicylate:[SKiD_substrates,0.387]",active_site_compatibility;functional_group_match;herbicide_target_atlas_match;known_inhibitor_class_similarity;transition_state_mimicry,0.92,0.8576888068376923,inhibit_synergy_model_inference_requires_assay_validation
855c450375690c56,EPSP synthase,EPSPS,early_vegetative,(2-amino-1-hydroxyethyl)phosphonate;2-Hydroxyoctanoate,2,"(2-amino-1-hydroxyethyl)phosphonate:[SKiD_substrates,0.701]|2-Hydroxyoctanoate:[SKiD_substrates,0.387]",active_site_compatibility;functional_group_match;herbicide_target_atlas_match;known_inhibitor_class_similarity;transition_state_mimicry,0.92,0.8575595637220513,inhibit_synergy_model_inference_requires_assay_validation
95f47d05bc3c66fb,acetolactate synthase,ALS/AHAS,seedling_emergence,(2-amino-1-hydroxyethyl)phosphonate;2-Hydroxyoctanoate,2,"(2-amino-1-hydroxyethyl)phosphonate:[SKiD_substrates,0.701]|2-Hydroxyoctanoate:[SKiD_substrates,0.387]",active_site_compatibility;functional_group_match;herbicide_target_atlas_match;known_inhibitor_class_similarity;transition_state_mimicry,0.92,0.8575595637220513,inhibit_synergy_model_inference_requires_assay_validation
c7d22ee0f883fee4,cellulase,CAZy,germination,(2-amino-1-hydroxyethyl)phosphonate;2-Hydroxyoctanoate,2,"(2-amino-1-hydroxyethyl)phosphonate:[SKiD_substrates,0.701]|2-Hydroxyoctanoate:[SKiD_substrates,0.387]",active_site_compatibility;functional_group_match;herbicide_target_atlas_match;known_inhibitor_class_similarity;transition_state_mimicry,0.92,0.8575595637220513,inhibit_synergy_model_inference_requires_assay_validation
112e765f0d1fb512,photosystem II,PSII,early_vegetative,(2-amino-1-hydroxyethyl)phosphonate;4-hydroxysalicylate,2,"(2-amino-1-hydroxyethyl)phosphonate:[SKiD_substrates,0.701]|4-hydroxysalicylate:[SKiD_substrates,0.387]",active_site_compatibility;functional_group_match;herbicide_target_atlas_match;known_inhibitor_class_similarity;transition_state_mimicry,0.92,0.8575512997076923,inhibit_synergy_model_inference_requires_assay_validation
85bb26e88e68397f,acetyl-CoA carboxylase,ACCase,vegetative_expansion,(2-amino-1-hydroxyethyl)phosphonate;3-hydroxysalicylate,2,"(2-amino-1-hydroxyethyl)phosphonate:[SKiD_substrates,0.701]|3-hydroxysalicylate:[SKiD_substrates,0.387]",active_site_compatibility;functional_group_match;herbicide_target_atlas_match;known_inhibitor_class_similarity;transition_state_mimicry,0.92,0.8575512997076923,inhibit_synergy_model_inference_requires_assay_validation
5b75759ee9f71de5,acetolactate synthase,ALS/AHAS,seedling_emergence,(2-amino-1-hydroxyethyl)phosphonate;3-hydroxysalicylate,2,"(2-amino-1-hydroxyethyl)phosphonate:[SKiD_substrates,0.701]|3-hydroxysalicylate:[SKiD_substrates,0.387]",active_site_compatibility;functional_group_match;herbicide_target_atlas_match;known_inhibitor_class_similarity;transition_state_mimicry,0.92,0.8575512997076923,inhibit_synergy_model_inference_requires_assay_validation
26a880c7c9556956,cellulase,CAZy,germination,(2-amino-1-hydroxyethyl)phosphonate;3-hydroxysalicylate,2,"(2-amino-1-hydroxyethyl)phosphonate:[SKiD_substrates,0.701]|3-hydroxysalicylate:[SKiD_substrates,0.387]",active_site_compatibility;functional_group_match;herbicide_target_atlas_match;known_inhibitor_class_similarity;transition_state_mimicry,0.92,0.8575512997076923,inhibit_synergy_model_inference_requires_assay_validation
0f166e7c9bec5a5d,protoporphyrinogen oxidase,PPO,vegetative_expansion,(2-amino-1-hydroxyethyl)phosphonate;4-hydroxysalicylate,2,"(2-amino-1-hydroxyethyl)phosphonate:[SKiD_substrates,0.701]|4-hydroxysalicylate:[SKiD_substrates,0.387]",active_site_compatibility;functional_group_match;herbicide_target_atlas_match;known_inhibitor_class_similarity;transition_state_mimicry,0.92,0.8575512997076923,inhibit_synergy_model_inference_requires_assay_validation
a073f04b8033a405,acetyl-CoA carboxylase,ACCase,vegetative_expansion,2-hydroxyethylphosphonate;3-hydroxypropanoic acid,2,"2-hydroxyethylphosphonate:[SKiD_substrates,0.707]|3-hydroxypropanoic acid:[SKiD_substrates,0.385]",active_site_compatibility;functional_group_match;herbicide_target_atlas_match;known_inhibitor_class_similarity;transition_state_mimicry,0.92,0.8571909925846154,inhibit_synergy_model_inference_requires_assay_validation
d9d03052cdc4a18b,protoporphyrinogen oxidase,PPO,vegetative_expansion,2-hydroxyethylphosphonate;3-hydroxypropanoic acid,2,"2-hydroxyethylphosphonate:[SKiD_substrates,0.707]|3-hydroxypropanoic acid:[SKiD_substrates,0.385]",active_site_compatibility;functional_group_match;herbicide_target_atlas_match;known_inhibitor_class_similarity;transition_state_mimicry,0.92,0.8571909925846154,inhibit_synergy_model_inference_requires_assay_validation
029195f742bf2a57,photosystem II,PSII,early_vegetative,2-hydroxyethylphosphonate;3-hydroxypropanoic acid,2,"2-hydroxyethylphosphonate:[SKiD_substrates,0.707]|3-hydroxypropanoic acid:[SKiD_substrates,0.385]",active_site_compatibility;functional_group_match;herbicide_target_atlas_match;known_inhibitor_class_similarity;transition_state_mimicry,0.92,0.8571909925846154,inhibit_synergy_model_inference_requires_assay_validation
21112270941d343e,cellulase,CAZy,germination,2-hydroxyethylphosphonate;3-hydroxypropanoic acid,2,"2-hydroxyethylphosphonate:[SKiD_substrates,0.707]|3-hydroxypropanoic acid:[SKiD_substrates,0.385]",active_site_compatibility;functional_group_match;herbicide_target_atlas_match;known_inhibitor_class_similarity;transition_state_mimicry,0.92,0.8571909925846154,inhibit_synergy_model_inference_requires_assay_validation
cd924202e2ac67fd,cytochrome P450,Cytochrome P450,specialized_metabolism,2-hydroxyethylphosphonate;3-hydroxypropanoic acid,2,"2-hydroxyethylphosphonate:[SKiD_substrates,0.707]|3-hydroxypropanoic acid:[SKiD_substrates,0.385]",active_site_compatibility;functional_group_match;herbicide_target_atlas_match;known_inhibitor_class_similarity;transition_state_mimicry,0.92,0.8571909925846154,inhibit_synergy_model_inference_requires_assay_validation
d863f5a2fbbec678,acetolactate synthase,ALS/AHAS,seedling_emergence,2-hydroxyethylphosphonate;3-hydroxypropanoic acid,2,"2-hydroxyethylphosphonate:[SKiD_substrates,0.707]|3-hydroxypropanoic acid:[SKiD_substrates,0.385]",active_site_compatibility;functional_group_match;herbicide_target_atlas_match;known_inhibitor_class_similarity;transition_state_mimicry,0.92,0.8571909925846154,inhibit_synergy_model_inference_requires_assay_validation
f44d5a3bc9c73073,EPSP synthase,EPSPS,early_vegetative,2-hydroxyethylphosphonate;3-hydroxypropanoic acid,2,"2-hydroxyethylphosphonate:[SKiD_substrates,0.707]|3-hydroxypropanoic acid:[SKiD_substrates,0.385]",active_site_compatibility;functional_group_match;herbicide_target_atlas_match;known_inhibitor_class_similarity;transition_state_mimicry,0.92,0.8571909925846154,inhibit_synergy_model_inference_requires_assay_validation
b0b3a058665db98d,photosystem II,PSII,early_vegetative,(2-amino-1-hydroxyethyl)phosphonate;3-hydroxypropanoic acid,2,"(2-amino-1-hydroxyethyl)phosphonate:[SKiD_substrates,0.701]|3-hydroxypropanoic acid:[SKiD_substrates,0.385]",active_site_compatibility;functional_group_match;herbicide_target_atlas_match;known_inhibitor_class_similarity;transition_state_mimicry,0.92,0.8570534854546155,inhibit_synergy_model_inference_requires_assay_validation
0a833a1b9cebe65e,cellulase,CAZy,germination,(2-amino-1-hydroxyethyl)phosphonate;3-hydroxypropanoic acid,2,"(2-amino-1-hydroxyethyl)phosphonate:[SKiD_substrates,0.701]|3-hydroxypropanoic acid:[SKiD_substrates,0.385]",active_site_compatibility;functional_group_match;herbicide_target_atlas_match;known_inhibitor_class_similarity;transition_state_mimicry,0.92,0.8570534854546155,inhibit_synergy_model_inference_requires_assay_validation
42a10ff3a5e451a9,cytochrome P450,Cytochrome P450,specialized_metabolism,(2-amino-1-hydroxyethyl)phosphonate;3-hydroxypropanoic acid,2,"(2-amino-1-hydroxyethyl)phosphonate:[SKiD_substrates,0.701]|3-hydroxypropanoic acid:[SKiD_substrates,0.385]",active_site_compatibility;functional_group_match;herbicide_target_atlas_match;known_inhibitor_class_similarity;transition_state_mimicry,0.92,0.8570534854546155,inhibit_synergy_model_inference_requires_assay_validation
8995846102c2d2a9,EPSP synthase,EPSPS,early_vegetative,(2-amino-1-hydroxyethyl)phosphonate;3-hydroxypropanoic acid,2,"(2-amino-1-hydroxyethyl)phosphonate:[SKiD_substrates,0.701]|3-hydroxypropanoic acid:[SKiD_substrates,0.385]",active_site_compatibility;functional_group_match;herbicide_target_atlas_match;known_inhibitor_class_similarity;transition_state_mimicry,0.92,0.8570534854546155,inhibit_synergy_model_inference_requires_assay_validation
082c7805191d7a82,protoporphyrinogen oxidase,PPO,vegetative_expansion,(2-amino-1-hydroxyethyl)phosphonate;3-hydroxypropanoic acid,2,"(2-amino-1-hydroxyethyl)phosphonate:[SKiD_substrates,0.701]|3-hydroxypropanoic acid:[SKiD_substrates,0.385]",active_site_compatibility;functional_group_match;herbicide_target_atlas_match;known_inhibitor_class_similarity;transition_state_mimicry,0.92,0.8570534854546155,inhibit_synergy_model_inference_requires_assay_validation
b0fbfc2c7e83234b,acetyl-CoA carboxylase,ACCase,vegetative_expansion,(2-amino-1-hydroxyethyl)phosphonate;3-hydroxypropanoic acid,2,"(2-amino-1-hydroxyethyl)phosphonate:[SKiD_substrates,0.701]|3-hydroxypropanoic acid:[SKiD_substrates,0.385]",active_site_compatibility;functional_group_match;herbicide_target_atlas_match;known_inhibitor_class_similarity;transition_state_mimicry,0.92,0.8570534854546155,inhibit_synergy_model_inference_requires_assay_validation
8a55b84a535b737c,acetolactate synthase,ALS/AHAS,seedling_emergence,(2-amino-1-hydroxyethyl)phosphonate;3-hydroxypropanoic acid,2,"(2-amino-1-hydroxyethyl)phosphonate:[SKiD_substrates,0.701]|3-hydroxypropanoic acid:[SKiD_substrates,0.385]",active_site_compatibility;functional_group_match;herbicide_target_atlas_match;known_inhibitor_class_similarity;transition_state_mimicry,0.92,0.8570534854546155,inhibit_synergy_model_inference_requires_assay_validation
2e75ec6a4b97aeca,photosystem II,PSII,early_vegetative,"1,4-benzoquinone;2-hydroxyethylphosphonate",2,"2-hydroxyethylphosphonate:[SKiD_substrates,0.707]|1,4-benzoquinone:[SKiD_substrates,0.364]",active_site_compatibility;functional_group_match;herbicide_target_atlas_match;known_inhibitor_class_similarity;natural_product_or_allelopathy_prior;ros_photosynthesis_disruption_prior;transition_state_mimicry,0.92,0.8554298873179488,inhibit_synergy_model_inference_requires_assay_validation
208780ccaaefdf5c,EPSP synthase,EPSPS,early_vegetative,"1,4-benzoquinone;2-hydroxyethylphosphonate",2,"2-hydroxyethylphosphonate:[SKiD_substrates,0.707]|1,4-benzoquinone:[SKiD_substrates,0.364]",active_site_compatibility;functional_group_match;herbicide_target_atlas_match;known_inhibitor_class_similarity;natural_product_or_allelopathy_prior;ros_photosynthesis_disruption_prior;transition_state_mimicry,0.92,0.8554298873179488,inhibit_synergy_model_inference_requires_assay_validation
d5085b9ab6891488,acetyl-CoA carboxylase,ACCase,vegetative_expansion,"1,4-benzoquinone;2-hydroxyethylphosphonate",2,"2-hydroxyethylphosphonate:[SKiD_substrates,0.707]|1,4-benzoquinone:[SKiD_substrates,0.364]",active_site_compatibility;functional_group_match;herbicide_target_atlas_match;known_inhibitor_class_similarity;natural_product_or_allelopathy_prior;ros_photosynthesis_disruption_prior;transition_state_mimicry,0.92,0.8554298873179488,inhibit_synergy_model_inference_requires_assay_validation
a08548f72b639261,protoporphyrinogen oxidase,PPO,vegetative_expansion,"1,4-benzoquinone;2-hydroxyethylphosphonate",2,"2-hydroxyethylphosphonate:[SKiD_substrates,0.707]|1,4-benzoquinone:[SKiD_substrates,0.364]",active_site_compatibility;functional_group_match;herbicide_target_atlas_match;known_inhibitor_class_similarity;natural_product_or_allelopathy_prior;ros_photosynthesis_disruption_prior;transition_state_mimicry,0.92,0.8554298873179488,inhibit_synergy_model_inference_requires_assay_validation
10902077a498db6f,cellulase,CAZy,germination,"1,4-benzoquinone;2-hydroxyethylphosphonate",2,"2-hydroxyethylphosphonate:[SKiD_substrates,0.707]|1,4-benzoquinone:[SKiD_substrates,0.364]",active_site_compatibility;functional_group_match;herbicide_target_atlas_match;known_inhibitor_class_similarity;natural_product_or_allelopathy_prior;ros_photosynthesis_disruption_prior;transition_state_mimicry,0.92,0.8554298873179488,inhibit_synergy_model_inference_requires_assay_validation
063232a9210b9669,acetolactate synthase,ALS/AHAS,seedling_emergence,"1,4-benzoquinone;2-hydroxyethylphosphonate",2,"2-hydroxyethylphosphonate:[SKiD_substrates,0.707]|1,4-benzoquinone:[SKiD_substrates,0.364]",active_site_compatibility;functional_group_match;herbicide_target_atlas_match;known_inhibitor_class_similarity;natural_product_or_allelopathy_prior;ros_photosynthesis_disruption_prior;transition_state_mimicry,0.92,0.8554298873179488,inhibit_synergy_model_inference_requires_assay_validation
c28f9b7a54f4e12c,cytochrome P450,Cytochrome P450,specialized_metabolism,"1,4-benzoquinone;2-hydroxyethylphosphonate",2,"2-hydroxyethylphosphonate:[SKiD_substrates,0.707]|1,4-benzoquinone:[SKiD_substrates,0.364]",active_site_compatibility;functional_group_match;herbicide_target_atlas_match;known_inhibitor_class_similarity;natural_product_or_allelopathy_prior;ros_photosynthesis_disruption_prior;transition_state_mimicry,0.92,0.8554298873179488,inhibit_synergy_model_inference_requires_assay_validation
909d1c425ba84307,cytochrome P450,Cytochrome P450,specialized_metabolism,"(2-amino-1-hydroxyethyl)phosphonate;1,4-benzoquinone",2,"(2-amino-1-hydroxyethyl)phosphonate:[SKiD_substrates,0.701]|1,4-benzoquinone:[SKiD_substrates,0.364]",active_site_compatibility;functional_group_match;herbicide_target_atlas_match;known_inhibitor_class_similarity;natural_product_or_allelopathy_prior;ros_photosynthesis_disruption_prior;transition_state_mimicry,0.92,0.8552923801879487,inhibit_synergy_model_inference_requires_assay_validation
c18064ab1fdf19bf,EPSP synthase,EPSPS,early_vegetative,"(2-amino-1-hydroxyethyl)phosphonate;1,4-benzoquinone",2,"(2-amino-1-hydroxyethyl)phosphonate:[SKiD_substrates,0.701]|1,4-benzoquinone:[SKiD_substrates,0.364]",active_site_compatibility;functional_group_match;herbicide_target_atlas_match;known_inhibitor_class_similarity;natural_product_or_allelopathy_prior;ros_photosynthesis_disruption_prior;transition_state_mimicry,0.92,0.8552923801879487,inhibit_synergy_model_inference_requires_assay_validation
d37fdf35ffb5ad6d,cellulase,CAZy,germination,"(2-amino-1-hydroxyethyl)phosphonate;1,4-benzoquinone",2,"(2-amino-1-hydroxyethyl)phosphonate:[SKiD_substrates,0.701]|1,4-benzoquinone:[SKiD_substrates,0.364]",active_site_compatibility;functional_group_match;herbicide_target_atlas_match;known_inhibitor_class_similarity;natural_product_or_allelopathy_prior;ros_photosynthesis_disruption_prior;transition_state_mimicry,0.92,0.8552923801879487,inhibit_synergy_model_inference_requires_assay_validation
fffadd1b24f9e111,acetolactate synthase,ALS/AHAS,seedling_emergence,"(2-amino-1-hydroxyethyl)phosphonate;1,4-benzoquinone",2,"(2-amino-1-hydroxyethyl)phosphonate:[SKiD_substrates,0.701]|1,4-benzoquinone:[SKiD_substrates,0.364]",active_site_compatibility;functional_group_match;herbicide_target_atlas_match;known_inhibitor_class_similarity;natural_product_or_allelopathy_prior;ros_photosynthesis_disruption_prior;transition_state_mimicry,0.92,0.8552923801879487,inhibit_synergy_model_inference_requires_assay_validation
c4e1d65c76437a91,cellulase,CAZy,germination,2-hydroxyethylphosphonate;L-2-hydroxy octanoate,2,"2-hydroxyethylphosphonate:[SKiD_substrates,0.707]|L-2-hydroxy octanoate:[SKiD_substrates,0.381]",active_site_compatibility;functional_group_match;herbicide_target_atlas_match;known_inhibitor_class_similarity;transition_state_mimicry,0.92,0.854181252181282,inhibit_synergy_model_inference_requires_assay_validation
63512fe70df444da,10-O-deacetylbaccatin III 10-O-acetyltransferase,BAHD acyltransferase,specialized_metabolism,2-hydroxyethylphosphonate;4-hydroxybenzoate,2,"2-hydroxyethylphosphonate:[SKiD_substrates,0.653]|4-hydroxybenzoate:[SKiD_substrates,0.483]",active_site_compatibility;functional_group_match;herbicide_target_atlas_match;known_inhibitor_class_similarity;transition_state_mimicry,0.92,0.853990527994872,inhibit_synergy_model_inference_requires_assay_validation
45db5515e94ff811,Capsicum annuum hydroxycinnamoyl-CoA: serotonin N-(hydroxycinnamoyl)transferase,BAHD acyltransferase,specialized_metabolism,2-hydroxyethylphosphonate;4-hydroxybenzoate,2,"2-hydroxyethylphosphonate:[SKiD_substrates,0.653]|4-hydroxybenzoate:[SKiD_substrates,0.483]",active_site_compatibility;functional_group_match;herbicide_target_atlas_match;known_inhibitor_class_similarity;transition_state_mimicry,0.92,0.853990527994872,inhibit_synergy_model_inference_requires_assay_validation
4e98e935fd49603d,cellulase,CAZy,germination,"2-chloro-1,4-benzoquinone;2-hydroxyethylphosphonate",2,"2-hydroxyethylphosphonate:[SKiD_substrates,0.707]|2-chloro-1,4-benzoquinone:[SKiD_substrates,0.361]",active_site_compatibility;functional_group_match;herbicide_target_atlas_match;known_inhibitor_class_similarity;natural_product_or_allelopathy_prior;ros_photosynthesis_disruption_prior;transition_state_mimicry,0.92,0.8537432703756411,inhibit_synergy_model_inference_requires_assay_validation
7c085f2889052706,acetolactate synthase,ALS/AHAS,seedling_emergence,"2-chloro-1,4-benzoquinone;2-hydroxyethylphosphonate",2,"2-hydroxyethylphosphonate:[SKiD_substrates,0.707]|2-chloro-1,4-benzoquinone:[SKiD_substrates,0.361]",active_site_compatibility;functional_group_match;herbicide_target_atlas_match;known_inhibitor_class_similarity;natural_product_or_allelopathy_prior;ros_photosynthesis_disruption_prior;transition_state_mimicry,0.92,0.8537432703756411,inhibit_synergy_model_inference_requires_assay_validation
a30d1ae7a1b98e75,cellulase,CAZy,germination,"(2-amino-1-hydroxyethyl)phosphonate;2-chloro-1,4-benzoquinone",2,"(2-amino-1-hydroxyethyl)phosphonate:[SKiD_substrates,0.701]|2-chloro-1,4-benzoquinone:[SKiD_substrates,0.361]",active_site_compatibility;functional_group_match;herbicide_target_atlas_match;known_inhibitor_class_similarity;natural_product_or_allelopathy_prior;ros_photosynthesis_disruption_prior;transition_state_mimicry,0.92,0.8536057632456411,inhibit_synergy_model_inference_requires_assay_validation
f6ce62614742dee6,acetolactate synthase,ALS/AHAS,seedling_emergence,"(2-amino-1-hydroxyethyl)phosphonate;2-chloro-1,4-benzoquinone",2,"(2-amino-1-hydroxyethyl)phosphonate:[SKiD_substrates,0.701]|2-chloro-1,4-benzoquinone:[SKiD_substrates,0.361]",active_site_compatibility;functional_group_match;herbicide_target_atlas_match;known_inhibitor_class_similarity;natural_product_or_allelopathy_prior;ros_photosynthesis_disruption_prior;transition_state_mimicry,0.92,0.8536057632456411,inhibit_synergy_model_inference_requires_assay_validation
64b39ddc1b91365d,EPSP synthase,EPSPS,early_vegetative,2-hydroxyethylphosphonate;methoxyhydroquinone,2,"2-hydroxyethylphosphonate:[SKiD_substrates,0.707]|methoxyhydroquinone:[SKiD_substrates,0.361]",active_site_compatibility;functional_group_match;herbicide_target_atlas_match;known_inhibitor_class_similarity;natural_product_or_allelopathy_prior;ros_photosynthesis_disruption_prior;transition_state_mimicry,0.92,0.8534033972758975,inhibit_synergy_model_inference_requires_assay_validation
13b6c4b9aee4737a,acetolactate synthase,ALS/AHAS,seedling_emergence,2-hydroxyethylphosphonate;methoxyhydroquinone,2,"2-hydroxyethylphosphonate:[SKiD_substrates,0.707]|methoxyhydroquinone:[SKiD_substrates,0.361]",active_site_compatibility;functional_group_match;herbicide_target_atlas_match;known_inhibitor_class_similarity;natural_product_or_allelopathy_prior;ros_photosynthesis_disruption_prior;transition_state_mimicry,0.92,0.8534033972758975,inhibit_synergy_model_inference_requires_assay_validation
9f14a1ccab296dd3,cellulase,CAZy,germination,2-hydroxyethylphosphonate;hydroquinone,2,"2-hydroxyethylphosphonate:[SKiD_substrates,0.707]|hydroquinone:[SKiD_substrates,0.361]",active_site_compatibility;functional_group_match;herbicide_target_atlas_match;known_inhibitor_class_similarity;natural_product_or_allelopathy_prior;ros_photosynthesis_disruption_prior;transition_state_mimicry,0.92,0.8533924576564103,inhibit_synergy_model_inference_requires_assay_validation
188b02472a0e0c87,acetolactate synthase,ALS/AHAS,seedling_emergence,(2-amino-1-hydroxyethyl)phosphonate;methoxyhydroquinone,2,"(2-amino-1-hydroxyethyl)phosphonate:[SKiD_substrates,0.701]|methoxyhydroquinone:[SKiD_substrates,0.361]",active_site_compatibility;functional_group_match;herbicide_target_atlas_match;known_inhibitor_class_similarity;natural_product_or_allelopathy_prior;ros_photosynthesis_disruption_prior;transition_state_mimicry,0.92,0.8532658901458975,inhibit_synergy_model_inference_requires_assay_validation
041674375ad563aa,EPSP synthase,EPSPS,early_vegetative,(2-amino-1-hydroxyethyl)phosphonate;methoxyhydroquinone,2,"(2-amino-1-hydroxyethyl)phosphonate:[SKiD_substrates,0.701]|methoxyhydroquinone:[SKiD_substrates,0.361]",active_site_compatibility;functional_group_match;herbicide_target_atlas_match;known_inhibitor_class_similarity;natural_product_or_allelopathy_prior;ros_photosynthesis_disruption_prior;transition_state_mimicry,0.92,0.8532658901458975,inhibit_synergy_model_inference_requires_assay_validation
e1a423be4f28a954,cellulase,CAZy,germination,(2-amino-1-hydroxyethyl)phosphonate;hydroquinone,2,"(2-amino-1-hydroxyethyl)phosphonate:[SKiD_substrates,0.701]|hydroquinone:[SKiD_substrates,0.361]",active_site_compatibility;functional_group_match;herbicide_target_atlas_match;known_inhibitor_class_similarity;natural_product_or_allelopathy_prior;ros_photosynthesis_disruption_prior;transition_state_mimicry,0.92,0.8532549505264103,inhibit_synergy_model_inference_requires_assay_validation
d80266618243359c,EPSP synthase,EPSPS,early_vegetative,"1,2-naphthoquinone;2-hydroxyethylphosphonate",2,"2-hydroxyethylphosphonate:[SKiD_substrates,0.707]|1,2-naphthoquinone:[SKiD_substrates,0.358]",active_site_compatibility;functional_group_match;herbicide_target_atlas_match;known_inhibitor_class_similarity;natural_product_or_allelopathy_prior;ros_photosynthesis_disruption_prior;transition_state_mimicry,0.92,0.8519706905958976,inhibit_synergy_model_inference_requires_assay_validation
c41d554fe9db289e,EPSP synthase,EPSPS,early_vegetative,"1,4-Naphthoquinone;2-hydroxyethylphosphonate",2,"2-hydroxyethylphosphonate:[SKiD_substrates,0.707]|1,4-Naphthoquinone:[SKiD_substrates,0.358]",active_site_compatibility;functional_group_match;herbicide_target_atlas_match;known_inhibitor_class_similarity;natural_product_or_allelopathy_prior;ros_photosynthesis_disruption_prior;transition_state_mimicry,0.92,0.8515672785558974,inhibit_synergy_model_inference_requires_assay_validation
134076ce8ac85db2,ribulose bisphosphate carboxylase oxygenase,RuBisCO,vegetative_expansion,(2S)-3-carboxy-N-(fluoromethyl)-2-hydroxy-N N-dimethylpropan-1-aminium;2-hydroxyethylphosphonate,2,"2-hydroxyethylphosphonate:[SKiD_substrates,0.665]|(2S)-3-carboxy-N-(fluoromethyl)-2-hydroxy-N N-dimethylpropan-1-aminium:[SKiD_substrates,0.463]",active_site_compatibility;functional_group_match;herbicide_target_atlas_match;known_inhibitor_class_similarity;transition_state_mimicry,0.92,0.8489214819802564,inhibit_synergy_model_inference_requires_assay_validation
819b731a0ece10d7,peroxidase,Peroxidase,stress_response,(2S)-3-carboxy-N-(fluoromethyl)-2-hydroxy-N N-dimethylpropan-1-aminium;2-hydroxyethylphosphonate,2,"2-hydroxyethylphosphonate:[SKiD_substrates,0.665]|(2S)-3-carboxy-N-(fluoromethyl)-2-hydroxy-N N-dimethylpropan-1-aminium:[SKiD_substrates,0.463]",active_site_compatibility;functional_group_match;herbicide_target_atlas_match;known_inhibitor_class_similarity;transition_state_mimicry,0.92,0.8489214819802564,inhibit_synergy_model_inference_requires_assay_validation
b0546dc1f244d28f,phosphoenolpyruvate carboxylase,PEPC,vegetative_expansion,(2S)-3-carboxy-N-(fluoromethyl)-2-hydroxy-N N-dimethylpropan-1-aminium;2-hydroxyethylphosphonate,2,"2-hydroxyethylphosphonate:[SKiD_substrates,0.665]|(2S)-3-carboxy-N-(fluoromethyl)-2-hydroxy-N N-dimethylpropan-1-aminium:[SKiD_substrates,0.463]",active_site_compatibility;functional_group_match;herbicide_target_atlas_match;known_inhibitor_class_similarity;transition_state_mimicry,0.92,0.8489214819802564,inhibit_synergy_model_inference_requires_assay_validation
e3f6621d59e9d51c,ribulose bisphosphate carboxylase oxygenase,RuBisCO,vegetative_expansion,(2-amino-1-hydroxyethyl)phosphonate;(2S)-3-carboxy-N-(fluoromethyl)-2-hydroxy-N N-dimethylpropan-1-aminium,2,"(2-amino-1-hydroxyethyl)phosphonate:[SKiD_substrates,0.659]|(2S)-3-carboxy-N-(fluoromethyl)-2-hydroxy-N N-dimethylpropan-1-aminium:[SKiD_substrates,0.463]",active_site_compatibility;functional_group_match;herbicide_target_atlas_match;known_inhibitor_class_similarity;transition_state_mimicry,0.92,0.8487839748502564,inhibit_synergy_model_inference_requires_assay_validation
7aec2aa418dc8ce4,peroxidase,Peroxidase,stress_response,(2-amino-1-hydroxyethyl)phosphonate;(2S)-3-carboxy-N-(fluoromethyl)-2-hydroxy-N N-dimethylpropan-1-aminium,2,"(2-amino-1-hydroxyethyl)phosphonate:[SKiD_substrates,0.659]|(2S)-3-carboxy-N-(fluoromethyl)-2-hydroxy-N N-dimethylpropan-1-aminium:[SKiD_substrates,0.463]",active_site_compatibility;functional_group_match;herbicide_target_atlas_match;known_inhibitor_class_similarity;transition_state_mimicry,0.92,0.8487839748502564,inhibit_synergy_model_inference_requires_assay_validation
3f035d35fbc9530f,phosphoenolpyruvate carboxylase,PEPC,vegetative_expansion,(2-amino-1-hydroxyethyl)phosphonate;(2S)-3-carboxy-N-(fluoromethyl)-2-hydroxy-N N-dimethylpropan-1-aminium,2,"(2-amino-1-hydroxyethyl)phosphonate:[SKiD_substrates,0.659]|(2S)-3-carboxy-N-(fluoromethyl)-2-hydroxy-N N-dimethylpropan-1-aminium:[SKiD_substrates,0.463]",active_site_compatibility;functional_group_match;herbicide_target_atlas_match;known_inhibitor_class_similarity;transition_state_mimicry,0.92,0.8487839748502564,inhibit_synergy_model_inference_requires_assay_validation
5b8e3a5061ac0f91,Isochorismoyl-Glutamate Synthase; GH3 acyl adenylase-family enzyme,BAHD acyltransferase,germination,(2-amino-1-hydroxyethyl)phosphonate;2-hydroxyethylphosphonate,2,"2-hydroxyethylphosphonate:[SKiD_substrates,0.599]|(2-amino-1-hydroxyethyl)phosphonate:[SKiD_substrates,0.593]",active_site_compatibility;functional_group_match;herbicide_target_atlas_match;known_inhibitor_class_similarity;transition_state_mimicry,0.92,0.8482695309376924,inhibit_synergy_model_inference_requires_assay_validation
23bcf58049a334e5,GH169,GH,germination,(2-amino-1-hydroxyethyl)phosphonate;2-hydroxyethylphosphonate,2,"2-hydroxyethylphosphonate:[SKiD_substrates,0.599]|(2-amino-1-hydroxyethyl)phosphonate:[SKiD_substrates,0.593]",active_site_compatibility;functional_group_match;herbicide_target_atlas_match;known_inhibitor_class_similarity;transition_state_mimicry,0.92,0.8482695309376924,inhibit_synergy_model_inference_requires_assay_validation
d2ce1a38ae77db92,alpha-amylase,amylase,germination,(2-amino-1-hydroxyethyl)phosphonate;2-hydroxyethylphosphonate,2,"2-hydroxyethylphosphonate:[SKiD_substrates,0.599]|(2-amino-1-hydroxyethyl)phosphonate:[SKiD_substrates,0.593]",active_site_compatibility;functional_group_match;herbicide_target_atlas_match;known_inhibitor_class_similarity;transition_state_mimicry,0.92,0.8482695309376924,inhibit_synergy_model_inference_requires_assay_validation
92cf66be9ee3bc8e,GH13_11,GH,germination,(2-amino-1-hydroxyethyl)phosphonate;2-hydroxyethylphosphonate,2,"2-hydroxyethylphosphonate:[SKiD_substrates,0.599]|(2-amino-1-hydroxyethyl)phosphonate:[SKiD_substrates,0.593]",active_site_compatibility;functional_group_match;herbicide_target_atlas_match;known_inhibitor_class_similarity;transition_state_mimicry,0.92,0.8482695309376924,inhibit_synergy_model_inference_requires_assay_validation
46f18a1b18b83bf0,GH5_21,GH,germination,(2-amino-1-hydroxyethyl)phosphonate;2-hydroxyethylphosphonate,2,"2-hydroxyethylphosphonate:[SKiD_substrates,0.599]|(2-amino-1-hydroxyethyl)phosphonate:[SKiD_substrates,0.593]",active_site_compatibility;functional_group_match;herbicide_target_atlas_match;known_inhibitor_class_similarity;transition_state_mimicry,0.92,0.8482695309376924,inhibit_synergy_model_inference_requires_assay_validation
457883f75768f1b9,GH43_13,GH,germination,(2-amino-1-hydroxyethyl)phosphonate;2-hydroxyethylphosphonate,2,"2-hydroxyethylphosphonate:[SKiD_substrates,0.599]|(2-amino-1-hydroxyethyl)phosphonate:[SKiD_substrates,0.593]",active_site_compatibility;functional_group_match;herbicide_target_atlas_match;known_inhibitor_class_similarity;transition_state_mimicry,0.92,0.8482695309376924,inhibit_synergy_model_inference_requires_assay_validation
10c4c766c0c241d6,Drought-Induced Branched-Chain Amino Acid Aminotransferase,Aminotransferase,germination,(2-amino-1-hydroxyethyl)phosphonate;2-hydroxyethylphosphonate,2,"2-hydroxyethylphosphonate:[SKiD_substrates,0.599]|(2-amino-1-hydroxyethyl)phosphonate:[SKiD_substrates,0.593]",active_site_compatibility;functional_group_match;herbicide_target_atlas_match;known_inhibitor_class_similarity;transition_state_mimicry,0.92,0.8482695309376924,inhibit_synergy_model_inference_requires_assay_validation
39334fdf08ce679c,EPSP synthase,EPSPS,early_vegetative,2-hydroxyethylphosphonate;3-indolelactate,2,"2-hydroxyethylphosphonate:[SKiD_substrates,0.707]|3-indolelactate:[SKiD_substrates,0.352]",active_site_compatibility;functional_group_match;herbicide_target_atlas_match;known_inhibitor_class_similarity;transition_state_mimicry,0.92,0.8481112499479487,inhibit_synergy_model_inference_requires_assay_validation
9d2002e3c714a392,EPSP synthase,EPSPS,early_vegetative,(2-amino-1-hydroxyethyl)phosphonate;3-indolelactate,2,"(2-amino-1-hydroxyethyl)phosphonate:[SKiD_substrates,0.701]|3-indolelactate:[SKiD_substrates,0.352]",active_site_compatibility;functional_group_match;herbicide_target_atlas_match;known_inhibitor_class_similarity;transition_state_mimicry,0.92,0.8479737428179488,inhibit_synergy_model_inference_requires_assay_validation
da327627e1ae8530,acetolactate synthase,ALS/AHAS,seedling_emergence,2-hydroxyethylphosphonate;vanillylamine,2,"2-hydroxyethylphosphonate:[SKiD_substrates,0.707]|vanillylamine:[SKiD_substrates,0.347]",active_site_compatibility;functional_group_match;herbicide_target_atlas_match;known_inhibitor_class_similarity;transition_state_mimicry,0.92,0.8459580872464103,inhibit_synergy_model_inference_requires_assay_validation
d466974d765fe49c,acetolactate synthase,ALS/AHAS,seedling_emergence,(2-amino-1-hydroxyethyl)phosphonate;vanillylamine,2,"(2-amino-1-hydroxyethyl)phosphonate:[SKiD_substrates,0.701]|vanillylamine:[SKiD_substrates,0.347]",active_site_compatibility;functional_group_match;herbicide_target_atlas_match;known_inhibitor_class_similarity;transition_state_mimicry,0.92,0.8458205801164103,inhibit_synergy_model_inference_requires_assay_validation
166c45e67337a097,cytochrome P450,Cytochrome P450,specialized_metabolism,2-hydroxyethylphosphonate;5-Hydroxyuracil,2,"2-hydroxyethylphosphonate:[SKiD_substrates,0.707]|5-Hydroxyuracil:[SKiD_substrates,0.356]",active_site_compatibility;functional_group_match;herbicide_target_atlas_match;known_inhibitor_class_similarity;transition_state_mimicry,0.92,0.8434390878592308,inhibit_synergy_model_inference_requires_assay_validation
3d2d220ccbc35422,photosystem II,PSII,early_vegetative,2-hydroxyethylphosphonate;5-Hydroxyuracil,2,"2-hydroxyethylphosphonate:[SKiD_substrates,0.707]|5-Hydroxyuracil:[SKiD_substrates,0.356]",active_site_compatibility;functional_group_match;herbicide_target_atlas_match;known_inhibitor_class_similarity;transition_state_mimicry,0.92,0.8434390878592308,inhibit_synergy_model_inference_requires_assay_validation
5b7930d3869f10a4,acetolactate synthase,ALS/AHAS,seedling_emergence,2-hydroxyethylphosphonate;2-hydroxypentanoate,2,"2-hydroxyethylphosphonate:[SKiD_substrates,0.707]|2-hydroxypentanoate:[SKiD_substrates,0.355]",active_site_compatibility;functional_group_match;herbicide_target_atlas_match;known_inhibitor_class_similarity;transition_state_mimicry,0.92,0.8431922267553847,inhibit_synergy_model_inference_requires_assay_validation
bf5997785887cabe,acetolactate synthase,ALS/AHAS,seedling_emergence,(2-amino-1-hydroxyethyl)phosphonate;2-hydroxypentanoate,2,"(2-amino-1-hydroxyethyl)phosphonate:[SKiD_substrates,0.701]|2-hydroxypentanoate:[SKiD_substrates,0.355]",active_site_compatibility;functional_group_match;herbicide_target_atlas_match;known_inhibitor_class_similarity;transition_state_mimicry,0.92,0.8430547196253847,inhibit_synergy_model_inference_requires_assay_validation
c325e57f27912ca1,cytochrome P450,Cytochrome P450,specialized_metabolism,2-hydroxyethylphosphonate;4-methylsalicylate,2,"2-hydroxyethylphosphonate:[SKiD_substrates,0.707]|4-methylsalicylate:[SKiD_substrates,0.322]",active_site_compatibility;functional_group_match;herbicide_target_atlas_match;known_inhibitor_class_similarity;transition_state_mimicry,0.92,0.8404495434902052,inhibit_synergy_model_inference_requires_assay_validation
3a82bfb312e2e35e,EPSP synthase,EPSPS,early_vegetative,2-hydroxyethylphosphonate;3-methylsalicylate,2,"2-hydroxyethylphosphonate:[SKiD_substrates,0.707]|3-methylsalicylate:[SKiD_substrates,0.322]",active_site_compatibility;functional_group_match;herbicide_target_atlas_match;known_inhibitor_class_similarity;transition_state_mimicry,0.92,0.8404495434902052,inhibit_synergy_model_inference_requires_assay_validation
f30da79305ae6eef,protoporphyrinogen oxidase,PPO,vegetative_expansion,2-hydroxyethylphosphonate;3-methylsalicylate,2,"2-hydroxyethylphosphonate:[SKiD_substrates,0.707]|3-methylsalicylate:[SKiD_substrates,0.322]",active_site_compatibility;functional_group_match;herbicide_target_atlas_match;known_inhibitor_class_similarity;transition_state_mimicry,0.92,0.8404495434902052,inhibit_synergy_model_inference_requires_assay_validation
3f349a8ba73deb8d,cytochrome P450,Cytochrome P450,specialized_metabolism,2-hydroxyethylphosphonate;5-Methylsalicylate,2,"2-hydroxyethylphosphonate:[SKiD_substrates,0.707]|5-Methylsalicylate:[SKiD_substrates,0.322]",active_site_compatibility;functional_group_match;herbicide_target_atlas_match;known_inhibitor_class_similarity;transition_state_mimicry,0.92,0.8404495434902052,inhibit_synergy_model_inference_requires_assay_validation
7726d8a10642c07a,photosystem II,PSII,early_vegetative,2-hydroxyethylphosphonate;5-Fluorosalicylate,2,"2-hydroxyethylphosphonate:[SKiD_substrates,0.707]|5-Fluorosalicylate:[SKiD_substrates,0.322]",active_site_compatibility;functional_group_match;herbicide_target_atlas_match;known_inhibitor_class_similarity;transition_state_mimicry,0.92,0.8404461384112821,inhibit_synergy_model_inference_requires_assay_validation
a98a1f8d04de651b,cellulase,CAZy,germination,2-hydroxyethylphosphonate;salicylate,2,"2-hydroxyethylphosphonate:[SKiD_substrates,0.707]|salicylate:[SKiD_substrates,0.322]",active_site_compatibility;functional_group_match;herbicide_target_atlas_match;known_inhibitor_class_similarity;transition_state_mimicry,0.92,0.8403765079948718,inhibit_synergy_model_inference_requires_assay_validation
bb55f4d14d9a00cc,EPSP synthase,EPSPS,early_vegetative,(2-amino-1-hydroxyethyl)phosphonate;3-methylsalicylate,2,"(2-amino-1-hydroxyethyl)phosphonate:[SKiD_substrates,0.701]|3-methylsalicylate:[SKiD_substrates,0.322]",active_site_compatibility;functional_group_match;herbicide_target_atlas_match;known_inhibitor_class_similarity;transition_state_mimicry,0.92,0.8403120363602051,inhibit_synergy_model_inference_requires_assay_validation
096d7a8635c9754c,acetolactate synthase,ALS/AHAS,seedling_emergence,2-hydroxyethylphosphonate;5-Aminosalicylate,2,"2-hydroxyethylphosphonate:[SKiD_substrates,0.707]|5-Aminosalicylate:[SKiD_substrates,0.322]",active_site_compatibility;functional_group_match;herbicide_target_atlas_match;known_inhibitor_class_similarity;transition_state_mimicry,0.92,0.8402699702115385,inhibit_synergy_model_inference_requires_assay_validation
f6cb3cfc749d8ad9,cellulase,CAZy,germination,2-hydroxyethylphosphonate;3-aminosalicylate,2,"2-hydroxyethylphosphonate:[SKiD_substrates,0.707]|3-aminosalicylate:[SKiD_substrates,0.322]",active_site_compatibility;functional_group_match;herbicide_target_atlas_match;known_inhibitor_class_similarity;transition_state_mimicry,0.92,0.8402699702115385,inhibit_synergy_model_inference_requires_assay_validation
693057e149931d12,acetyl-CoA carboxylase,ACCase,vegetative_expansion,2-hydroxyethylphosphonate;3-aminosalicylate,2,"2-hydroxyethylphosphonate:[SKiD_substrates,0.707]|3-aminosalicylate:[SKiD_substrates,0.322]",active_site_compatibility;functional_group_match;herbicide_target_atlas_match;known_inhibitor_class_similarity;transition_state_mimicry,0.92,0.8402699702115385,inhibit_synergy_model_inference_requires_assay_validation
451d5254f0bb2b59,photosystem II,PSII,early_vegetative,2-hydroxyethylphosphonate;3-aminosalicylate,2,"2-hydroxyethylphosphonate:[SKiD_substrates,0.707]|3-aminosalicylate:[SKiD_substrates,0.322]",active_site_compatibility;functional_group_match;herbicide_target_atlas_match;known_inhibitor_class_similarity;transition_state_mimicry,0.92,0.8402699702115385,inhibit_synergy_model_inference_requires_assay_validation
70aea0c0c5183f09,cellulase,CAZy,germination,(2-amino-1-hydroxyethyl)phosphonate;salicylate,2,"(2-amino-1-hydroxyethyl)phosphonate:[SKiD_substrates,0.701]|salicylate:[SKiD_substrates,0.322]",active_site_compatibility;functional_group_match;herbicide_target_atlas_match;known_inhibitor_class_similarity;transition_state_mimicry,0.92,0.8402390008648718,inhibit_synergy_model_inference_requires_assay_validation
d7a1f0347ec01aba,cellulase,CAZy,germination,(2-amino-1-hydroxyethyl)phosphonate;3-aminosalicylate,2,"(2-amino-1-hydroxyethyl)phosphonate:[SKiD_substrates,0.701]|3-aminosalicylate:[SKiD_substrates,0.322]",active_site_compatibility;functional_group_match;herbicide_target_atlas_match;known_inhibitor_class_similarity;transition_state_mimicry,0.92,0.8401324630815385,inhibit_synergy_model_inference_requires_assay_validation
208a1f927df2dae9,acetolactate synthase,ALS/AHAS,seedling_emergence,(2-amino-1-hydroxyethyl)phosphonate;5-Aminosalicylate,2,"(2-amino-1-hydroxyethyl)phosphonate:[SKiD_substrates,0.701]|5-Aminosalicylate:[SKiD_substrates,0.322]",active_site_compatibility;functional_group_match;herbicide_target_atlas_match;known_inhibitor_class_similarity;transition_state_mimicry,0.92,0.8401324630815385,inhibit_synergy_model_inference_requires_assay_validation
855c700b12e4e7c3,cellulase,CAZy,germination,2-hydroxyethylphosphonate;2-oxo-octanoate,2,"2-hydroxyethylphosphonate:[SKiD_substrates,0.707]|2-oxo-octanoate:[SKiD_substrates,0.321]",active_site_compatibility;functional_group_match;herbicide_target_atlas_match;known_inhibitor_class_similarity;transition_state_mimicry,0.92,0.8397851777535897,inhibit_synergy_model_inference_requires_assay_validation
dfcf4e65d06cb8c7,acetolactate synthase,ALS/AHAS,seedling_emergence,2-hydroxyethylphosphonate;2-oxo-octanoate,2,"2-hydroxyethylphosphonate:[SKiD_substrates,0.707]|2-oxo-octanoate:[SKiD_substrates,0.321]",active_site_compatibility;functional_group_match;herbicide_target_atlas_match;known_inhibitor_class_similarity;transition_state_mimicry,0.92,0.8397851777535897,inhibit_synergy_model_inference_requires_assay_validation
1a7a64e1d52125dd,EPSP synthase,EPSPS,early_vegetative,2-hydroxyethylphosphonate;2-oxo-octanoate,2,"2-hydroxyethylphosphonate:[SKiD_substrates,0.707]|2-oxo-octanoate:[SKiD_substrates,0.321]",active_site_compatibility;functional_group_match;herbicide_target_atlas_match;known_inhibitor_class_similarity;transition_state_mimicry,0.92,0.8397851777535897,inhibit_synergy_model_inference_requires_assay_validation
1ee92bdca8dac33e,EPSP synthase,EPSPS,early_vegetative,2-hydroxyethylphosphonate;D-glucosamine,2,"2-hydroxyethylphosphonate:[SKiD_substrates,0.707]|D-glucosamine:[SKiD_substrates,0.331]",active_site_compatibility;functional_group_match;herbicide_target_atlas_match;known_inhibitor_class_similarity;transition_state_mimicry,0.92,0.8396588301369231,inhibit_synergy_model_inference_requires_assay_validation
a69078018cade1e6,cellulase,CAZy,germination,(2-amino-1-hydroxyethyl)phosphonate;2-oxo-octanoate,2,"(2-amino-1-hydroxyethyl)phosphonate:[SKiD_substrates,0.701]|2-oxo-octanoate:[SKiD_substrates,0.321]",active_site_compatibility;functional_group_match;herbicide_target_atlas_match;known_inhibitor_class_similarity;transition_state_mimicry,0.92,0.8396476706235897,inhibit_synergy_model_inference_requires_assay_validation
41b8daaf41f11457,acetolactate synthase,ALS/AHAS,seedling_emergence,(2-amino-1-hydroxyethyl)phosphonate;2-oxo-octanoate,2,"(2-amino-1-hydroxyethyl)phosphonate:[SKiD_substrates,0.701]|2-oxo-octanoate:[SKiD_substrates,0.321]",active_site_compatibility;functional_group_match;herbicide_target_atlas_match;known_inhibitor_class_similarity;transition_state_mimicry,0.92,0.8396476706235897,inhibit_synergy_model_inference_requires_assay_validation
7db968b2fdde0a72,EPSP synthase,EPSPS,early_vegetative,(2-amino-1-hydroxyethyl)phosphonate;2-oxo-octanoate,2,"(2-amino-1-hydroxyethyl)phosphonate:[SKiD_substrates,0.701]|2-oxo-octanoate:[SKiD_substrates,0.321]",active_site_compatibility;functional_group_match;herbicide_target_atlas_match;known_inhibitor_class_similarity;transition_state_mimicry,0.92,0.8396476706235897,inhibit_synergy_model_inference_requires_assay_validation
3c434dbde0c25adb,caffeoyl shikimate esterase,BAHD acyltransferase,early_vegetative,2-hydroxyethylphosphonate;glycerone phosphate,2,"2-hydroxyethylphosphonate:[SKiD_substrates,0.665]|glycerone phosphate:[SKiD_substrates,0.434]",active_site_compatibility;functional_group_match;herbicide_target_atlas_match;known_inhibitor_class_similarity;transition_state_mimicry,0.92,0.8394873040699999,inhibit_synergy_model_inference_requires_assay_validation
23fff313df8f5162,EPSP synthase,EPSPS,early_vegetative,2-hydroxyethylphosphonate;4-chlorosalicylate,2,"2-hydroxyethylphosphonate:[SKiD_substrates,0.707]|4-chlorosalicylate:[SKiD_substrates,0.320]",active_site_compatibility;functional_group_match;herbicide_target_atlas_match;known_inhibitor_class_similarity;transition_state_mimicry,0.92,0.8394261298592308,inhibit_synergy_model_inference_requires_assay_validation
6f89ffb75c902711,caffeoyl shikimate esterase,BAHD acyltransferase,early_vegetative,(2-amino-1-hydroxyethyl)phosphonate;glycerone phosphate,2,"(2-amino-1-hydroxyethyl)phosphonate:[SKiD_substrates,0.659]|glycerone phosphate:[SKiD_substrates,0.434]",active_site_compatibility;functional_group_match;herbicide_target_atlas_match;known_inhibitor_class_similarity;transition_state_mimicry,0.92,0.8393497969400001,inhibit_synergy_model_inference_requires_assay_validation
3ba500180286fdae,EPSP synthase,EPSPS,early_vegetative,(2-amino-1-hydroxyethyl)phosphonate;4-chlorosalicylate,2,"(2-amino-1-hydroxyethyl)phosphonate:[SKiD_substrates,0.701]|4-chlorosalicylate:[SKiD_substrates,0.320]",active_site_compatibility;functional_group_match;herbicide_target_atlas_match;known_inhibitor_class_similarity;transition_state_mimicry,0.92,0.8392886227292308,inhibit_synergy_model_inference_requires_assay_validation
31ad7935070cfdca,EPSP synthase,EPSPS,early_vegetative,2-hydroxyethylphosphonate;3-bromosalicylate,2,"2-hydroxyethylphosphonate:[SKiD_substrates,0.707]|3-bromosalicylate:[SKiD_substrates,0.320]",active_site_compatibility;functional_group_match;herbicide_target_atlas_match;known_inhibitor_class_similarity;transition_state_mimicry,0.92,0.8388517841697437,inhibit_synergy_model_inference_requires_assay_validation
38c3a1fd9bce09f8,EPSP synthase,EPSPS,early_vegetative,(2-amino-1-hydroxyethyl)phosphonate;3-bromosalicylate,2,"(2-amino-1-hydroxyethyl)phosphonate:[SKiD_substrates,0.701]|3-bromosalicylate:[SKiD_substrates,0.320]",active_site_compatibility;functional_group_match;herbicide_target_atlas_match;known_inhibitor_class_similarity;transition_state_mimicry,0.92,0.8387142770397437,inhibit_synergy_model_inference_requires_assay_validation
5895da88ebb2812c,hydroxycinnamate-CoA shikimate transferase,BAHD acyltransferase,early_vegetative,2-(2-hydroxyethylthio)ethanesulfonate;S-adenosyl-L-methionine,2,"2-(2-hydroxyethylthio)ethanesulfonate:[SKiD_substrates,0.536]|S-adenosyl-L-methionine:[SKiD_substrates,0.366]",active_site_compatibility;functional_group_match;herbicide_target_atlas_match;known_inhibitor_class_similarity;transition_state_mimicry,0.92,0.8382268829919064,inhibit_synergy_model_inference_requires_assay_validation
4fc45b7fe4fe7bc2,caffeoylshikimate esterase,BAHD acyltransferase,early_vegetative,2-(2-hydroxyethylthio)ethanesulfonate;S-adenosyl-L-methionine,2,"2-(2-hydroxyethylthio)ethanesulfonate:[SKiD_substrates,0.536]|S-adenosyl-L-methionine:[SKiD_substrates,0.366]",active_site_compatibility;functional_group_match;herbicide_target_atlas_match;known_inhibitor_class_similarity;transition_state_mimicry,0.92,0.8382268829919064,inhibit_synergy_model_inference_requires_assay_validation
68ca83c86cd55d25,hydroxycinnamoyl-CoA:shikimate hydroxycinnamoyl transferase 1,BAHD acyltransferase,early_vegetative,2-(2-hydroxyethylthio)ethanesulfonate;S-adenosyl-L-methionine,2,"2-(2-hydroxyethylthio)ethanesulfonate:[SKiD_substrates,0.536]|S-adenosyl-L-methionine:[SKiD_substrates,0.366]",active_site_compatibility;functional_group_match;herbicide_target_atlas_match;known_inhibitor_class_similarity;transition_state_mimicry,0.92,0.8382268829919064,inhibit_synergy_model_inference_requires_assay_validation
83e5fcb3f0eb8c5d,EPSP synthase,EPSPS,early_vegetative,2-(2-hydroxyethylthio)ethanesulfonate;Thionicotinamide,2,"2-(2-hydroxyethylthio)ethanesulfonate:[SKiD_substrates,0.578]|Thionicotinamide:[SKiD_substrates,0.396]",active_site_compatibility;functional_group_match;herbicide_target_atlas_match;transition_state_mimicry,0.92,0.8382056467776923,inhibit_synergy_model_inference_requires_assay_validation
6266fb182b4e287c,cellulase,CAZy,germination,2-(2-hydroxyethylthio)ethanesulfonate;Thionicotinamide,2,"2-(2-hydroxyethylthio)ethanesulfonate:[SKiD_substrates,0.578]|Thionicotinamide:[SKiD_substrates,0.396]",active_site_compatibility;functional_group_match;herbicide_target_atlas_match;transition_state_mimicry,0.92,0.8382056467776923,inhibit_synergy_model_inference_requires_assay_validation
b676d51add4640c6,EPSP synthase,EPSPS,early_vegetative,2-hydroxyethylphosphonate;isethionate,2,"2-hydroxyethylphosphonate:[SKiD_substrates,0.707]|isethionate:[SKiD_substrates,0.315]",active_site_compatibility;functional_group_match;herbicide_target_atlas_match;known_inhibitor_class_similarity;transition_state_mimicry,0.92,0.8375113942961538,inhibit_synergy_model_inference_requires_assay_validation
bef0be9d6a63260c,acetolactate synthase,ALS/AHAS,seedling_emergence,2-hydroxyethylphosphonate;isethionate,2,"2-hydroxyethylphosphonate:[SKiD_substrates,0.707]|isethionate:[SKiD_substrates,0.315]",active_site_compatibility;functional_group_match;herbicide_target_atlas_match;known_inhibitor_class_similarity;transition_state_mimicry,0.92,0.8375113942961538,inhibit_synergy_model_inference_requires_assay_validation
8c38f1803dd62244,acetolactate synthase,ALS/AHAS,seedling_emergence,(2-amino-1-hydroxyethyl)phosphonate;isethionate,2,"(2-amino-1-hydroxyethyl)phosphonate:[SKiD_substrates,0.701]|isethionate:[SKiD_substrates,0.315]",active_site_compatibility;functional_group_match;herbicide_target_atlas_match;known_inhibitor_class_similarity;transition_state_mimicry,0.92,0.8373738871661539,inhibit_synergy_model_inference_requires_assay_validation
c96b2da60b94ef18,EPSP synthase,EPSPS,early_vegetative,(2-amino-1-hydroxyethyl)phosphonate;isethionate,2,"(2-amino-1-hydroxyethyl)phosphonate:[SKiD_substrates,0.701]|isethionate:[SKiD_substrates,0.315]",active_site_compatibility;functional_group_match;herbicide_target_atlas_match;known_inhibitor_class_similarity;transition_state_mimicry,0.92,0.8373738871661539,inhibit_synergy_model_inference_requires_assay_validation
f0e55ce5d99a49ab,cellulase,CAZy,germination,2-(2-hydroxyethylthio)ethanesulfonate;2-Hydroxyoctanoate,2,"2-(2-hydroxyethylthio)ethanesulfonate:[SKiD_substrates,0.578]|2-Hydroxyoctanoate:[SKiD_substrates,0.387]",active_site_compatibility;functional_group_match;herbicide_target_atlas_match;transition_state_mimicry,0.92,0.837150847401282,inhibit_synergy_model_inference_requires_assay_validation
21c5ecdbb4af9e28,EPSP synthase,EPSPS,early_vegetative,2-(2-hydroxyethylthio)ethanesulfonate;2-Hydroxyoctanoate,2,"2-(2-hydroxyethylthio)ethanesulfonate:[SKiD_substrates,0.578]|2-Hydroxyoctanoate:[SKiD_substrates,0.387]",active_site_compatibility;functional_group_match;herbicide_target_atlas_match;transition_state_mimicry,0.92,0.837150847401282,inhibit_synergy_model_inference_requires_assay_validation
7560c0fd2447e54e,acetolactate synthase,ALS/AHAS,seedling_emergence,2-(2-hydroxyethylthio)ethanesulfonate;2-Hydroxyoctanoate,2,"2-(2-hydroxyethylthio)ethanesulfonate:[SKiD_substrates,0.578]|2-Hydroxyoctanoate:[SKiD_substrates,0.387]",active_site_compatibility;functional_group_match;herbicide_target_atlas_match;transition_state_mimicry,0.92,0.837150847401282,inhibit_synergy_model_inference_requires_assay_validation
626b0a6f1016dace,acetyl-CoA carboxylase,ACCase,vegetative_expansion,2-(2-hydroxyethylthio)ethanesulfonate;3-hydroxysalicylate,2,"2-(2-hydroxyethylthio)ethanesulfonate:[SKiD_substrates,0.578]|3-hydroxysalicylate:[SKiD_substrates,0.387]",active_site_compatibility;functional_group_match;herbicide_target_atlas_match;transition_state_mimicry,0.92,0.837142583386923,inhibit_synergy_model_inference_requires_assay_validation
af817360631dbab9,acetolactate synthase,ALS/AHAS,seedling_emergence,2-(2-hydroxyethylthio)ethanesulfonate;3-hydroxysalicylate,2,"2-(2-hydroxyethylthio)ethanesulfonate:[SKiD_substrates,0.578]|3-hydroxysalicylate:[SKiD_substrates,0.387]",active_site_compatibility;functional_group_match;herbicide_target_atlas_match;transition_state_mimicry,0.92,0.837142583386923,inhibit_synergy_model_inference_requires_assay_validation
46bc3403f9bde8bb,protoporphyrinogen oxidase,PPO,vegetative_expansion,2-(2-hydroxyethylthio)ethanesulfonate;4-hydroxysalicylate,2,"2-(2-hydroxyethylthio)ethanesulfonate:[SKiD_substrates,0.578]|4-hydroxysalicylate:[SKiD_substrates,0.387]",active_site_compatibility;functional_group_match;herbicide_target_atlas_match;transition_state_mimicry,0.92,0.837142583386923,inhibit_synergy_model_inference_requires_assay_validation
236791d7885229c5,cellulase,CAZy,germination,2-(2-hydroxyethylthio)ethanesulfonate;3-hydroxysalicylate,2,"2-(2-hydroxyethylthio)ethanesulfonate:[SKiD_substrates,0.578]|3-hydroxysalicylate:[SKiD_substrates,0.387]",active_site_compatibility;functional_group_match;herbicide_target_atlas_match;transition_state_mimicry,0.92,0.837142583386923,inhibit_synergy_model_inference_requires_assay_validation
70017fe1eb7780fe,EPSP synthase,EPSPS,early_vegetative,"1,4-benzoquinone;3,4-dihydroxybenzoate",2,"3,4-dihydroxybenzoate:[SKiD_substrates,0.542]|1,4-benzoquinone:[SKiD_substrates,0.364]",herbicide_target_atlas_match;known_inhibitor_class_similarity;natural_product_or_allelopathy_prior;ros_photosynthesis_disruption_prior,0.92,0.8368720638367225,inhibit_synergy_model_inference_requires_assay_validation
4a0cde6ac07fa0bd,acetyl-CoA carboxylase,ACCase,vegetative_expansion,"1,4-benzoquinone;3,4-dihydroxybenzoate",2,"3,4-dihydroxybenzoate:[SKiD_substrates,0.542]|1,4-benzoquinone:[SKiD_substrates,0.364]",herbicide_target_atlas_match;known_inhibitor_class_similarity;natural_product_or_allelopathy_prior;ros_photosynthesis_disruption_prior,0.92,0.8368720638367225,inhibit_synergy_model_inference_requires_assay_validation
576d3ca7c409ece7,cytochrome P450,Cytochrome P450,specialized_metabolism,"1,4-benzoquinone;3,4-dihydroxybenzoate",2,"3,4-dihydroxybenzoate:[SKiD_substrates,0.542]|1,4-benzoquinone:[SKiD_substrates,0.364]",herbicide_target_atlas_match;known_inhibitor_class_similarity;natural_product_or_allelopathy_prior;ros_photosynthesis_disruption_prior,0.92,0.8368720638367225,inhibit_synergy_model_inference_requires_assay_validation
5e0dc3303656375a,cellulase,CAZy,germination,"1,4-benzoquinone;3,4-dihydroxybenzoate",2,"3,4-dihydroxybenzoate:[SKiD_substrates,0.542]|1,4-benzoquinone:[SKiD_substrates,0.364]",herbicide_target_atlas_match;known_inhibitor_class_similarity;natural_product_or_allelopathy_prior;ros_photosynthesis_disruption_prior,0.92,0.8368720638367225,inhibit_synergy_model_inference_requires_assay_validation
00560abec92ccc65,photosystem II,PSII,early_vegetative,"1,4-benzoquinone;3,4-dihydroxybenzoate",2,"3,4-dihydroxybenzoate:[SKiD_substrates,0.542]|1,4-benzoquinone:[SKiD_substrates,0.364]",herbicide_target_atlas_match;known_inhibitor_class_similarity;natural_product_or_allelopathy_prior;ros_photosynthesis_disruption_prior,0.92,0.8368720638367225,inhibit_synergy_model_inference_requires_assay_validation
7432592c73852fef,acetolactate synthase,ALS/AHAS,seedling_emergence,"1,4-benzoquinone;3,4-dihydroxybenzoate",2,"3,4-dihydroxybenzoate:[SKiD_substrates,0.542]|1,4-benzoquinone:[SKiD_substrates,0.364]",herbicide_target_atlas_match;known_inhibitor_class_similarity;natural_product_or_allelopathy_prior;ros_photosynthesis_disruption_prior,0.92,0.8368720638367225,inhibit_synergy_model_inference_requires_assay_validation
992559f58ee08281,protoporphyrinogen oxidase,PPO,vegetative_expansion,"1,4-benzoquinone;3,4-dihydroxybenzoate",2,"3,4-dihydroxybenzoate:[SKiD_substrates,0.542]|1,4-benzoquinone:[SKiD_substrates,0.364]",herbicide_target_atlas_match;known_inhibitor_class_similarity;natural_product_or_allelopathy_prior;ros_photosynthesis_disruption_prior,0.92,0.8368720638367225,inhibit_synergy_model_inference_requires_assay_validation
813b088833e4a3a4,protoporphyrinogen oxidase,PPO,vegetative_expansion,2-(2-hydroxyethylthio)ethanesulfonate;3-hydroxypropanoic acid,2,"2-(2-hydroxyethylthio)ethanesulfonate:[SKiD_substrates,0.578]|3-hydroxypropanoic acid:[SKiD_substrates,0.385]",active_site_compatibility;functional_group_match;herbicide_target_atlas_match;transition_state_mimicry,0.92,0.8366447691338461,inhibit_synergy_model_inference_requires_assay_validation
6f687cb83b43a7c7,EPSP synthase,EPSPS,early_vegetative,2-(2-hydroxyethylthio)ethanesulfonate;3-hydroxypropanoic acid,2,"2-(2-hydroxyethylthio)ethanesulfonate:[SKiD_substrates,0.578]|3-hydroxypropanoic acid:[SKiD_substrates,0.385]",active_site_compatibility;functional_group_match;herbicide_target_atlas_match;transition_state_mimicry,0.92,0.8366447691338461,inhibit_synergy_model_inference_requires_assay_validation
773d527e8645c9dd,acetolactate synthase,ALS/AHAS,seedling_emergence,2-(2-hydroxyethylthio)ethanesulfonate;3-hydroxypropanoic acid,2,"2-(2-hydroxyethylthio)ethanesulfonate:[SKiD_substrates,0.578]|3-hydroxypropanoic acid:[SKiD_substrates,0.385]",active_site_compatibility;functional_group_match;herbicide_target_atlas_match;transition_state_mimicry,0.92,0.8366447691338461,inhibit_synergy_model_inference_requires_assay_validation
ea391abdf5230460,acetyl-CoA carboxylase,ACCase,vegetative_expansion,2-(2-hydroxyethylthio)ethanesulfonate;3-hydroxypropanoic acid,2,"2-(2-hydroxyethylthio)ethanesulfonate:[SKiD_substrates,0.578]|3-hydroxypropanoic acid:[SKiD_substrates,0.385]",active_site_compatibility;functional_group_match;herbicide_target_atlas_match;transition_state_mimicry,0.92,0.8366447691338461,inhibit_synergy_model_inference_requires_assay_validation
b8637a185c660b6f,cellulase,CAZy,germination,2-(2-hydroxyethylthio)ethanesulfonate;3-hydroxypropanoic acid,2,"2-(2-hydroxyethylthio)ethanesulfonate:[SKiD_substrates,0.578]|3-hydroxypropanoic acid:[SKiD_substrates,0.385]",active_site_compatibility;functional_group_match;herbicide_target_atlas_match;transition_state_mimicry,0.92,0.8366447691338461,inhibit_synergy_model_inference_requires_assay_validation
a96c20b68d7d5e68,photosystem II,PSII,early_vegetative,2-(2-hydroxyethylthio)ethanesulfonate;3-hydroxypropanoic acid,2,"2-(2-hydroxyethylthio)ethanesulfonate:[SKiD_substrates,0.578]|3-hydroxypropanoic acid:[SKiD_substrates,0.385]",active_site_compatibility;functional_group_match;herbicide_target_atlas_match;transition_state_mimicry,0.92,0.8366447691338461,inhibit_synergy_model_inference_requires_assay_validation
294a36804226e630,cytochrome P450,Cytochrome P450,specialized_metabolism,2-(2-hydroxyethylthio)ethanesulfonate;3-hydroxypropanoic acid,2,"2-(2-hydroxyethylthio)ethanesulfonate:[SKiD_substrates,0.578]|3-hydroxypropanoic acid:[SKiD_substrates,0.385]",active_site_compatibility;functional_group_match;herbicide_target_atlas_match;transition_state_mimicry,0.92,0.8366447691338461,inhibit_synergy_model_inference_requires_assay_validation
a440849a738b9948,photosystem II,PSII,early_vegetative,"3,4-dihydroxybenzoate;p-toluquinone",2,"3,4-dihydroxybenzoate:[SKiD_substrates,0.542]|p-toluquinone:[SKiD_substrates,0.362]",herbicide_target_atlas_match;known_inhibitor_class_similarity;natural_product_or_allelopathy_prior;ros_photosynthesis_disruption_prior,0.92,0.8350305977610702,inhibit_synergy_model_inference_requires_assay_validation
3f1dd5ea39cc930a,EPSP synthase,EPSPS,early_vegetative,2-hydroxyethylphosphonate;acetylpyridine,2,"2-hydroxyethylphosphonate:[SKiD_substrates,0.707]|acetylpyridine:[SKiD_substrates,0.304]",active_site_compatibility;functional_group_match;herbicide_target_atlas_match;known_inhibitor_class_similarity;transition_state_mimicry,0.92,0.8342196754217949,inhibit_synergy_model_inference_requires_assay_validation
1753e605f99c3e58,acetolactate synthase,ALS/AHAS,seedling_emergence,"2-chloro-1,4-benzoquinone;3,4-dihydroxybenzoate",2,"3,4-dihydroxybenzoate:[SKiD_substrates,0.542]|2-chloro-1,4-benzoquinone:[SKiD_substrates,0.361]",herbicide_target_atlas_match;known_inhibitor_class_similarity;natural_product_or_allelopathy_prior;ros_photosynthesis_disruption_prior,0.92,0.8340740843735117,inhibit_synergy_model_inference_requires_assay_validation
e351b9c1534e23ba,cellulase,CAZy,germination,"2-chloro-1,4-benzoquinone;3,4-dihydroxybenzoate",2,"3,4-dihydroxybenzoate:[SKiD_substrates,0.542]|2-chloro-1,4-benzoquinone:[SKiD_substrates,0.361]",herbicide_target_atlas_match;known_inhibitor_class_similarity;natural_product_or_allelopathy_prior;ros_photosynthesis_disruption_prior,0.92,0.8340740843735117,inhibit_synergy_model_inference_requires_assay_validation
6de6a1cfdf1c2c01,EPSP synthase,EPSPS,early_vegetative,"3,4-dihydroxybenzoate;methoxyhydroquinone",2,"3,4-dihydroxybenzoate:[SKiD_substrates,0.542]|methoxyhydroquinone:[SKiD_substrates,0.361]",herbicide_target_atlas_match;known_inhibitor_class_similarity;natural_product_or_allelopathy_prior;ros_photosynthesis_disruption_prior,0.92,0.83361880835097,inhibit_synergy_model_inference_requires_assay_validation
eecc52ceeaed6002,acetolactate synthase,ALS/AHAS,seedling_emergence,"3,4-dihydroxybenzoate;methoxyhydroquinone",2,"3,4-dihydroxybenzoate:[SKiD_substrates,0.542]|methoxyhydroquinone:[SKiD_substrates,0.361]",herbicide_target_atlas_match;known_inhibitor_class_similarity;natural_product_or_allelopathy_prior;ros_photosynthesis_disruption_prior,0.92,0.83361880835097,inhibit_synergy_model_inference_requires_assay_validation
c01ae77539fdab64,cellulase,CAZy,germination,"3,4-dihydroxybenzoate;hydroquinone",2,"3,4-dihydroxybenzoate:[SKiD_substrates,0.542]|hydroquinone:[SKiD_substrates,0.361]",herbicide_target_atlas_match;known_inhibitor_class_similarity;natural_product_or_allelopathy_prior;ros_photosynthesis_disruption_prior,0.92,0.8334473217337124,inhibit_synergy_model_inference_requires_assay_validation
ad439081ee93e56d,acetolactate synthase,ALS/AHAS,seedling_emergence,"1,2-naphthoquinone;3,4-dihydroxybenzoate",2,"3,4-dihydroxybenzoate:[SKiD_substrates,0.542]|1,2-naphthoquinone:[SKiD_substrates,0.358]",herbicide_target_atlas_match;known_inhibitor_class_similarity;natural_product_or_allelopathy_prior;ros_photosynthesis_disruption_prior,0.92,0.8310823696709698,inhibit_synergy_model_inference_requires_assay_validation
405b6fd162889a94,EPSP synthase,EPSPS,early_vegetative,2-(2-hydroxyethylthio)ethanesulfonate;3-indolelactate,2,"2-(2-hydroxyethylthio)ethanesulfonate:[SKiD_substrates,0.578]|3-indolelactate:[SKiD_substrates,0.352]",active_site_compatibility;functional_group_match;herbicide_target_atlas_match;transition_state_mimicry,0.92,0.8275650264971794,inhibit_synergy_model_inference_requires_assay_validation
8df56be9de488d5e,caffeoyl shikimate esterase,BAHD acyltransferase,early_vegetative,"3,4-dihydroxybenzoate;glycerone phosphate",2,"3,4-dihydroxybenzoate:[SKiD_substrates,0.500]|glycerone phosphate:[SKiD_substrates,0.434]",active_site_compatibility;herbicide_target_atlas_match;known_inhibitor_class_similarity;transition_state_mimicry,0.92,0.8259414840399999,inhibit_synergy_model_inference_requires_assay_validation
3aa43aaeee8af2f2,cellulase,CAZy,germination,2-hydroxyethylphosphonate;S-nitrosoglutathione,2,"2-hydroxyethylphosphonate:[SKiD_substrates,0.707]|S-nitrosoglutathione:[SKiD_substrates,0.269]",active_site_compatibility;functional_group_match;herbicide_target_atlas_match;known_inhibitor_class_similarity;transition_state_mimicry,0.92,0.8240299613953846,inhibit_synergy_model_inference_requires_assay_validation
33694da08d078b00,photosystem II,PSII,early_vegetative,2-(2-hydroxyethylthio)ethanesulfonate;5-Hydroxyuracil,2,"2-(2-hydroxyethylthio)ethanesulfonate:[SKiD_substrates,0.578]|5-Hydroxyuracil:[SKiD_substrates,0.356]",active_site_compatibility;functional_group_match;herbicide_target_atlas_match;transition_state_mimicry,0.92,0.8228928644084614,inhibit_synergy_model_inference_requires_assay_validation
5b700207b8d155e4,ribulose bisphosphate carboxylase oxygenase,RuBisCO,vegetative_expansion,2-Hydroxyoctanoate;2-hydroxyethylphosphonate,2,"2-hydroxyethylphosphonate:[SKiD_substrates,0.665]|2-Hydroxyoctanoate:[SKiD_substrates,0.345]",active_site_compatibility;functional_group_match;herbicide_target_atlas_match;known_inhibitor_class_similarity;transition_state_mimicry,0.92,0.8226970708520513,inhibit_synergy_model_inference_requires_assay_validation
fdb816cfc25542e5,phosphoenolpyruvate carboxylase,PEPC,vegetative_expansion,2-Hydroxyoctanoate;2-hydroxyethylphosphonate,2,"2-hydroxyethylphosphonate:[SKiD_substrates,0.665]|2-Hydroxyoctanoate:[SKiD_substrates,0.345]",active_site_compatibility;functional_group_match;herbicide_target_atlas_match;known_inhibitor_class_similarity;transition_state_mimicry,0.92,0.8226970708520513,inhibit_synergy_model_inference_requires_assay_validation
c9605238600fcb65,peroxidase,Peroxidase,stress_response,2-Hydroxyoctanoate;2-hydroxyethylphosphonate,2,"2-hydroxyethylphosphonate:[SKiD_substrates,0.665]|2-Hydroxyoctanoate:[SKiD_substrates,0.345]",active_site_compatibility;functional_group_match;herbicide_target_atlas_match;known_inhibitor_class_similarity;transition_state_mimicry,0.92,0.8226970708520513,inhibit_synergy_model_inference_requires_assay_validation
2d7de9e9395137e1,hydroxycinnamoyl-CoA:shikimate hydroxycinnamoyl transferase 1,BAHD acyltransferase,early_vegetative,2-hydroxyethylphosphonate;3-hydroxysalicylate,2,"2-hydroxyethylphosphonate:[SKiD_substrates,0.665]|3-hydroxysalicylate:[SKiD_substrates,0.345]",active_site_compatibility;functional_group_match;herbicide_target_atlas_match;known_inhibitor_class_similarity;transition_state_mimicry,0.92,0.8226888068376923,inhibit_synergy_model_inference_requires_assay_validation
c6f0445828a5280d,caffeoylshikimate esterase,BAHD acyltransferase,early_vegetative,2-hydroxyethylphosphonate;3-hydroxysalicylate,2,"2-hydroxyethylphosphonate:[SKiD_substrates,0.665]|3-hydroxysalicylate:[SKiD_substrates,0.345]",active_site_compatibility;functional_group_match;herbicide_target_atlas_match;known_inhibitor_class_similarity;transition_state_mimicry,0.92,0.8226888068376923,inhibit_synergy_model_inference_requires_assay_validation
65761eb2c0af7ee8,acetolactate synthase,ALS/AHAS,seedling_emergence,2-(2-hydroxyethylthio)ethanesulfonate;2-hydroxypentanoate,2,"2-(2-hydroxyethylthio)ethanesulfonate:[SKiD_substrates,0.578]|2-hydroxypentanoate:[SKiD_substrates,0.355]",active_site_compatibility;functional_group_match;herbicide_target_atlas_match;transition_state_mimicry,0.92,0.8226460033046153,inhibit_synergy_model_inference_requires_assay_validation
31830f00d7836643,hydroxycinnamate-CoA shikimate transferase,BAHD acyltransferase,early_vegetative,(2-amino-1-hydroxyethyl)phosphonate;2-Hydroxyoctanoate,2,"(2-amino-1-hydroxyethyl)phosphonate:[SKiD_substrates,0.659]|2-Hydroxyoctanoate:[SKiD_substrates,0.345]",active_site_compatibility;functional_group_match;herbicide_target_atlas_match;known_inhibitor_class_similarity;transition_state_mimicry,0.92,0.8225595637220513,inhibit_synergy_model_inference_requires_assay_validation
bbf9056e2bfa9b41,phosphoenolpyruvate carboxylase,PEPC,vegetative_expansion,(2-amino-1-hydroxyethyl)phosphonate;2-Hydroxyoctanoate,2,"(2-amino-1-hydroxyethyl)phosphonate:[SKiD_substrates,0.659]|2-Hydroxyoctanoate:[SKiD_substrates,0.345]",active_site_compatibility;functional_group_match;herbicide_target_atlas_match;known_inhibitor_class_similarity;transition_state_mimicry,0.92,0.8225595637220513,inhibit_synergy_model_inference_requires_assay_validation
77389cad200d5671,caffeoylshikimate esterase,BAHD acyltransferase,early_vegetative,(2-amino-1-hydroxyethyl)phosphonate;2-Hydroxyoctanoate,2,"(2-amino-1-hydroxyethyl)phosphonate:[SKiD_substrates,0.659]|2-Hydroxyoctanoate:[SKiD_substrates,0.345]",active_site_compatibility;functional_group_match;herbicide_target_atlas_match;known_inhibitor_class_similarity;transition_state_mimicry,0.92,0.8225595637220513,inhibit_synergy_model_inference_requires_assay_validation
f8a0af4813f4fded,hydroxycinnamoyl-CoA:shikimate hydroxycinnamoyl transferase 1,BAHD acyltransferase,early_vegetative,(2-amino-1-hydroxyethyl)phosphonate;2-Hydroxyoctanoate,2,"(2-amino-1-hydroxyethyl)phosphonate:[SKiD_substrates,0.659]|2-Hydroxyoctanoate:[SKiD_substrates,0.345]",active_site_compatibility;functional_group_match;herbicide_target_atlas_match;known_inhibitor_class_similarity;transition_state_mimicry,0.92,0.8225595637220513,inhibit_synergy_model_inference_requires_assay_validation
f70d6507ee7dcdee,ribulose bisphosphate carboxylase oxygenase,RuBisCO,vegetative_expansion,(2-amino-1-hydroxyethyl)phosphonate;2-Hydroxyoctanoate,2,"(2-amino-1-hydroxyethyl)phosphonate:[SKiD_substrates,0.659]|2-Hydroxyoctanoate:[SKiD_substrates,0.345]",active_site_compatibility;functional_group_match;herbicide_target_atlas_match;known_inhibitor_class_similarity;transition_state_mimicry,0.92,0.8225595637220513,inhibit_synergy_model_inference_requires_assay_validation
19466ac47175ddd9,caffeoyl shikimate esterase,BAHD acyltransferase,early_vegetative,(2-amino-1-hydroxyethyl)phosphonate;2-Hydroxyoctanoate,2,"(2-amino-1-hydroxyethyl)phosphonate:[SKiD_substrates,0.659]|2-Hydroxyoctanoate:[SKiD_substrates,0.345]",active_site_compatibility;functional_group_match;herbicide_target_atlas_match;known_inhibitor_class_similarity;transition_state_mimicry,0.92,0.8225595637220513,inhibit_synergy_model_inference_requires_assay_validation
e06fa7e612390b06,caffeoylshikimate esterase,BAHD acyltransferase,early_vegetative,(2-amino-1-hydroxyethyl)phosphonate;3-hydroxysalicylate,2,"(2-amino-1-hydroxyethyl)phosphonate:[SKiD_substrates,0.659]|3-hydroxysalicylate:[SKiD_substrates,0.345]",active_site_compatibility;functional_group_match;herbicide_target_atlas_match;known_inhibitor_class_similarity;transition_state_mimicry,0.92,0.8225512997076923,inhibit_synergy_model_inference_requires_assay_validation
792380780d03baab,hydroxycinnamoyl-CoA:shikimate hydroxycinnamoyl transferase 1,BAHD acyltransferase,early_vegetative,(2-amino-1-hydroxyethyl)phosphonate;3-hydroxysalicylate,2,"(2-amino-1-hydroxyethyl)phosphonate:[SKiD_substrates,0.659]|3-hydroxysalicylate:[SKiD_substrates,0.345]",active_site_compatibility;functional_group_match;herbicide_target_atlas_match;known_inhibitor_class_similarity;transition_state_mimicry,0.92,0.8225512997076923,inhibit_synergy_model_inference_requires_assay_validation
5dee76626b4b1bf1,phosphoenolpyruvate carboxylase,PEPC,vegetative_expansion,2-hydroxyethylphosphonate;3-hydroxypropanoic acid,2,"2-hydroxyethylphosphonate:[SKiD_substrates,0.665]|3-hydroxypropanoic acid:[SKiD_substrates,0.343]",active_site_compatibility;functional_group_match;herbicide_target_atlas_match;known_inhibitor_class_similarity;transition_state_mimicry,0.92,0.8221909925846154,inhibit_synergy_model_inference_requires_assay_validation
71e9f5cddede5e72,ribulose bisphosphate carboxylase oxygenase,RuBisCO,vegetative_expansion,2-hydroxyethylphosphonate;3-hydroxypropanoic acid,2,"2-hydroxyethylphosphonate:[SKiD_substrates,0.665]|3-hydroxypropanoic acid:[SKiD_substrates,0.343]",active_site_compatibility;functional_group_match;herbicide_target_atlas_match;known_inhibitor_class_similarity;transition_state_mimicry,0.92,0.8221909925846154,inhibit_synergy_model_inference_requires_assay_validation
6cb96a8334cad9db,peroxidase,Peroxidase,stress_response,2-hydroxyethylphosphonate;3-hydroxypropanoic acid,2,"2-hydroxyethylphosphonate:[SKiD_substrates,0.665]|3-hydroxypropanoic acid:[SKiD_substrates,0.343]",active_site_compatibility;functional_group_match;herbicide_target_atlas_match;known_inhibitor_class_similarity;transition_state_mimicry,0.92,0.8221909925846154,inhibit_synergy_model_inference_requires_assay_validation
966368c1f9345d1e,peroxidase,Peroxidase,stress_response,(2-amino-1-hydroxyethyl)phosphonate;3-hydroxypropanoic acid,2,"(2-amino-1-hydroxyethyl)phosphonate:[SKiD_substrates,0.659]|3-hydroxypropanoic acid:[SKiD_substrates,0.343]",active_site_compatibility;functional_group_match;herbicide_target_atlas_match;known_inhibitor_class_similarity;transition_state_mimicry,0.92,0.8220534854546155,inhibit_synergy_model_inference_requires_assay_validation
f419e3c776bd4e45,phosphoenolpyruvate carboxylase,PEPC,vegetative_expansion,(2-amino-1-hydroxyethyl)phosphonate;3-hydroxypropanoic acid,2,"(2-amino-1-hydroxyethyl)phosphonate:[SKiD_substrates,0.659]|3-hydroxypropanoic acid:[SKiD_substrates,0.343]",active_site_compatibility;functional_group_match;herbicide_target_atlas_match;known_inhibitor_class_similarity;transition_state_mimicry,0.92,0.8220534854546155,inhibit_synergy_model_inference_requires_assay_validation
718267ce1ab1ec20,ribulose bisphosphate carboxylase oxygenase,RuBisCO,vegetative_expansion,(2-amino-1-hydroxyethyl)phosphonate;3-hydroxypropanoic acid,2,"(2-amino-1-hydroxyethyl)phosphonate:[SKiD_substrates,0.659]|3-hydroxypropanoic acid:[SKiD_substrates,0.343]",active_site_compatibility;functional_group_match;herbicide_target_atlas_match;known_inhibitor_class_similarity;transition_state_mimicry,0.92,0.8220534854546155,inhibit_synergy_model_inference_requires_assay_validation
e5ee2d88901920a6,phosphoenolpyruvate carboxylase,PEPC,vegetative_expansion,"1,4-benzoquinone;2-hydroxyethylphosphonate",2,"2-hydroxyethylphosphonate:[SKiD_substrates,0.665]|1,4-benzoquinone:[SKiD_substrates,0.322]",active_site_compatibility;functional_group_match;herbicide_target_atlas_match;known_inhibitor_class_similarity;natural_product_or_allelopathy_prior;ros_photosynthesis_disruption_prior;transition_state_mimicry,0.92,0.8204298873179487,inhibit_synergy_model_inference_requires_assay_validation
097d97f88cab8c0d,ribulose bisphosphate carboxylase oxygenase,RuBisCO,vegetative_expansion,"1,4-benzoquinone;2-hydroxyethylphosphonate",2,"2-hydroxyethylphosphonate:[SKiD_substrates,0.665]|1,4-benzoquinone:[SKiD_substrates,0.322]",active_site_compatibility;functional_group_match;herbicide_target_atlas_match;known_inhibitor_class_similarity;natural_product_or_allelopathy_prior;ros_photosynthesis_disruption_prior;transition_state_mimicry,0.92,0.8204298873179487,inhibit_synergy_model_inference_requires_assay_validation
d300b51a93886359,peroxidase,Peroxidase,stress_response,"1,4-benzoquinone;2-hydroxyethylphosphonate",2,"2-hydroxyethylphosphonate:[SKiD_substrates,0.665]|1,4-benzoquinone:[SKiD_substrates,0.322]",active_site_compatibility;functional_group_match;herbicide_target_atlas_match;known_inhibitor_class_similarity;natural_product_or_allelopathy_prior;ros_photosynthesis_disruption_prior;transition_state_mimicry,0.92,0.8204298873179487,inhibit_synergy_model_inference_requires_assay_validation
0648607bd7b5688a,ribulose bisphosphate carboxylase oxygenase,RuBisCO,vegetative_expansion,"(2-amino-1-hydroxyethyl)phosphonate;1,4-benzoquinone",2,"(2-amino-1-hydroxyethyl)phosphonate:[SKiD_substrates,0.659]|1,4-benzoquinone:[SKiD_substrates,0.322]",active_site_compatibility;functional_group_match;herbicide_target_atlas_match;known_inhibitor_class_similarity;natural_product_or_allelopathy_prior;ros_photosynthesis_disruption_prior;transition_state_mimicry,0.92,0.8202923801879487,inhibit_synergy_model_inference_requires_assay_validation
43d7c5c01dde56d9,caffeoyl shikimate esterase,BAHD acyltransferase,early_vegetative,"(2-amino-1-hydroxyethyl)phosphonate;1,4-benzoquinone",2,"(2-amino-1-hydroxyethyl)phosphonate:[SKiD_substrates,0.659]|1,4-benzoquinone:[SKiD_substrates,0.322]",active_site_compatibility;functional_group_match;herbicide_target_atlas_match;known_inhibitor_class_similarity;natural_product_or_allelopathy_prior;ros_photosynthesis_disruption_prior;transition_state_mimicry,0.92,0.8202923801879487,inhibit_synergy_model_inference_requires_assay_validation
41233a8654fc0b3c,hydroxycinnamate-CoA shikimate transferase,BAHD acyltransferase,early_vegetative,"(2-amino-1-hydroxyethyl)phosphonate;1,4-benzoquinone",2,"(2-amino-1-hydroxyethyl)phosphonate:[SKiD_substrates,0.659]|1,4-benzoquinone:[SKiD_substrates,0.322]",active_site_compatibility;functional_group_match;herbicide_target_atlas_match;known_inhibitor_class_similarity;natural_product_or_allelopathy_prior;ros_photosynthesis_disruption_prior;transition_state_mimicry,0.92,0.8202923801879487,inhibit_synergy_model_inference_requires_assay_validation
337097282ebd7a6c,phosphoenolpyruvate carboxylase,PEPC,vegetative_expansion,"(2-amino-1-hydroxyethyl)phosphonate;1,4-benzoquinone",2,"(2-amino-1-hydroxyethyl)phosphonate:[SKiD_substrates,0.659]|1,4-benzoquinone:[SKiD_substrates,0.322]",active_site_compatibility;functional_group_match;herbicide_target_atlas_match;known_inhibitor_class_similarity;natural_product_or_allelopathy_prior;ros_photosynthesis_disruption_prior;transition_state_mimicry,0.92,0.8202923801879487,inhibit_synergy_model_inference_requires_assay_validation
48d2b9a4288b1b58,caffeoylshikimate esterase,BAHD acyltransferase,early_vegetative,"(2-amino-1-hydroxyethyl)phosphonate;1,4-benzoquinone",2,"(2-amino-1-hydroxyethyl)phosphonate:[SKiD_substrates,0.659]|1,4-benzoquinone:[SKiD_substrates,0.322]",active_site_compatibility;functional_group_match;herbicide_target_atlas_match;known_inhibitor_class_similarity;natural_product_or_allelopathy_prior;ros_photosynthesis_disruption_prior;transition_state_mimicry,0.92,0.8202923801879487,inhibit_synergy_model_inference_requires_assay_validation
51a7b6827b488984,hydroxycinnamoyl-CoA:shikimate hydroxycinnamoyl transferase 1,BAHD acyltransferase,early_vegetative,"(2-amino-1-hydroxyethyl)phosphonate;1,4-benzoquinone",2,"(2-amino-1-hydroxyethyl)phosphonate:[SKiD_substrates,0.659]|1,4-benzoquinone:[SKiD_substrates,0.322]",active_site_compatibility;functional_group_match;herbicide_target_atlas_match;known_inhibitor_class_similarity;natural_product_or_allelopathy_prior;ros_photosynthesis_disruption_prior;transition_state_mimicry,0.92,0.8202923801879487,inhibit_synergy_model_inference_requires_assay_validation
4ca4ac40c49d833f,GH3 acyl adenylase-family enzyme,BAHD acyltransferase,germination,2-(2-hydroxyethylthio)ethanesulfonate;4-hydroxybenzoate,2,"2-(2-hydroxyethylthio)ethanesulfonate:[SKiD_substrates,0.470]|4-hydroxybenzoate:[SKiD_substrates,0.429]",active_site_compatibility;functional_group_match;herbicide_target_atlas_match;known_inhibitor_class_similarity;transition_state_mimicry,0.92,0.8202811499147827,inhibit_synergy_model_inference_requires_assay_validation
a76e0fa2ba7be305,GH157,GH,germination,2-(2-hydroxyethylthio)ethanesulfonate;4-hydroxybenzoate,2,"2-(2-hydroxyethylthio)ethanesulfonate:[SKiD_substrates,0.470]|4-hydroxybenzoate:[SKiD_substrates,0.429]",active_site_compatibility;functional_group_match;herbicide_target_atlas_match;known_inhibitor_class_similarity;transition_state_mimicry,0.92,0.8202811499147827,inhibit_synergy_model_inference_requires_assay_validation
9b61c4c02fee7876,acetolactate synthase,ALS/AHAS,seedling_emergence,"(2S)-3-carboxy-N-(fluoromethyl)-2-hydroxy-N N-dimethylpropan-1-aminium;1,4-benzoquinone",2,"(2S)-3-carboxy-N-(fluoromethyl)-2-hydroxy-N N-dimethylpropan-1-aminium:[SKiD_substrates,0.505]|1,4-benzoquinone:[SKiD_substrates,0.364]",herbicide_target_atlas_match;known_inhibitor_class_similarity;natural_product_or_allelopathy_prior;ros_photosynthesis_disruption_prior,0.92,0.8200785011216946,inhibit_synergy_model_inference_requires_assay_validation
bb56f2f4a0765565,EPSP synthase,EPSPS,early_vegetative,"(2S)-3-carboxy-N-(fluoromethyl)-2-hydroxy-N N-dimethylpropan-1-aminium;1,4-benzoquinone",2,"(2S)-3-carboxy-N-(fluoromethyl)-2-hydroxy-N N-dimethylpropan-1-aminium:[SKiD_substrates,0.505]|1,4-benzoquinone:[SKiD_substrates,0.364]",herbicide_target_atlas_match;known_inhibitor_class_similarity;natural_product_or_allelopathy_prior;ros_photosynthesis_disruption_prior,0.92,0.8200785011216946,inhibit_synergy_model_inference_requires_assay_validation
2afc4ff518653ec5,hydroxycinnamate-CoA shikimate transferase,BAHD acyltransferase,early_vegetative,2-hydroxyethylphosphonate;p-toluquinone,2,"2-hydroxyethylphosphonate:[SKiD_substrates,0.665]|p-toluquinone:[SKiD_substrates,0.320]",active_site_compatibility;functional_group_match;herbicide_target_atlas_match;known_inhibitor_class_similarity;natural_product_or_allelopathy_prior;ros_photosynthesis_disruption_prior;transition_state_mimicry,0.92,0.8193324106879487,inhibit_synergy_model_inference_requires_assay_validation
aa4f12946a356547,caffeoyl shikimate esterase,BAHD acyltransferase,early_vegetative,2-hydroxyethylphosphonate;p-toluquinone,2,"2-hydroxyethylphosphonate:[SKiD_substrates,0.665]|p-toluquinone:[SKiD_substrates,0.320]",active_site_compatibility;functional_group_match;herbicide_target_atlas_match;known_inhibitor_class_similarity;natural_product_or_allelopathy_prior;ros_photosynthesis_disruption_prior;transition_state_mimicry,0.92,0.8193324106879487,inhibit_synergy_model_inference_requires_assay_validation
49e6475b2624076a,caffeoylshikimate esterase,BAHD acyltransferase,early_vegetative,2-hydroxyethylphosphonate;p-toluquinone,2,"2-hydroxyethylphosphonate:[SKiD_substrates,0.665]|p-toluquinone:[SKiD_substrates,0.320]",active_site_compatibility;functional_group_match;herbicide_target_atlas_match;known_inhibitor_class_similarity;natural_product_or_allelopathy_prior;ros_photosynthesis_disruption_prior;transition_state_mimicry,0.92,0.8193324106879487,inhibit_synergy_model_inference_requires_assay_validation
aa4ccf52cb41059b,hydroxycinnamate-CoA shikimate transferase,BAHD acyltransferase,early_vegetative,(2-amino-1-hydroxyethyl)phosphonate;p-toluquinone,2,"(2-amino-1-hydroxyethyl)phosphonate:[SKiD_substrates,0.659]|p-toluquinone:[SKiD_substrates,0.320]",active_site_compatibility;functional_group_match;herbicide_target_atlas_match;known_inhibitor_class_similarity;natural_product_or_allelopathy_prior;ros_photosynthesis_disruption_prior;transition_state_mimicry,0.92,0.8191949035579489,inhibit_synergy_model_inference_requires_assay_validation
29be88cf6428682a,caffeoyl shikimate esterase,BAHD acyltransferase,early_vegetative,(2-amino-1-hydroxyethyl)phosphonate;p-toluquinone,2,"(2-amino-1-hydroxyethyl)phosphonate:[SKiD_substrates,0.659]|p-toluquinone:[SKiD_substrates,0.320]",active_site_compatibility;functional_group_match;herbicide_target_atlas_match;known_inhibitor_class_similarity;natural_product_or_allelopathy_prior;ros_photosynthesis_disruption_prior;transition_state_mimicry,0.92,0.8191949035579489,inhibit_synergy_model_inference_requires_assay_validation
543b306954ddfbc7,caffeoylshikimate esterase,BAHD acyltransferase,early_vegetative,(2-amino-1-hydroxyethyl)phosphonate;p-toluquinone,2,"(2-amino-1-hydroxyethyl)phosphonate:[SKiD_substrates,0.659]|p-toluquinone:[SKiD_substrates,0.320]",active_site_compatibility;functional_group_match;herbicide_target_atlas_match;known_inhibitor_class_similarity;natural_product_or_allelopathy_prior;ros_photosynthesis_disruption_prior;transition_state_mimicry,0.92,0.8191949035579489,inhibit_synergy_model_inference_requires_assay_validation
4573f58cd7c8c752,caffeoyl shikimate esterase,BAHD acyltransferase,early_vegetative,2-(2-hydroxyethylthio)ethanesulfonate;glycerone phosphate,2,"2-(2-hydroxyethylthio)ethanesulfonate:[SKiD_substrates,0.536]|glycerone phosphate:[SKiD_substrates,0.434]",active_site_compatibility;functional_group_match;herbicide_target_atlas_match;transition_state_mimicry,0.92,0.8189410806192308,inhibit_synergy_model_inference_requires_assay_validation
c39ffcb82d48fa7d,GH13_11,GH,germination,2-(2-hydroxyethylthio)ethanesulfonate;2-hydroxyethylphosphonate,2,"2-hydroxyethylphosphonate:[SKiD_substrates,0.599]|2-(2-hydroxyethylthio)ethanesulfonate:[SKiD_substrates,0.470]",active_site_compatibility;functional_group_match;herbicide_target_atlas_match;known_inhibitor_class_similarity;transition_state_mimicry,0.92,0.8185088289123077,inhibit_synergy_model_inference_requires_assay_validation
792853d4f819871c,GH43_13,GH,germination,2-(2-hydroxyethylthio)ethanesulfonate;2-hydroxyethylphosphonate,2,"2-hydroxyethylphosphonate:[SKiD_substrates,0.599]|2-(2-hydroxyethylthio)ethanesulfonate:[SKiD_substrates,0.470]",active_site_compatibility;functional_group_match;herbicide_target_atlas_match;known_inhibitor_class_similarity;transition_state_mimicry,0.92,0.8185088289123077,inhibit_synergy_model_inference_requires_assay_validation
eca542b59b02f11f,alpha-amylase,amylase,germination,2-(2-hydroxyethylthio)ethanesulfonate;2-hydroxyethylphosphonate,2,"2-hydroxyethylphosphonate:[SKiD_substrates,0.599]|2-(2-hydroxyethylthio)ethanesulfonate:[SKiD_substrates,0.470]",active_site_compatibility;functional_group_match;herbicide_target_atlas_match;known_inhibitor_class_similarity;transition_state_mimicry,0.92,0.8185088289123077,inhibit_synergy_model_inference_requires_assay_validation
64095c657cdb63ec,GH5_21,GH,germination,2-(2-hydroxyethylthio)ethanesulfonate;2-hydroxyethylphosphonate,2,"2-hydroxyethylphosphonate:[SKiD_substrates,0.599]|2-(2-hydroxyethylthio)ethanesulfonate:[SKiD_substrates,0.470]",active_site_compatibility;functional_group_match;herbicide_target_atlas_match;known_inhibitor_class_similarity;transition_state_mimicry,0.92,0.8185088289123077,inhibit_synergy_model_inference_requires_assay_validation
b1ec55124b0e9666,Drought-Induced Branched-Chain Amino Acid Aminotransferase,Aminotransferase,germination,2-(2-hydroxyethylthio)ethanesulfonate;2-hydroxyethylphosphonate,2,"2-hydroxyethylphosphonate:[SKiD_substrates,0.599]|2-(2-hydroxyethylthio)ethanesulfonate:[SKiD_substrates,0.470]",active_site_compatibility;functional_group_match;herbicide_target_atlas_match;known_inhibitor_class_similarity;transition_state_mimicry,0.92,0.8185088289123077,inhibit_synergy_model_inference_requires_assay_validation
79ac80b176ec28ed,Isochorismoyl-Glutamate Synthase; GH3 acyl adenylase-family enzyme,BAHD acyltransferase,germination,2-(2-hydroxyethylthio)ethanesulfonate;2-hydroxyethylphosphonate,2,"2-hydroxyethylphosphonate:[SKiD_substrates,0.599]|2-(2-hydroxyethylthio)ethanesulfonate:[SKiD_substrates,0.470]",active_site_compatibility;functional_group_match;herbicide_target_atlas_match;known_inhibitor_class_similarity;transition_state_mimicry,0.92,0.8185088289123077,inhibit_synergy_model_inference_requires_assay_validation
778be5abcf53cbda,BAHD acyltransferase,BAHD acyltransferase,cell_wall_secondary_growth,2-(2-hydroxyethylthio)ethanesulfonate;2-hydroxyethylphosphonate,2,"2-hydroxyethylphosphonate:[SKiD_substrates,0.599]|2-(2-hydroxyethylthio)ethanesulfonate:[SKiD_substrates,0.470]",active_site_compatibility;functional_group_match;herbicide_target_atlas_match;known_inhibitor_class_similarity;transition_state_mimicry,0.92,0.8185088289123077,inhibit_synergy_model_inference_requires_assay_validation
eccb5cc9dd12ba9a,GH169,GH,germination,2-(2-hydroxyethylthio)ethanesulfonate;2-hydroxyethylphosphonate,2,"2-hydroxyethylphosphonate:[SKiD_substrates,0.599]|2-(2-hydroxyethylthio)ethanesulfonate:[SKiD_substrates,0.470]",active_site_compatibility;functional_group_match;herbicide_target_atlas_match;known_inhibitor_class_similarity;transition_state_mimicry,0.92,0.8185088289123077,inhibit_synergy_model_inference_requires_assay_validation
f3a40d9da325d4b2,Drought-Induced Branched-Chain Amino Acid Aminotransferase,Aminotransferase,germination,(2-amino-1-hydroxyethyl)phosphonate;2-(2-hydroxyethylthio)ethanesulfonate,2,"(2-amino-1-hydroxyethyl)phosphonate:[SKiD_substrates,0.593]|2-(2-hydroxyethylthio)ethanesulfonate:[SKiD_substrates,0.470]",active_site_compatibility;functional_group_match;herbicide_target_atlas_match;known_inhibitor_class_similarity;transition_state_mimicry,0.92,0.8183713217823078,inhibit_synergy_model_inference_requires_assay_validation
2652ab6891910d5d,alpha-amylase,amylase,germination,(2-amino-1-hydroxyethyl)phosphonate;2-(2-hydroxyethylthio)ethanesulfonate,2,"(2-amino-1-hydroxyethyl)phosphonate:[SKiD_substrates,0.593]|2-(2-hydroxyethylthio)ethanesulfonate:[SKiD_substrates,0.470]",active_site_compatibility;functional_group_match;herbicide_target_atlas_match;known_inhibitor_class_similarity;transition_state_mimicry,0.92,0.8183713217823078,inhibit_synergy_model_inference_requires_assay_validation
9e1b1f5c4fd556c9,photosystem II,PSII,early_vegetative,(2S)-3-carboxy-N-(fluoromethyl)-2-hydroxy-N N-dimethylpropan-1-aminium;p-toluquinone,2,"(2S)-3-carboxy-N-(fluoromethyl)-2-hydroxy-N N-dimethylpropan-1-aminium:[SKiD_substrates,0.505]|p-toluquinone:[SKiD_substrates,0.362]",herbicide_target_atlas_match;known_inhibitor_class_similarity;natural_product_or_allelopathy_prior;ros_photosynthesis_disruption_prior,0.92,0.8182370350460424,inhibit_synergy_model_inference_requires_assay_validation
00367eb4a994a2ea,photosystem II,PSII,early_vegetative,"(2S)-3-carboxy-N-(fluoromethyl)-2-hydroxy-N N-dimethylpropan-1-aminium;2-chloro-1,4-benzoquinone",2,"(2S)-3-carboxy-N-(fluoromethyl)-2-hydroxy-N N-dimethylpropan-1-aminium:[SKiD_substrates,0.505]|2-chloro-1,4-benzoquinone:[SKiD_substrates,0.361]",herbicide_target_atlas_match;known_inhibitor_class_similarity;natural_product_or_allelopathy_prior;ros_photosynthesis_disruption_prior,0.92,0.8172805216584839,inhibit_synergy_model_inference_requires_assay_validation
e32f2bdd710631bb,protoporphyrinogen oxidase,PPO,vegetative_expansion,"(2S)-3-carboxy-N-(fluoromethyl)-2-hydroxy-N N-dimethylpropan-1-aminium;2-chloro-1,4-benzoquinone",2,"(2S)-3-carboxy-N-(fluoromethyl)-2-hydroxy-N N-dimethylpropan-1-aminium:[SKiD_substrates,0.505]|2-chloro-1,4-benzoquinone:[SKiD_substrates,0.361]",herbicide_target_atlas_match;known_inhibitor_class_similarity;natural_product_or_allelopathy_prior;ros_photosynthesis_disruption_prior,0.92,0.8172805216584839,inhibit_synergy_model_inference_requires_assay_validation
ded349e5339604cf,acetyl-CoA carboxylase,ACCase,vegetative_expansion,(2S)-3-carboxy-N-(fluoromethyl)-2-hydroxy-N N-dimethylpropan-1-aminium;hydroquinone,2,"(2S)-3-carboxy-N-(fluoromethyl)-2-hydroxy-N N-dimethylpropan-1-aminium:[SKiD_substrates,0.505]|hydroquinone:[SKiD_substrates,0.361]",herbicide_target_atlas_match;known_inhibitor_class_similarity;natural_product_or_allelopathy_prior;ros_photosynthesis_disruption_prior,0.92,0.8166537590186845,inhibit_synergy_model_inference_requires_assay_validation
ccfa21cfaebe6cc8,phosphoenolpyruvate carboxylase,PEPC,vegetative_expansion,"1,4-benzoquinone;2-(2-hydroxyethylthio)ethanesulfonate",2,"2-(2-hydroxyethylthio)ethanesulfonate:[SKiD_substrates,0.536]|1,4-benzoquinone:[SKiD_substrates,0.322]",active_site_compatibility;functional_group_match;herbicide_target_atlas_match;natural_product_or_allelopathy_prior;ros_photosynthesis_disruption_prior;transition_state_mimicry,0.92,0.8162910216208026,inhibit_synergy_model_inference_requires_assay_validation
2814f26e3443ac6f,caffeoylshikimate esterase,BAHD acyltransferase,early_vegetative,"1,4-benzoquinone;2-(2-hydroxyethylthio)ethanesulfonate",2,"2-(2-hydroxyethylthio)ethanesulfonate:[SKiD_substrates,0.536]|1,4-benzoquinone:[SKiD_substrates,0.322]",active_site_compatibility;functional_group_match;herbicide_target_atlas_match;natural_product_or_allelopathy_prior;ros_photosynthesis_disruption_prior;transition_state_mimicry,0.92,0.8162910216208026,inhibit_synergy_model_inference_requires_assay_validation
7676a9ee562c2c2b,hydroxycinnamate-CoA shikimate transferase,BAHD acyltransferase,early_vegetative,"1,4-benzoquinone;2-(2-hydroxyethylthio)ethanesulfonate",2,"2-(2-hydroxyethylthio)ethanesulfonate:[SKiD_substrates,0.536]|1,4-benzoquinone:[SKiD_substrates,0.322]",active_site_compatibility;functional_group_match;herbicide_target_atlas_match;natural_product_or_allelopathy_prior;ros_photosynthesis_disruption_prior;transition_state_mimicry,0.92,0.8162910216208026,inhibit_synergy_model_inference_requires_assay_validation
252c893b4d94a678,peroxidase,Peroxidase,stress_response,"1,4-benzoquinone;2-(2-hydroxyethylthio)ethanesulfonate",2,"2-(2-hydroxyethylthio)ethanesulfonate:[SKiD_substrates,0.536]|1,4-benzoquinone:[SKiD_substrates,0.322]",active_site_compatibility;functional_group_match;herbicide_target_atlas_match;natural_product_or_allelopathy_prior;ros_photosynthesis_disruption_prior;transition_state_mimicry,0.92,0.8162910216208026,inhibit_synergy_model_inference_requires_assay_validation
4ee92e04c0922951,ribulose bisphosphate carboxylase oxygenase,RuBisCO,vegetative_expansion,"1,4-benzoquinone;2-(2-hydroxyethylthio)ethanesulfonate",2,"2-(2-hydroxyethylthio)ethanesulfonate:[SKiD_substrates,0.536]|1,4-benzoquinone:[SKiD_substrates,0.322]",active_site_compatibility;functional_group_match;herbicide_target_atlas_match;natural_product_or_allelopathy_prior;ros_photosynthesis_disruption_prior;transition_state_mimicry,0.92,0.8162910216208026,inhibit_synergy_model_inference_requires_assay_validation
8bee4dc5d6a0ca32,caffeoyl shikimate esterase,BAHD acyltransferase,early_vegetative,(2S)-3-carboxy-N-(fluoromethyl)-2-hydroxy-N N-dimethylpropan-1-aminium;glycerone phosphate,2,"(2S)-3-carboxy-N-(fluoromethyl)-2-hydroxy-N N-dimethylpropan-1-aminium:[SKiD_substrates,0.463]|glycerone phosphate:[SKiD_substrates,0.434]",active_site_compatibility;herbicide_target_atlas_match;known_inhibitor_class_similarity;transition_state_mimicry,0.92,0.8146465169370123,inhibit_synergy_model_inference_requires_assay_validation
b75992ab2a40bb4a,caffeoylshikimate esterase,BAHD acyltransferase,early_vegetative,2-(2-hydroxyethylthio)ethanesulfonate;p-toluquinone,2,"2-(2-hydroxyethylthio)ethanesulfonate:[SKiD_substrates,0.536]|p-toluquinone:[SKiD_substrates,0.320]",active_site_compatibility;functional_group_match;herbicide_target_atlas_match;natural_product_or_allelopathy_prior;ros_photosynthesis_disruption_prior;transition_state_mimicry,0.92,0.8144495555451505,inhibit_synergy_model_inference_requires_assay_validation
e64d6d1c0fcf4e9e,hydroxycinnamate-CoA shikimate transferase,BAHD acyltransferase,early_vegetative,2-(2-hydroxyethylthio)ethanesulfonate;p-toluquinone,2,"2-(2-hydroxyethylthio)ethanesulfonate:[SKiD_substrates,0.536]|p-toluquinone:[SKiD_substrates,0.320]",active_site_compatibility;functional_group_match;herbicide_target_atlas_match;natural_product_or_allelopathy_prior;ros_photosynthesis_disruption_prior;transition_state_mimicry,0.92,0.8144495555451505,inhibit_synergy_model_inference_requires_assay_validation
a1eade8110c57e84,caffeoyl shikimate esterase,BAHD acyltransferase,early_vegetative,2-(2-hydroxyethylthio)ethanesulfonate;p-toluquinone,2,"2-(2-hydroxyethylthio)ethanesulfonate:[SKiD_substrates,0.536]|p-toluquinone:[SKiD_substrates,0.320]",active_site_compatibility;functional_group_match;herbicide_target_atlas_match;natural_product_or_allelopathy_prior;ros_photosynthesis_disruption_prior;transition_state_mimicry,0.92,0.8144495555451505,inhibit_synergy_model_inference_requires_assay_validation
d4b2fc15fb066208,cytochrome P450,Cytochrome P450,specialized_metabolism,"(2S)-3-carboxy-N-(fluoromethyl)-2-hydroxy-N N-dimethylpropan-1-aminium;1,2-naphthoquinone",2,"(2S)-3-carboxy-N-(fluoromethyl)-2-hydroxy-N N-dimethylpropan-1-aminium:[SKiD_substrates,0.505]|1,2-naphthoquinone:[SKiD_substrates,0.358]",herbicide_target_atlas_match;known_inhibitor_class_similarity;natural_product_or_allelopathy_prior;ros_photosynthesis_disruption_prior,0.92,0.8142888069559421,inhibit_synergy_model_inference_requires_assay_validation
7ef94ea8bab2295e,protoporphyrinogen oxidase,PPO,vegetative_expansion,"(2S)-3-carboxy-N-(fluoromethyl)-2-hydroxy-N N-dimethylpropan-1-aminium;1,2-naphthoquinone",2,"(2S)-3-carboxy-N-(fluoromethyl)-2-hydroxy-N N-dimethylpropan-1-aminium:[SKiD_substrates,0.505]|1,2-naphthoquinone:[SKiD_substrates,0.358]",herbicide_target_atlas_match;known_inhibitor_class_similarity;natural_product_or_allelopathy_prior;ros_photosynthesis_disruption_prior,0.92,0.8142888069559421,inhibit_synergy_model_inference_requires_assay_validation
7f4ae17bfbbf0da0,cytochrome P450,Cytochrome P450,specialized_metabolism,"(2S)-3-carboxy-N-(fluoromethyl)-2-hydroxy-N N-dimethylpropan-1-aminium;1,4-Naphthoquinone",2,"(2S)-3-carboxy-N-(fluoromethyl)-2-hydroxy-N N-dimethylpropan-1-aminium:[SKiD_substrates,0.505]|1,4-Naphthoquinone:[SKiD_substrates,0.358]",herbicide_target_atlas_match;known_inhibitor_class_similarity;natural_product_or_allelopathy_prior;ros_photosynthesis_disruption_prior,0.92,0.8135991119594203,inhibit_synergy_model_inference_requires_assay_validation
1b78e4cbc28d3906,hydroxycinnamoyl-CoA:shikimate hydroxycinnamoyl transferase 1,BAHD acyltransferase,early_vegetative,"2-(2-hydroxyethylthio)ethanesulfonate;2-chloro-1,4-benzoquinone",2,"2-(2-hydroxyethylthio)ethanesulfonate:[SKiD_substrates,0.536]|2-chloro-1,4-benzoquinone:[SKiD_substrates,0.319]",active_site_compatibility;functional_group_match;herbicide_target_atlas_match;natural_product_or_allelopathy_prior;ros_photosynthesis_disruption_prior;transition_state_mimicry,0.92,0.8134930421575919,inhibit_synergy_model_inference_requires_assay_validation
01b185974254aa63,caffeoyl shikimate esterase,BAHD acyltransferase,early_vegetative,"2-(2-hydroxyethylthio)ethanesulfonate;2-chloro-1,4-benzoquinone",2,"2-(2-hydroxyethylthio)ethanesulfonate:[SKiD_substrates,0.536]|2-chloro-1,4-benzoquinone:[SKiD_substrates,0.319]",active_site_compatibility;functional_group_match;herbicide_target_atlas_match;natural_product_or_allelopathy_prior;ros_photosynthesis_disruption_prior;transition_state_mimicry,0.92,0.8134930421575919,inhibit_synergy_model_inference_requires_assay_validation
25e0ebd0ade7a58d,caffeoyl shikimate esterase,BAHD acyltransferase,early_vegetative,2-hydroxyethylphosphonate;3-indolelactate,2,"2-hydroxyethylphosphonate:[SKiD_substrates,0.665]|3-indolelactate:[SKiD_substrates,0.310]",active_site_compatibility;functional_group_match;herbicide_target_atlas_match;known_inhibitor_class_similarity;transition_state_mimicry,0.92,0.8131112499479487,inhibit_synergy_model_inference_requires_assay_validation
2ec1eff78ce5d420,hydroxycinnamoyl-CoA:shikimate hydroxycinnamoyl transferase 1,BAHD acyltransferase,early_vegetative,2-hydroxyethylphosphonate;3-indolelactate,2,"2-hydroxyethylphosphonate:[SKiD_substrates,0.665]|3-indolelactate:[SKiD_substrates,0.310]",active_site_compatibility;functional_group_match;herbicide_target_atlas_match;known_inhibitor_class_similarity;transition_state_mimicry,0.92,0.8131112499479487,inhibit_synergy_model_inference_requires_assay_validation
d559e0b72340aa08,hydroxycinnamoyl-CoA:shikimate hydroxycinnamoyl transferase 1,BAHD acyltransferase,early_vegetative,(2-amino-1-hydroxyethyl)phosphonate;3-indolelactate,2,"(2-amino-1-hydroxyethyl)phosphonate:[SKiD_substrates,0.659]|3-indolelactate:[SKiD_substrates,0.310]",active_site_compatibility;functional_group_match;herbicide_target_atlas_match;known_inhibitor_class_similarity;transition_state_mimicry,0.92,0.8129737428179489,inhibit_synergy_model_inference_requires_assay_validation
c6bceb28760b24e0,caffeoyl shikimate esterase,BAHD acyltransferase,early_vegetative,(2-amino-1-hydroxyethyl)phosphonate;3-indolelactate,2,"(2-amino-1-hydroxyethyl)phosphonate:[SKiD_substrates,0.659]|3-indolelactate:[SKiD_substrates,0.310]",active_site_compatibility;functional_group_match;herbicide_target_atlas_match;known_inhibitor_class_similarity;transition_state_mimicry,0.92,0.8129737428179489,inhibit_synergy_model_inference_requires_assay_validation
7b72f347686e677c,hydroxycinnamate-CoA shikimate transferase,BAHD acyltransferase,early_vegetative,2-(2-hydroxyethylthio)ethanesulfonate;hydroquinone,2,"2-(2-hydroxyethylthio)ethanesulfonate:[SKiD_substrates,0.536]|hydroquinone:[SKiD_substrates,0.319]",active_site_compatibility;functional_group_match;herbicide_target_atlas_match;natural_product_or_allelopathy_prior;ros_photosynthesis_disruption_prior;transition_state_mimicry,0.92,0.8128662795177928,inhibit_synergy_model_inference_requires_assay_validation
95e40cd2c94830c4,EPSP synthase,EPSPS,early_vegetative,2-(2-hydroxyethylthio)ethanesulfonate;3-methylsalicylate,2,"2-(2-hydroxyethylthio)ethanesulfonate:[SKiD_substrates,0.578]|3-methylsalicylate:[SKiD_substrates,0.322]",active_site_compatibility;functional_group_match;herbicide_target_atlas_match;transition_state_mimicry,0.92,0.8121972160398261,inhibit_synergy_model_inference_requires_assay_validation
4746345cc039059f,cellulase,CAZy,germination,2-(2-hydroxyethylthio)ethanesulfonate;salicylate,2,"2-(2-hydroxyethylthio)ethanesulfonate:[SKiD_substrates,0.578]|salicylate:[SKiD_substrates,0.322]",active_site_compatibility;functional_group_match;herbicide_target_atlas_match;transition_state_mimicry,0.92,0.8119381516539129,inhibit_synergy_model_inference_requires_assay_validation
f23b083232fc9b56,cellulase,CAZy,germination,2-(2-hydroxyethylthio)ethanesulfonate;3-aminosalicylate,2,"2-(2-hydroxyethylthio)ethanesulfonate:[SKiD_substrates,0.578]|3-aminosalicylate:[SKiD_substrates,0.322]",active_site_compatibility;functional_group_match;herbicide_target_atlas_match;transition_state_mimicry,0.92,0.8118341636713042,inhibit_synergy_model_inference_requires_assay_validation
8caeabd5f1c765ac,acetolactate synthase,ALS/AHAS,seedling_emergence,2-(2-hydroxyethylthio)ethanesulfonate;5-Aminosalicylate,2,"2-(2-hydroxyethylthio)ethanesulfonate:[SKiD_substrates,0.578]|5-Aminosalicylate:[SKiD_substrates,0.322]",active_site_compatibility;functional_group_match;herbicide_target_atlas_match;transition_state_mimicry,0.92,0.8118341636713042,inhibit_synergy_model_inference_requires_assay_validation
f423e3297e74dda6,alpha-amylase,amylase,germination,"2-hydroxyethylphosphonate;3,4-dihydroxybenzoate",2,"2-hydroxyethylphosphonate:[SKiD_substrates,0.599]|3,4-dihydroxybenzoate:[SKiD_substrates,0.434]",active_site_compatibility;functional_group_match;herbicide_target_atlas_match;known_inhibitor_class_similarity;transition_state_mimicry,0.92,0.8114454468376925,inhibit_synergy_model_inference_requires_assay_validation
160c7005775c29b6,GH43_13,GH,germination,"2-hydroxyethylphosphonate;3,4-dihydroxybenzoate",2,"2-hydroxyethylphosphonate:[SKiD_substrates,0.599]|3,4-dihydroxybenzoate:[SKiD_substrates,0.434]",active_site_compatibility;functional_group_match;herbicide_target_atlas_match;known_inhibitor_class_similarity;transition_state_mimicry,0.92,0.8114454468376925,inhibit_synergy_model_inference_requires_assay_validation
341575b126c5d38c,Isochorismoyl-Glutamate Synthase; GH3 acyl adenylase-family enzyme,BAHD acyltransferase,germination,"2-hydroxyethylphosphonate;3,4-dihydroxybenzoate",2,"2-hydroxyethylphosphonate:[SKiD_substrates,0.599]|3,4-dihydroxybenzoate:[SKiD_substrates,0.434]",active_site_compatibility;functional_group_match;herbicide_target_atlas_match;known_inhibitor_class_similarity;transition_state_mimicry,0.92,0.8114454468376925,inhibit_synergy_model_inference_requires_assay_validation
8d86953702768298,GH169,GH,germination,"2-hydroxyethylphosphonate;3,4-dihydroxybenzoate",2,"2-hydroxyethylphosphonate:[SKiD_substrates,0.599]|3,4-dihydroxybenzoate:[SKiD_substrates,0.434]",active_site_compatibility;functional_group_match;herbicide_target_atlas_match;known_inhibitor_class_similarity;transition_state_mimicry,0.92,0.8114454468376925,inhibit_synergy_model_inference_requires_assay_validation
e52e0acf26609591,GH5_21,GH,germination,"2-hydroxyethylphosphonate;3,4-dihydroxybenzoate",2,"2-hydroxyethylphosphonate:[SKiD_substrates,0.599]|3,4-dihydroxybenzoate:[SKiD_substrates,0.434]",active_site_compatibility;functional_group_match;herbicide_target_atlas_match;known_inhibitor_class_similarity;transition_state_mimicry,0.92,0.8114454468376925,inhibit_synergy_model_inference_requires_assay_validation
24987aeae8ce6c1c,GH13_11,GH,germination,"2-hydroxyethylphosphonate;3,4-dihydroxybenzoate",2,"2-hydroxyethylphosphonate:[SKiD_substrates,0.599]|3,4-dihydroxybenzoate:[SKiD_substrates,0.434]",active_site_compatibility;functional_group_match;herbicide_target_atlas_match;known_inhibitor_class_similarity;transition_state_mimicry,0.92,0.8114454468376925,inhibit_synergy_model_inference_requires_assay_validation
a576c7de861ba728,Drought-Induced Branched-Chain Amino Acid Aminotransferase,Aminotransferase,germination,"(2-amino-1-hydroxyethyl)phosphonate;3,4-dihydroxybenzoate",2,"(2-amino-1-hydroxyethyl)phosphonate:[SKiD_substrates,0.593]|3,4-dihydroxybenzoate:[SKiD_substrates,0.434]",active_site_compatibility;functional_group_match;herbicide_target_atlas_match;known_inhibitor_class_similarity;transition_state_mimicry,0.92,0.8113079397076923,inhibit_synergy_model_inference_requires_assay_validation
e5efee2df4383d60,alpha-amylase,amylase,germination,"(2-amino-1-hydroxyethyl)phosphonate;3,4-dihydroxybenzoate",2,"(2-amino-1-hydroxyethyl)phosphonate:[SKiD_substrates,0.593]|3,4-dihydroxybenzoate:[SKiD_substrates,0.434]",active_site_compatibility;functional_group_match;herbicide_target_atlas_match;known_inhibitor_class_similarity;transition_state_mimicry,0.92,0.8113079397076923,inhibit_synergy_model_inference_requires_assay_validation
d56cfdc8bbc52277,acetolactate synthase,ALS/AHAS,seedling_emergence,"2,3-Dihydroxybenzoic acid;3,4-dihydroxybenzoate",2,"3,4-dihydroxybenzoate:[SKiD_substrates,0.542]|2,3-Dihydroxybenzoic acid:[SKiD_substrates,0.399]",herbicide_target_atlas_match;known_inhibitor_class_similarity;natural_product_or_allelopathy_prior,0.92,0.809032259136923,inhibit_synergy_model_inference_requires_assay_validation
104bf6835f789bed,GH3 acyl adenylase-family enzyme,BAHD acyltransferase,germination,2-hydroxyethylphosphonate;4-hydroxybenzoate,2,"2-hydroxyethylphosphonate:[SKiD_substrates,0.599]|4-hydroxybenzoate:[SKiD_substrates,0.429]",active_site_compatibility;functional_group_match;herbicide_target_atlas_match;known_inhibitor_class_similarity;transition_state_mimicry,0.92,0.8089905279948719,inhibit_synergy_model_inference_requires_assay_validation
e7a7a99235642573,GH157,GH,germination,2-hydroxyethylphosphonate;4-hydroxybenzoate,2,"2-hydroxyethylphosphonate:[SKiD_substrates,0.599]|4-hydroxybenzoate:[SKiD_substrates,0.429]",active_site_compatibility;functional_group_match;herbicide_target_atlas_match;known_inhibitor_class_similarity;transition_state_mimicry,0.92,0.8089905279948719,inhibit_synergy_model_inference_requires_assay_validation
4d6e9f38bb908559,GH157,GH,germination,(2-amino-1-hydroxyethyl)phosphonate;4-hydroxybenzoate,2,"(2-amino-1-hydroxyethyl)phosphonate:[SKiD_substrates,0.593]|4-hydroxybenzoate:[SKiD_substrates,0.429]",active_site_compatibility;functional_group_match;herbicide_target_atlas_match;known_inhibitor_class_similarity;transition_state_mimicry,0.92,0.8088530208648719,inhibit_synergy_model_inference_requires_assay_validation
77ad3dca897258c3,GH3 acyl adenylase-family enzyme,BAHD acyltransferase,germination,(2-amino-1-hydroxyethyl)phosphonate;4-hydroxybenzoate,2,"(2-amino-1-hydroxyethyl)phosphonate:[SKiD_substrates,0.593]|4-hydroxybenzoate:[SKiD_substrates,0.429]",active_site_compatibility;functional_group_match;herbicide_target_atlas_match;known_inhibitor_class_similarity;transition_state_mimicry,0.92,0.8088530208648719,inhibit_synergy_model_inference_requires_assay_validation
88ef4e4a9977c826,acetolactate synthase,ALS/AHAS,seedling_emergence,2-(2-hydroxyethylthio)ethanesulfonate;isethionate,2,"2-(2-hydroxyethylthio)ethanesulfonate:[SKiD_substrates,0.578]|isethionate:[SKiD_substrates,0.315]",active_site_compatibility;functional_group_match;herbicide_target_atlas_match;transition_state_mimicry,0.92,0.8064773199716389,inhibit_synergy_model_inference_requires_assay_validation
bd029e523cc2faca,hydroxycinnamate-CoA shikimate transferase,BAHD acyltransferase,early_vegetative,2-hydroxyethylphosphonate;4-methylsalicylate,2,"2-hydroxyethylphosphonate:[SKiD_substrates,0.665]|4-methylsalicylate:[SKiD_substrates,0.280]",active_site_compatibility;functional_group_match;herbicide_target_atlas_match;known_inhibitor_class_similarity;transition_state_mimicry,0.92,0.8054495434902051,inhibit_synergy_model_inference_requires_assay_validation
7ebb2b5601208020,caffeoylshikimate esterase,BAHD acyltransferase,early_vegetative,2-hydroxyethylphosphonate;3-methylsalicylate,2,"2-hydroxyethylphosphonate:[SKiD_substrates,0.665]|3-methylsalicylate:[SKiD_substrates,0.280]",active_site_compatibility;functional_group_match;herbicide_target_atlas_match;known_inhibitor_class_similarity;transition_state_mimicry,0.92,0.8054495434902051,inhibit_synergy_model_inference_requires_assay_validation
1234df13a1bfb3c3,ribulose bisphosphate carboxylase oxygenase,RuBisCO,vegetative_expansion,2-hydroxyethylphosphonate;5-Methylsalicylate,2,"2-hydroxyethylphosphonate:[SKiD_substrates,0.665]|5-Methylsalicylate:[SKiD_substrates,0.280]",active_site_compatibility;functional_group_match;herbicide_target_atlas_match;known_inhibitor_class_similarity;transition_state_mimicry,0.92,0.8054495434902051,inhibit_synergy_model_inference_requires_assay_validation
9c3246166fbe6388,caffeoyl shikimate esterase,BAHD acyltransferase,early_vegetative,2-hydroxyethylphosphonate;salicylate,2,"2-hydroxyethylphosphonate:[SKiD_substrates,0.665]|salicylate:[SKiD_substrates,0.280]",active_site_compatibility;functional_group_match;herbicide_target_atlas_match;known_inhibitor_class_similarity;transition_state_mimicry,0.92,0.8053765079948718,inhibit_synergy_model_inference_requires_assay_validation
364d2648cc2c89eb,ribulose bisphosphate carboxylase oxygenase,RuBisCO,vegetative_expansion,2-hydroxyethylphosphonate;salicylate,2,"2-hydroxyethylphosphonate:[SKiD_substrates,0.665]|salicylate:[SKiD_substrates,0.280]",active_site_compatibility;functional_group_match;herbicide_target_atlas_match;known_inhibitor_class_similarity;transition_state_mimicry,0.92,0.8053765079948718,inhibit_synergy_model_inference_requires_assay_validation
5b4e0ee1c677828e,caffeoylshikimate esterase,BAHD acyltransferase,early_vegetative,(2-amino-1-hydroxyethyl)phosphonate;3-methylsalicylate,2,"(2-amino-1-hydroxyethyl)phosphonate:[SKiD_substrates,0.659]|3-methylsalicylate:[SKiD_substrates,0.280]",active_site_compatibility;functional_group_match;herbicide_target_atlas_match;known_inhibitor_class_similarity;transition_state_mimicry,0.92,0.8053120363602051,inhibit_synergy_model_inference_requires_assay_validation
0b1f0f88a4157692,hydroxycinnamate-CoA shikimate transferase,BAHD acyltransferase,early_vegetative,(2-amino-1-hydroxyethyl)phosphonate;4-methylsalicylate,2,"(2-amino-1-hydroxyethyl)phosphonate:[SKiD_substrates,0.659]|4-methylsalicylate:[SKiD_substrates,0.280]",active_site_compatibility;functional_group_match;herbicide_target_atlas_match;known_inhibitor_class_similarity;transition_state_mimicry,0.92,0.8053120363602051,inhibit_synergy_model_inference_requires_assay_validation
cec02db35e55c7d9,phosphoenolpyruvate carboxylase,PEPC,vegetative_expansion,2-hydroxyethylphosphonate;3-aminosalicylate,2,"2-hydroxyethylphosphonate:[SKiD_substrates,0.665]|3-aminosalicylate:[SKiD_substrates,0.280]",active_site_compatibility;functional_group_match;herbicide_target_atlas_match;known_inhibitor_class_similarity;transition_state_mimicry,0.92,0.8052699702115385,inhibit_synergy_model_inference_requires_assay_validation
fcaa0f752d5782a0,caffeoylshikimate esterase,BAHD acyltransferase,early_vegetative,2-hydroxyethylphosphonate;5-Aminosalicylate,2,"2-hydroxyethylphosphonate:[SKiD_substrates,0.665]|5-Aminosalicylate:[SKiD_substrates,0.280]",active_site_compatibility;functional_group_match;herbicide_target_atlas_match;known_inhibitor_class_similarity;transition_state_mimicry,0.92,0.8052699702115385,inhibit_synergy_model_inference_requires_assay_validation
0737681575d9ae0b,caffeoyl shikimate esterase,BAHD acyltransferase,early_vegetative,2-hydroxyethylphosphonate;4-Aminosalicylate,2,"2-hydroxyethylphosphonate:[SKiD_substrates,0.665]|4-Aminosalicylate:[SKiD_substrates,0.280]",active_site_compatibility;functional_group_match;herbicide_target_atlas_match;known_inhibitor_class_similarity;transition_state_mimicry,0.92,0.8052699702115385,inhibit_synergy_model_inference_requires_assay_validation
24c5368b0d813f4a,caffeoyl shikimate esterase,BAHD acyltransferase,early_vegetative,(2-amino-1-hydroxyethyl)phosphonate;salicylate,2,"(2-amino-1-hydroxyethyl)phosphonate:[SKiD_substrates,0.659]|salicylate:[SKiD_substrates,0.280]",active_site_compatibility;functional_group_match;herbicide_target_atlas_match;known_inhibitor_class_similarity;transition_state_mimicry,0.92,0.8052390008648718,inhibit_synergy_model_inference_requires_assay_validation
33fed030aabdd204,EPSP synthase,EPSPS,early_vegetative,"3,4-dihydroxybenzoate;Thionicotinamide",2,"3,4-dihydroxybenzoate:[SKiD_substrates,0.542]|Thionicotinamide:[SKiD_substrates,0.396]",herbicide_target_atlas_match;known_inhibitor_class_similarity;transition_state_mimicry,0.92,0.8052060501984615,inhibit_synergy_model_inference_requires_assay_validation
e5a1538bb287e1d7,cellulase,CAZy,germination,"3,4-dihydroxybenzoate;Thionicotinamide",2,"3,4-dihydroxybenzoate:[SKiD_substrates,0.542]|Thionicotinamide:[SKiD_substrates,0.396]",herbicide_target_atlas_match;known_inhibitor_class_similarity;transition_state_mimicry,0.92,0.8052060501984615,inhibit_synergy_model_inference_requires_assay_validation
8a51c5259a79bb1b,acetolactate synthase,ALS/AHAS,seedling_emergence,"3,4-dihydroxybenzoate;Thionicotinamide",2,"3,4-dihydroxybenzoate:[SKiD_substrates,0.542]|Thionicotinamide:[SKiD_substrates,0.396]",herbicide_target_atlas_match;known_inhibitor_class_similarity;transition_state_mimicry,0.92,0.8052060501984615,inhibit_synergy_model_inference_requires_assay_validation
d0b94334103163e2,caffeoylshikimate esterase,BAHD acyltransferase,early_vegetative,(2-amino-1-hydroxyethyl)phosphonate;5-Aminosalicylate,2,"(2-amino-1-hydroxyethyl)phosphonate:[SKiD_substrates,0.659]|5-Aminosalicylate:[SKiD_substrates,0.280]",active_site_compatibility;functional_group_match;herbicide_target_atlas_match;known_inhibitor_class_similarity;transition_state_mimicry,0.92,0.8051324630815386,inhibit_synergy_model_inference_requires_assay_validation
72c1759168715f15,caffeoyl shikimate esterase,BAHD acyltransferase,early_vegetative,(2-amino-1-hydroxyethyl)phosphonate;4-Aminosalicylate,2,"(2-amino-1-hydroxyethyl)phosphonate:[SKiD_substrates,0.659]|4-Aminosalicylate:[SKiD_substrates,0.280]",active_site_compatibility;functional_group_match;herbicide_target_atlas_match;known_inhibitor_class_similarity;transition_state_mimicry,0.92,0.8051324630815386,inhibit_synergy_model_inference_requires_assay_validation
183528c15d0a2f86,hydroxycinnamate-CoA shikimate transferase,BAHD acyltransferase,early_vegetative,2-hydroxyethylphosphonate;3-chlorosalicylate,2,"2-hydroxyethylphosphonate:[SKiD_substrates,0.665]|3-chlorosalicylate:[SKiD_substrates,0.278]",active_site_compatibility;functional_group_match;herbicide_target_atlas_match;known_inhibitor_class_similarity;transition_state_mimicry,0.92,0.8044261298592308,inhibit_synergy_model_inference_requires_assay_validation
7f7ffad8b104249c,photosystem II,PSII,early_vegetative,"1,4-benzoquinone;S-adenosyl-L-methionine",2,"S-adenosyl-L-methionine:[SKiD_substrates,0.408]|1,4-benzoquinone:[SKiD_substrates,0.364]",herbicide_target_atlas_match;known_inhibitor_class_similarity;natural_product_or_allelopathy_prior;ros_photosynthesis_disruption_prior,0.92,0.7987754773914381,inhibit_synergy_model_inference_requires_assay_validation
129c44bde2aadade,acetyl-CoA carboxylase,ACCase,vegetative_expansion,"1,4-benzoquinone;Thionicotinamide",2,"1,4-benzoquinone:[SKiD_substrates,0.364]|Thionicotinamide:[SKiD_substrates,0.396]",herbicide_target_atlas_match;natural_product_or_allelopathy_prior;ros_photosynthesis_disruption_prior;transition_state_mimicry,0.92,0.7970405285546488,inhibit_synergy_model_inference_requires_assay_validation
c0a292cc034e65c6,protoporphyrinogen oxidase,PPO,vegetative_expansion,"1,4-benzoquinone;Thionicotinamide",2,"1,4-benzoquinone:[SKiD_substrates,0.364]|Thionicotinamide:[SKiD_substrates,0.396]",herbicide_target_atlas_match;natural_product_or_allelopathy_prior;ros_photosynthesis_disruption_prior;transition_state_mimicry,0.92,0.7970405285546488,inhibit_synergy_model_inference_requires_assay_validation
b2a159f9229e6a6e,cytochrome P450,Cytochrome P450,specialized_metabolism,"1,4-benzoquinone;Thionicotinamide",2,"1,4-benzoquinone:[SKiD_substrates,0.364]|Thionicotinamide:[SKiD_substrates,0.396]",herbicide_target_atlas_match;natural_product_or_allelopathy_prior;ros_photosynthesis_disruption_prior;transition_state_mimicry,0.92,0.7970405285546488,inhibit_synergy_model_inference_requires_assay_validation
051204577992f162,photosystem II,PSII,early_vegetative,"1,4-benzoquinone;Thionicotinamide",2,"1,4-benzoquinone:[SKiD_substrates,0.364]|Thionicotinamide:[SKiD_substrates,0.396]",herbicide_target_atlas_match;natural_product_or_allelopathy_prior;ros_photosynthesis_disruption_prior;transition_state_mimicry,0.92,0.7970405285546488,inhibit_synergy_model_inference_requires_assay_validation
5794ca79a1cf20a5,photosystem II,PSII,early_vegetative,S-adenosyl-L-methionine;p-toluquinone,2,"S-adenosyl-L-methionine:[SKiD_substrates,0.408]|p-toluquinone:[SKiD_substrates,0.362]",herbicide_target_atlas_match;known_inhibitor_class_similarity;natural_product_or_allelopathy_prior;ros_photosynthesis_disruption_prior,0.92,0.796934011315786,inhibit_synergy_model_inference_requires_assay_validation
8906de27efb73314,photosystem II,PSII,early_vegetative,(2S)-3-carboxy-N-(fluoromethyl)-2-hydroxy-N N-dimethylpropan-1-aminium;Thionicotinamide,2,"(2S)-3-carboxy-N-(fluoromethyl)-2-hydroxy-N N-dimethylpropan-1-aminium:[SKiD_substrates,0.505]|Thionicotinamide:[SKiD_substrates,0.396]",herbicide_target_atlas_match;known_inhibitor_class_similarity;transition_state_mimicry,0.92,0.7954839038713934,inhibit_synergy_model_inference_requires_assay_validation
24a806dcda893b2f,acetyl-CoA carboxylase,ACCase,vegetative_expansion,(2S)-3-carboxy-N-(fluoromethyl)-2-hydroxy-N N-dimethylpropan-1-aminium;Thionicotinamide,2,"(2S)-3-carboxy-N-(fluoromethyl)-2-hydroxy-N N-dimethylpropan-1-aminium:[SKiD_substrates,0.505]|Thionicotinamide:[SKiD_substrates,0.396]",herbicide_target_atlas_match;known_inhibitor_class_similarity;transition_state_mimicry,0.92,0.7954839038713934,inhibit_synergy_model_inference_requires_assay_validation
11d3aa6f1cb171bf,protoporphyrinogen oxidase,PPO,vegetative_expansion,(2S)-3-carboxy-N-(fluoromethyl)-2-hydroxy-N N-dimethylpropan-1-aminium;Thionicotinamide,2,"(2S)-3-carboxy-N-(fluoromethyl)-2-hydroxy-N N-dimethylpropan-1-aminium:[SKiD_substrates,0.505]|Thionicotinamide:[SKiD_substrates,0.396]",herbicide_target_atlas_match;known_inhibitor_class_similarity;transition_state_mimicry,0.92,0.7954839038713934,inhibit_synergy_model_inference_requires_assay_validation
579ee3a0c54c3b4b,cytochrome P450,Cytochrome P450,specialized_metabolism,Thionicotinamide;p-toluquinone,2,"p-toluquinone:[SKiD_substrates,0.362]|Thionicotinamide:[SKiD_substrates,0.396]",herbicide_target_atlas_match;natural_product_or_allelopathy_prior;ros_photosynthesis_disruption_prior;transition_state_mimicry,0.92,0.7951990624789966,inhibit_synergy_model_inference_requires_assay_validation
43609257154d1a6c,protoporphyrinogen oxidase,PPO,vegetative_expansion,"2-chloro-1,4-benzoquinone;Thionicotinamide",2,"2-chloro-1,4-benzoquinone:[SKiD_substrates,0.361]|Thionicotinamide:[SKiD_substrates,0.396]",herbicide_target_atlas_match;natural_product_or_allelopathy_prior;ros_photosynthesis_disruption_prior;transition_state_mimicry,0.92,0.7942425490914382,inhibit_synergy_model_inference_requires_assay_validation
9b8c6b32df3dd46c,alpha-amylase,amylase,germination,(2S)-3-carboxy-N-(fluoromethyl)-2-hydroxy-N N-dimethylpropan-1-aminium;2-hydroxyethylphosphonate,2,"2-hydroxyethylphosphonate:[SKiD_substrates,0.599]|(2S)-3-carboxy-N-(fluoromethyl)-2-hydroxy-N N-dimethylpropan-1-aminium:[SKiD_substrates,0.397]",active_site_compatibility;functional_group_match;herbicide_target_atlas_match;known_inhibitor_class_similarity;transition_state_mimicry,0.92,0.7939214819802565,inhibit_synergy_model_inference_requires_assay_validation
36f1c318d731a73f,Drought-Induced Branched-Chain Amino Acid Aminotransferase,Aminotransferase,germination,(2S)-3-carboxy-N-(fluoromethyl)-2-hydroxy-N N-dimethylpropan-1-aminium;2-hydroxyethylphosphonate,2,"2-hydroxyethylphosphonate:[SKiD_substrates,0.599]|(2S)-3-carboxy-N-(fluoromethyl)-2-hydroxy-N N-dimethylpropan-1-aminium:[SKiD_substrates,0.397]",active_site_compatibility;functional_group_match;herbicide_target_atlas_match;known_inhibitor_class_similarity;transition_state_mimicry,0.92,0.7939214819802565,inhibit_synergy_model_inference_requires_assay_validation
5b972ff827bc1b21,Drought-Induced Branched-Chain Amino Acid Aminotransferase,Aminotransferase,germination,(2-amino-1-hydroxyethyl)phosphonate;(2S)-3-carboxy-N-(fluoromethyl)-2-hydroxy-N N-dimethylpropan-1-aminium,2,"(2-amino-1-hydroxyethyl)phosphonate:[SKiD_substrates,0.593]|(2S)-3-carboxy-N-(fluoromethyl)-2-hydroxy-N N-dimethylpropan-1-aminium:[SKiD_substrates,0.397]",active_site_compatibility;functional_group_match;herbicide_target_atlas_match;known_inhibitor_class_similarity;transition_state_mimicry,0.92,0.7937839748502564,inhibit_synergy_model_inference_requires_assay_validation
e11423d3552937e1,alpha-amylase,amylase,germination,(2-amino-1-hydroxyethyl)phosphonate;(2S)-3-carboxy-N-(fluoromethyl)-2-hydroxy-N N-dimethylpropan-1-aminium,2,"(2-amino-1-hydroxyethyl)phosphonate:[SKiD_substrates,0.593]|(2S)-3-carboxy-N-(fluoromethyl)-2-hydroxy-N N-dimethylpropan-1-aminium:[SKiD_substrates,0.397]",active_site_compatibility;functional_group_match;herbicide_target_atlas_match;known_inhibitor_class_similarity;transition_state_mimicry,0.92,0.7937839748502564,inhibit_synergy_model_inference_requires_assay_validation
895a3fe609a3796f,GH13_11,GH,germination,(2-amino-1-hydroxyethyl)phosphonate;(2S)-3-carboxy-N-(fluoromethyl)-2-hydroxy-N N-dimethylpropan-1-aminium,2,"(2-amino-1-hydroxyethyl)phosphonate:[SKiD_substrates,0.593]|(2S)-3-carboxy-N-(fluoromethyl)-2-hydroxy-N N-dimethylpropan-1-aminium:[SKiD_substrates,0.397]",active_site_compatibility;functional_group_match;herbicide_target_atlas_match;known_inhibitor_class_similarity;transition_state_mimicry,0.92,0.7937839748502564,inhibit_synergy_model_inference_requires_assay_validation
20379f69735987e9,Tryptophan Aminotransferase of Arabidopsis 1;TRYPTOPHAN AMINOTRANSFERASE OF ARABIDOPSIS 1,Aminotransferase,unassigned_stage,(2S)-3-carboxy-N-(fluoromethyl)-2-hydroxy-N N-dimethylpropan-1-aminium;1-deoxy-D-xylulose 5-phosphate,2,"(2S)-3-carboxy-N-(fluoromethyl)-2-hydroxy-N N-dimethylpropan-1-aminium:[SKiD_substrates,0.451]|1-deoxy-D-xylulose 5-phosphate:[SKiD_substrates,0.419]",active_site_compatibility;herbicide_target_atlas_match;known_inhibitor_class_similarity;transition_state_mimicry,0.92,0.7931731684673132,inhibit_synergy_model_inference_requires_assay_validation
949499309eb99bf4,Drought-Induced Branched-Chain Amino Acid Aminotransferase,Aminotransferase,germination,(2S)-3-carboxy-N-(fluoromethyl)-2-hydroxy-N N-dimethylpropan-1-aminium;2-(2-hydroxyethylthio)ethanesulfonate,2,"2-(2-hydroxyethylthio)ethanesulfonate:[SKiD_substrates,0.470]|(2S)-3-carboxy-N-(fluoromethyl)-2-hydroxy-N N-dimethylpropan-1-aminium:[SKiD_substrates,0.397]",active_site_compatibility;functional_group_match;herbicide_target_atlas_match;known_inhibitor_class_similarity;transition_state_mimicry,0.92,0.7930971845214047,inhibit_synergy_model_inference_requires_assay_validation
c4c38e71f83287fe,GH13_11,GH,germination,(2S)-3-carboxy-N-(fluoromethyl)-2-hydroxy-N N-dimethylpropan-1-aminium;2-(2-hydroxyethylthio)ethanesulfonate,2,"2-(2-hydroxyethylthio)ethanesulfonate:[SKiD_substrates,0.470]|(2S)-3-carboxy-N-(fluoromethyl)-2-hydroxy-N N-dimethylpropan-1-aminium:[SKiD_substrates,0.397]",active_site_compatibility;functional_group_match;herbicide_target_atlas_match;known_inhibitor_class_similarity;transition_state_mimicry,0.92,0.7930971845214047,inhibit_synergy_model_inference_requires_assay_validation
6a0f793ee2033213,alpha-amylase,amylase,germination,(2S)-3-carboxy-N-(fluoromethyl)-2-hydroxy-N N-dimethylpropan-1-aminium;2-(2-hydroxyethylthio)ethanesulfonate,2,"2-(2-hydroxyethylthio)ethanesulfonate:[SKiD_substrates,0.470]|(2S)-3-carboxy-N-(fluoromethyl)-2-hydroxy-N N-dimethylpropan-1-aminium:[SKiD_substrates,0.397]",active_site_compatibility;functional_group_match;herbicide_target_atlas_match;known_inhibitor_class_similarity;transition_state_mimicry,0.92,0.7930971845214047,inhibit_synergy_model_inference_requires_assay_validation
52bf00a58cc899de,caffeoyl shikimate esterase,BAHD acyltransferase,early_vegetative,2-(2-hydroxyethylthio)ethanesulfonate;Thionicotinamide,2,"2-(2-hydroxyethylthio)ethanesulfonate:[SKiD_substrates,0.536]|Thionicotinamide:[SKiD_substrates,0.354]",active_site_compatibility;functional_group_match;herbicide_target_atlas_match;transition_state_mimicry,0.92,0.7916964243705016,inhibit_synergy_model_inference_requires_assay_validation
bad7debd957cdd3c,caffeoylshikimate esterase,BAHD acyltransferase,early_vegetative,2-(2-hydroxyethylthio)ethanesulfonate;Thionicotinamide,2,"2-(2-hydroxyethylthio)ethanesulfonate:[SKiD_substrates,0.536]|Thionicotinamide:[SKiD_substrates,0.354]",active_site_compatibility;functional_group_match;herbicide_target_atlas_match;transition_state_mimicry,0.92,0.7916964243705016,inhibit_synergy_model_inference_requires_assay_validation
03fcc45b6281cb44,hydroxycinnamoyl-CoA:shikimate hydroxycinnamoyl transferase 1,BAHD acyltransferase,early_vegetative,2-(2-hydroxyethylthio)ethanesulfonate;Thionicotinamide,2,"2-(2-hydroxyethylthio)ethanesulfonate:[SKiD_substrates,0.536]|Thionicotinamide:[SKiD_substrates,0.354]",active_site_compatibility;functional_group_match;herbicide_target_atlas_match;transition_state_mimicry,0.92,0.7916964243705016,inhibit_synergy_model_inference_requires_assay_validation
9c8433a57a388102,hydroxycinnamate-CoA shikimate transferase,BAHD acyltransferase,early_vegetative,2-(2-hydroxyethylthio)ethanesulfonate;Thionicotinamide,2,"2-(2-hydroxyethylthio)ethanesulfonate:[SKiD_substrates,0.536]|Thionicotinamide:[SKiD_substrates,0.354]",active_site_compatibility;functional_group_match;herbicide_target_atlas_match;transition_state_mimicry,0.92,0.7916964243705016,inhibit_synergy_model_inference_requires_assay_validation
80828eb036b955ef,cellulase,CAZy,germination,"(2S)-3-carboxy-N-(fluoromethyl)-2-hydroxy-N N-dimethylpropan-1-aminium;3,4-dihydroxybenzoate",2,"3,4-dihydroxybenzoate:[SKiD_substrates,0.542]|(2S)-3-carboxy-N-(fluoromethyl)-2-hydroxy-N N-dimethylpropan-1-aminium:[SKiD_substrates,0.505]",herbicide_target_atlas_match;known_inhibitor_class_similarity,0.92,0.7903756619502563,inhibit_synergy_model_inference_requires_assay_validation
bbef850c98b85d34,acetolactate synthase,ALS/AHAS,seedling_emergence,"(2S)-3-carboxy-N-(fluoromethyl)-2-hydroxy-N N-dimethylpropan-1-aminium;3,4-dihydroxybenzoate",2,"3,4-dihydroxybenzoate:[SKiD_substrates,0.542]|(2S)-3-carboxy-N-(fluoromethyl)-2-hydroxy-N N-dimethylpropan-1-aminium:[SKiD_substrates,0.505]",herbicide_target_atlas_match;known_inhibitor_class_similarity,0.92,0.7903756619502563,inhibit_synergy_model_inference_requires_assay_validation
6cea37036957fc5d,photosystem II,PSII,early_vegetative,"(2S)-3-carboxy-N-(fluoromethyl)-2-hydroxy-N N-dimethylpropan-1-aminium;3,4-dihydroxybenzoate",2,"3,4-dihydroxybenzoate:[SKiD_substrates,0.542]|(2S)-3-carboxy-N-(fluoromethyl)-2-hydroxy-N N-dimethylpropan-1-aminium:[SKiD_substrates,0.505]",herbicide_target_atlas_match;known_inhibitor_class_similarity,0.92,0.7903756619502563,inhibit_synergy_model_inference_requires_assay_validation
b563f52380be9717,EPSP synthase,EPSPS,early_vegetative,"(2S)-3-carboxy-N-(fluoromethyl)-2-hydroxy-N N-dimethylpropan-1-aminium;3,4-dihydroxybenzoate",2,"3,4-dihydroxybenzoate:[SKiD_substrates,0.542]|(2S)-3-carboxy-N-(fluoromethyl)-2-hydroxy-N N-dimethylpropan-1-aminium:[SKiD_substrates,0.505]",herbicide_target_atlas_match;known_inhibitor_class_similarity,0.92,0.7903756619502563,inhibit_synergy_model_inference_requires_assay_validation
21dacd5ae12c644e,cytochrome P450,Cytochrome P450,specialized_metabolism,"(2S)-3-carboxy-N-(fluoromethyl)-2-hydroxy-N N-dimethylpropan-1-aminium;3,4-dihydroxybenzoate",2,"3,4-dihydroxybenzoate:[SKiD_substrates,0.542]|(2S)-3-carboxy-N-(fluoromethyl)-2-hydroxy-N N-dimethylpropan-1-aminium:[SKiD_substrates,0.505]",herbicide_target_atlas_match;known_inhibitor_class_similarity,0.92,0.7903756619502563,inhibit_synergy_model_inference_requires_assay_validation
d41cfefe2d71a4ad,protoporphyrinogen oxidase,PPO,vegetative_expansion,"(2S)-3-carboxy-N-(fluoromethyl)-2-hydroxy-N N-dimethylpropan-1-aminium;3,4-dihydroxybenzoate",2,"3,4-dihydroxybenzoate:[SKiD_substrates,0.542]|(2S)-3-carboxy-N-(fluoromethyl)-2-hydroxy-N N-dimethylpropan-1-aminium:[SKiD_substrates,0.505]",herbicide_target_atlas_match;known_inhibitor_class_similarity,0.92,0.7903756619502563,inhibit_synergy_model_inference_requires_assay_validation
ecf23668150e825f,acetyl-CoA carboxylase,ACCase,vegetative_expansion,"(2S)-3-carboxy-N-(fluoromethyl)-2-hydroxy-N N-dimethylpropan-1-aminium;3,4-dihydroxybenzoate",2,"3,4-dihydroxybenzoate:[SKiD_substrates,0.542]|(2S)-3-carboxy-N-(fluoromethyl)-2-hydroxy-N N-dimethylpropan-1-aminium:[SKiD_substrates,0.505]",herbicide_target_atlas_match;known_inhibitor_class_similarity,0.92,0.7903756619502563,inhibit_synergy_model_inference_requires_assay_validation
47af427bc09e53cb,hydroxycinnamoyl-CoA:shikimate hydroxycinnamoyl transferase 1,BAHD acyltransferase,early_vegetative,2-(2-hydroxyethylthio)ethanesulfonate;2-Hydroxyoctanoate,2,"2-(2-hydroxyethylthio)ethanesulfonate:[SKiD_substrates,0.536]|2-Hydroxyoctanoate:[SKiD_substrates,0.345]",active_site_compatibility;functional_group_match;herbicide_target_atlas_match;transition_state_mimicry,0.92,0.7873011945749164,inhibit_synergy_model_inference_requires_assay_validation
fe8c5fd9ed5a1aeb,ribulose bisphosphate carboxylase oxygenase,RuBisCO,vegetative_expansion,2-(2-hydroxyethylthio)ethanesulfonate;2-Hydroxyoctanoate,2,"2-(2-hydroxyethylthio)ethanesulfonate:[SKiD_substrates,0.536]|2-Hydroxyoctanoate:[SKiD_substrates,0.345]",active_site_compatibility;functional_group_match;herbicide_target_atlas_match;transition_state_mimicry,0.92,0.7873011945749164,inhibit_synergy_model_inference_requires_assay_validation
d4198c7bdaf024e3,caffeoyl shikimate esterase,BAHD acyltransferase,early_vegetative,2-(2-hydroxyethylthio)ethanesulfonate;2-Hydroxyoctanoate,2,"2-(2-hydroxyethylthio)ethanesulfonate:[SKiD_substrates,0.536]|2-Hydroxyoctanoate:[SKiD_substrates,0.345]",active_site_compatibility;functional_group_match;herbicide_target_atlas_match;transition_state_mimicry,0.92,0.7873011945749164,inhibit_synergy_model_inference_requires_assay_validation
fc65f1270e0280f0,caffeoylshikimate esterase,BAHD acyltransferase,early_vegetative,2-(2-hydroxyethylthio)ethanesulfonate;2-Hydroxyoctanoate,2,"2-(2-hydroxyethylthio)ethanesulfonate:[SKiD_substrates,0.536]|2-Hydroxyoctanoate:[SKiD_substrates,0.345]",active_site_compatibility;functional_group_match;herbicide_target_atlas_match;transition_state_mimicry,0.92,0.7873011945749164,inhibit_synergy_model_inference_requires_assay_validation
a21d39822cad6866,hydroxycinnamate-CoA shikimate transferase,BAHD acyltransferase,early_vegetative,2-(2-hydroxyethylthio)ethanesulfonate;2-Hydroxyoctanoate,2,"2-(2-hydroxyethylthio)ethanesulfonate:[SKiD_substrates,0.536]|2-Hydroxyoctanoate:[SKiD_substrates,0.345]",active_site_compatibility;functional_group_match;herbicide_target_atlas_match;transition_state_mimicry,0.92,0.7873011945749164,inhibit_synergy_model_inference_requires_assay_validation
7a45ea47664950ff,hydroxycinnamoyl-CoA:shikimate hydroxycinnamoyl transferase 1,BAHD acyltransferase,early_vegetative,2-(2-hydroxyethylthio)ethanesulfonate;3-hydroxysalicylate,2,"2-(2-hydroxyethylthio)ethanesulfonate:[SKiD_substrates,0.536]|3-hydroxysalicylate:[SKiD_substrates,0.345]",active_site_compatibility;functional_group_match;herbicide_target_atlas_match;transition_state_mimicry,0.92,0.7872242515198664,inhibit_synergy_model_inference_requires_assay_validation
22c43eeefb0e6b50,caffeoylshikimate esterase,BAHD acyltransferase,early_vegetative,2-(2-hydroxyethylthio)ethanesulfonate;3-hydroxysalicylate,2,"2-(2-hydroxyethylthio)ethanesulfonate:[SKiD_substrates,0.536]|3-hydroxysalicylate:[SKiD_substrates,0.345]",active_site_compatibility;functional_group_match;herbicide_target_atlas_match;transition_state_mimicry,0.92,0.7872242515198664,inhibit_synergy_model_inference_requires_assay_validation
ec610355f48cf5cd,GH5_21,GH,germination,"2,6-dimethoxyphenol;2-hydroxyethylphosphonate",2,"2-hydroxyethylphosphonate:[SKiD_substrates,0.599]|2,6-dimethoxyphenol:[SKiD_substrates,0.364]",active_site_compatibility;functional_group_match;herbicide_target_atlas_match;known_inhibitor_class_similarity;transition_state_mimicry,0.92,0.7862985060525642,inhibit_synergy_model_inference_requires_assay_validation
f3fa1a2cdd376931,hydroxycinnamate-CoA shikimate transferase,BAHD acyltransferase,early_vegetative,2-(2-hydroxyethylthio)ethanesulfonate;3-hydroxypropanoic acid,2,"2-(2-hydroxyethylthio)ethanesulfonate:[SKiD_substrates,0.536]|3-hydroxypropanoic acid:[SKiD_substrates,0.343]",active_site_compatibility;functional_group_match;herbicide_target_atlas_match;transition_state_mimicry,0.92,0.7859843219599332,inhibit_synergy_model_inference_requires_assay_validation
2b5988277564a8e7,caffeoyl shikimate esterase,BAHD acyltransferase,early_vegetative,2-(2-hydroxyethylthio)ethanesulfonate;3-hydroxypropanoic acid,2,"2-(2-hydroxyethylthio)ethanesulfonate:[SKiD_substrates,0.536]|3-hydroxypropanoic acid:[SKiD_substrates,0.343]",active_site_compatibility;functional_group_match;herbicide_target_atlas_match;transition_state_mimicry,0.92,0.7859843219599332,inhibit_synergy_model_inference_requires_assay_validation
eef70a7aca4e08d6,peroxidase,Peroxidase,stress_response,2-(2-hydroxyethylthio)ethanesulfonate;3-hydroxypropanoic acid,2,"2-(2-hydroxyethylthio)ethanesulfonate:[SKiD_substrates,0.536]|3-hydroxypropanoic acid:[SKiD_substrates,0.343]",active_site_compatibility;functional_group_match;herbicide_target_atlas_match;transition_state_mimicry,0.92,0.7859843219599332,inhibit_synergy_model_inference_requires_assay_validation
1a51479bf0a93af8,ribulose bisphosphate carboxylase oxygenase,RuBisCO,vegetative_expansion,2-(2-hydroxyethylthio)ethanesulfonate;3-hydroxypropanoic acid,2,"2-(2-hydroxyethylthio)ethanesulfonate:[SKiD_substrates,0.536]|3-hydroxypropanoic acid:[SKiD_substrates,0.343]",active_site_compatibility;functional_group_match;herbicide_target_atlas_match;transition_state_mimicry,0.92,0.7859843219599332,inhibit_synergy_model_inference_requires_assay_validation
67f1fadabd9b2a76,phosphoenolpyruvate carboxylase,PEPC,vegetative_expansion,2-(2-hydroxyethylthio)ethanesulfonate;3-hydroxypropanoic acid,2,"2-(2-hydroxyethylthio)ethanesulfonate:[SKiD_substrates,0.536]|3-hydroxypropanoic acid:[SKiD_substrates,0.343]",active_site_compatibility;functional_group_match;herbicide_target_atlas_match;transition_state_mimicry,0.92,0.7859843219599332,inhibit_synergy_model_inference_requires_assay_validation
2dacbb264585617b,alpha-amylase,amylase,germination,2-hydroxyethylphosphonate;glycerone phosphate,2,"2-hydroxyethylphosphonate:[SKiD_substrates,0.599]|glycerone phosphate:[SKiD_substrates,0.368]",active_site_compatibility;functional_group_match;herbicide_target_atlas_match;known_inhibitor_class_similarity;transition_state_mimicry,0.92,0.78448730407,inhibit_synergy_model_inference_requires_assay_validation
dd1d513bc91d58f7,alpha-amylase,amylase,germination,(2-amino-1-hydroxyethyl)phosphonate;glycerone phosphate,2,"(2-amino-1-hydroxyethyl)phosphonate:[SKiD_substrates,0.593]|glycerone phosphate:[SKiD_substrates,0.368]",active_site_compatibility;functional_group_match;herbicide_target_atlas_match;known_inhibitor_class_similarity;transition_state_mimicry,0.92,0.7843497969400001,inhibit_synergy_model_inference_requires_assay_validation
c06953d2c5471a6e,caffeoyl shikimate esterase,BAHD acyltransferase,early_vegetative,"1,4-benzoquinone;glycerone phosphate",2,"glycerone phosphate:[SKiD_substrates,0.434]|1,4-benzoquinone:[SKiD_substrates,0.322]",active_site_compatibility;herbicide_target_atlas_match;natural_product_or_allelopathy_prior;ros_photosynthesis_disruption_prior;transition_state_mimicry,0.92,0.7842568503218061,inhibit_synergy_model_inference_requires_assay_validation
c7fa6afbc7a64030,cellulase,CAZy,germination,2-hydroxyethylphosphonate;gentisate,2,"2-hydroxyethylphosphonate:[SKiD_substrates,0.707]|gentisate:[SKiD_substrates,0.163]",active_site_compatibility;functional_group_match;herbicide_target_atlas_match;known_inhibitor_class_similarity;transition_state_mimicry,0.92,0.7822120491269113,inhibit_synergy_model_inference_requires_assay_validation
afb705e150a4b2e3,cellulase,CAZy,germination,2-hydroxyethylphosphonate;L-ornithine,2,"2-hydroxyethylphosphonate:[SKiD_substrates,0.707]|L-ornithine:[SKiD_substrates,0.162]",active_site_compatibility;functional_group_match;herbicide_target_atlas_match;known_inhibitor_class_similarity;transition_state_mimicry,0.92,0.7813457757181822,inhibit_synergy_model_inference_requires_assay_validation
2896fa962c3e5553,cellulase,CAZy,germination,2-hydroxyethylphosphonate;2-oxoisocaproate,2,"2-hydroxyethylphosphonate:[SKiD_substrates,0.707]|2-oxoisocaproate:[SKiD_substrates,0.161]",active_site_compatibility;functional_group_match;herbicide_target_atlas_match;known_inhibitor_class_similarity;transition_state_mimicry,0.92,0.78112346612051,inhibit_synergy_model_inference_requires_assay_validation
a08cfd65bcfddc4d,EPSP synthase,EPSPS,early_vegetative,2-hydroxyethylphosphonate;5-Formyluracil,2,"2-hydroxyethylphosphonate:[SKiD_substrates,0.707]|5-Formyluracil:[SKiD_substrates,0.160]",active_site_compatibility;functional_group_match;herbicide_target_atlas_match;known_inhibitor_class_similarity;transition_state_mimicry,0.92,0.7801002500544949,inhibit_synergy_model_inference_requires_assay_validation
feb97bfd733045f7,cellulase,CAZy,germination,(2-amino-1-hydroxyethyl)phosphonate;gentisate,2,"(2-amino-1-hydroxyethyl)phosphonate:[SKiD_substrates,0.701]|gentisate:[SKiD_substrates,0.163]",active_site_compatibility;functional_group_match;herbicide_target_atlas_match;known_inhibitor_class_similarity;transition_state_mimicry,0.92,0.7797954026382158,inhibit_synergy_model_inference_requires_assay_validation
4d1aa1359ee1c00b,cellulase,CAZy,germination,(2-amino-1-hydroxyethyl)phosphonate;L-ornithine,2,"(2-amino-1-hydroxyethyl)phosphonate:[SKiD_substrates,0.701]|L-ornithine:[SKiD_substrates,0.162]",active_site_compatibility;functional_group_match;herbicide_target_atlas_match;known_inhibitor_class_similarity;transition_state_mimicry,0.92,0.7789291292294866,inhibit_synergy_model_inference_requires_assay_validation
7b2783c5f48f8293,cellulase,CAZy,germination,(2-amino-1-hydroxyethyl)phosphonate;2-oxoisocaproate,2,"(2-amino-1-hydroxyethyl)phosphonate:[SKiD_substrates,0.701]|2-oxoisocaproate:[SKiD_substrates,0.161]",active_site_compatibility;functional_group_match;herbicide_target_atlas_match;known_inhibitor_class_similarity;transition_state_mimicry,0.92,0.7787068196318144,inhibit_synergy_model_inference_requires_assay_validation
87ce444226f16f55,EPSP synthase,EPSPS,early_vegetative,2-hydroxyethylphosphonate;acetoacetate,2,"2-hydroxyethylphosphonate:[SKiD_substrates,0.707]|acetoacetate:[SKiD_substrates,0.159]",active_site_compatibility;functional_group_match;herbicide_target_atlas_match;known_inhibitor_class_similarity;transition_state_mimicry,0.92,0.7785538414896839,inhibit_synergy_model_inference_requires_assay_validation
222c467e8451142d,EPSP synthase,EPSPS,early_vegetative,(2-amino-1-hydroxyethyl)phosphonate;5-Formyluracil,2,"(2-amino-1-hydroxyethyl)phosphonate:[SKiD_substrates,0.701]|5-Formyluracil:[SKiD_substrates,0.160]",active_site_compatibility;functional_group_match;herbicide_target_atlas_match;known_inhibitor_class_similarity;transition_state_mimicry,0.92,0.7776836035657992,inhibit_synergy_model_inference_requires_assay_validation
4051078dd068c823,EPSP synthase,EPSPS,early_vegetative,(2-amino-1-hydroxyethyl)phosphonate;acetoacetate,2,"(2-amino-1-hydroxyethyl)phosphonate:[SKiD_substrates,0.701]|acetoacetate:[SKiD_substrates,0.159]",active_site_compatibility;functional_group_match;herbicide_target_atlas_match;known_inhibitor_class_similarity;transition_state_mimicry,0.92,0.7761371950009883,inhibit_synergy_model_inference_requires_assay_validation
4e1368fa29fc2ce1,GH5_21,GH,germination,"2,6-dimethoxyphenol;2-(2-hydroxyethylthio)ethanesulfonate",2,"2-(2-hydroxyethylthio)ethanesulfonate:[SKiD_substrates,0.470]|2,6-dimethoxyphenol:[SKiD_substrates,0.364]",active_site_compatibility;functional_group_match;herbicide_target_atlas_match;known_inhibitor_class_similarity;transition_state_mimicry,0.92,0.772872494799398,inhibit_synergy_model_inference_requires_assay_validation
2a009f6e278e32a0,peroxidase,Peroxidase,stress_response,"3,4-dihydroxybenzoate;4-hydroxybenzoate",2,"3,4-dihydroxybenzoate:[SKiD_substrates,0.500]|4-hydroxybenzoate:[SKiD_substrates,0.495]",herbicide_target_atlas_match;known_inhibitor_class_similarity,0.92,0.7704447079648717,inhibit_synergy_model_inference_requires_assay_validation
0a598eeb11fc58d3,hydroxycinnamoyl-CoA:shikimate hydroxycinnamoyl transferase 1,BAHD acyltransferase,early_vegetative,"3,4-dihydroxybenzoate;4-hydroxybenzoate",2,"3,4-dihydroxybenzoate:[SKiD_substrates,0.500]|4-hydroxybenzoate:[SKiD_substrates,0.495]",herbicide_target_atlas_match;known_inhibitor_class_similarity,0.92,0.7704447079648717,inhibit_synergy_model_inference_requires_assay_validation
c7ae38eed659fa56,phosphoenolpyruvate carboxylase,PEPC,vegetative_expansion,"1,4-benzoquinone;3,4-dihydroxybenzoate",2,"3,4-dihydroxybenzoate:[SKiD_substrates,0.500]|1,4-benzoquinone:[SKiD_substrates,0.322]",herbicide_target_atlas_match;known_inhibitor_class_similarity;natural_product_or_allelopathy_prior;ros_photosynthesis_disruption_prior,0.92,0.769915542097592,inhibit_synergy_model_inference_requires_assay_validation
94380e55392d63d7,ribulose bisphosphate carboxylase oxygenase,RuBisCO,vegetative_expansion,"1,4-benzoquinone;3,4-dihydroxybenzoate",2,"3,4-dihydroxybenzoate:[SKiD_substrates,0.500]|1,4-benzoquinone:[SKiD_substrates,0.322]",herbicide_target_atlas_match;known_inhibitor_class_similarity;natural_product_or_allelopathy_prior;ros_photosynthesis_disruption_prior,0.92,0.769915542097592,inhibit_synergy_model_inference_requires_assay_validation
4dfb943f30da2f8b,caffeoylshikimate esterase,BAHD acyltransferase,early_vegetative,"1,4-benzoquinone;3,4-dihydroxybenzoate",2,"3,4-dihydroxybenzoate:[SKiD_substrates,0.500]|1,4-benzoquinone:[SKiD_substrates,0.322]",herbicide_target_atlas_match;known_inhibitor_class_similarity;natural_product_or_allelopathy_prior;ros_photosynthesis_disruption_prior,0.92,0.769915542097592,inhibit_synergy_model_inference_requires_assay_validation
2a44f2963cefdea6,caffeoyl shikimate esterase,BAHD acyltransferase,early_vegetative,"1,4-benzoquinone;3,4-dihydroxybenzoate",2,"3,4-dihydroxybenzoate:[SKiD_substrates,0.500]|1,4-benzoquinone:[SKiD_substrates,0.322]",herbicide_target_atlas_match;known_inhibitor_class_similarity;natural_product_or_allelopathy_prior;ros_photosynthesis_disruption_prior,0.92,0.769915542097592,inhibit_synergy_model_inference_requires_assay_validation
17ef7fefb5bd89a1,peroxidase,Peroxidase,stress_response,"1,4-benzoquinone;3,4-dihydroxybenzoate",2,"3,4-dihydroxybenzoate:[SKiD_substrates,0.500]|1,4-benzoquinone:[SKiD_substrates,0.322]",herbicide_target_atlas_match;known_inhibitor_class_similarity;natural_product_or_allelopathy_prior;ros_photosynthesis_disruption_prior,0.92,0.769915542097592,inhibit_synergy_model_inference_requires_assay_validation
76a08d9030f06dd7,pseudo GABA aminotransferase 3,Aminotransferase,unassigned_stage,2-(2-hydroxyethylthio)ethanesulfonate;2-hydroxyethylphosphonate,2,"2-hydroxyethylphosphonate:[SKiD_substrates,0.587]|2-(2-hydroxyethylthio)ethanesulfonate:[SKiD_substrates,0.458]",active_site_compatibility;functional_group_match;known_inhibitor_class_similarity;transition_state_mimicry,0.92,0.7685088289123077,inhibit_synergy_model_inference_requires_assay_validation
2cabc55fd01d5751,caffeoyl shikimate esterase,BAHD acyltransferase,early_vegetative,"3,4-dihydroxybenzoate;p-toluquinone",2,"3,4-dihydroxybenzoate:[SKiD_substrates,0.500]|p-toluquinone:[SKiD_substrates,0.320]",herbicide_target_atlas_match;known_inhibitor_class_similarity;natural_product_or_allelopathy_prior;ros_photosynthesis_disruption_prior,0.92,0.7680740760219398,inhibit_synergy_model_inference_requires_assay_validation
aaed47da11e836eb,caffeoylshikimate esterase,BAHD acyltransferase,early_vegetative,"3,4-dihydroxybenzoate;p-toluquinone",2,"3,4-dihydroxybenzoate:[SKiD_substrates,0.500]|p-toluquinone:[SKiD_substrates,0.320]",herbicide_target_atlas_match;known_inhibitor_class_similarity;natural_product_or_allelopathy_prior;ros_photosynthesis_disruption_prior,0.92,0.7680740760219398,inhibit_synergy_model_inference_requires_assay_validation
112569cf0b3a990a,hydroxycinnamate-CoA shikimate transferase,BAHD acyltransferase,early_vegetative,"3,4-dihydroxybenzoate;p-toluquinone",2,"3,4-dihydroxybenzoate:[SKiD_substrates,0.500]|p-toluquinone:[SKiD_substrates,0.320]",herbicide_target_atlas_match;known_inhibitor_class_similarity;natural_product_or_allelopathy_prior;ros_photosynthesis_disruption_prior,0.92,0.7680740760219398,inhibit_synergy_model_inference_requires_assay_validation
bc8aff6486d41a47,hydroxycinnamoyl-CoA:shikimate hydroxycinnamoyl transferase 1,BAHD acyltransferase,early_vegetative,"1,4-benzoquinone;4-hydroxybenzoate",2,"4-hydroxybenzoate:[SKiD_substrates,0.495]|1,4-benzoquinone:[SKiD_substrates,0.322]",herbicide_target_atlas_match;known_inhibitor_class_similarity;natural_product_or_allelopathy_prior;ros_photosynthesis_disruption_prior,0.92,0.7675679724005575,inhibit_synergy_model_inference_requires_assay_validation
663d61e687947585,peroxidase,Peroxidase,stress_response,"1,4-benzoquinone;4-hydroxybenzoate",2,"4-hydroxybenzoate:[SKiD_substrates,0.495]|1,4-benzoquinone:[SKiD_substrates,0.322]",herbicide_target_atlas_match;known_inhibitor_class_similarity;natural_product_or_allelopathy_prior;ros_photosynthesis_disruption_prior,0.92,0.7675679724005575,inhibit_synergy_model_inference_requires_assay_validation
bf5be31b4aec4a38,cellulase,CAZy,germination,"3,4-dihydroxybenzoate;S-adenosyl-L-methionine",2,"S-adenosyl-L-methionine:[SKiD_substrates,0.408]|3,4-dihydroxybenzoate:[SKiD_substrates,0.542]",herbicide_target_atlas_match;known_inhibitor_class_similarity,0.92,0.7671755620138461,inhibit_synergy_model_inference_requires_assay_validation
e3c9e20a628ddd5f,hydroxycinnamoyl-CoA:shikimate hydroxycinnamoyl transferase 1,BAHD acyltransferase,early_vegetative,"2-chloro-1,4-benzoquinone;3,4-dihydroxybenzoate",2,"3,4-dihydroxybenzoate:[SKiD_substrates,0.500]|2-chloro-1,4-benzoquinone:[SKiD_substrates,0.319]",herbicide_target_atlas_match;known_inhibitor_class_similarity;natural_product_or_allelopathy_prior;ros_photosynthesis_disruption_prior,0.92,0.7671175626343814,inhibit_synergy_model_inference_requires_assay_validation
dad62682818b1e7b,caffeoyl shikimate esterase,BAHD acyltransferase,early_vegetative,"2-chloro-1,4-benzoquinone;3,4-dihydroxybenzoate",2,"3,4-dihydroxybenzoate:[SKiD_substrates,0.500]|2-chloro-1,4-benzoquinone:[SKiD_substrates,0.319]",herbicide_target_atlas_match;known_inhibitor_class_similarity;natural_product_or_allelopathy_prior;ros_photosynthesis_disruption_prior,0.92,0.7671175626343814,inhibit_synergy_model_inference_requires_assay_validation
9d67c2e011e39870,hydroxycinnamate-CoA shikimate transferase,BAHD acyltransferase,early_vegetative,"3,4-dihydroxybenzoate;hydroquinone",2,"3,4-dihydroxybenzoate:[SKiD_substrates,0.500]|hydroquinone:[SKiD_substrates,0.319]",herbicide_target_atlas_match;known_inhibitor_class_similarity;natural_product_or_allelopathy_prior;ros_photosynthesis_disruption_prior,0.92,0.766490799994582,inhibit_synergy_model_inference_requires_assay_validation
f858f148a3a5f653,hydroxycinnamoyl-CoA:shikimate hydroxycinnamoyl transferase 1,BAHD acyltransferase,early_vegetative,"2-chloro-1,4-benzoquinone;4-hydroxybenzoate",2,"4-hydroxybenzoate:[SKiD_substrates,0.495]|2-chloro-1,4-benzoquinone:[SKiD_substrates,0.319]",herbicide_target_atlas_match;known_inhibitor_class_similarity;natural_product_or_allelopathy_prior;ros_photosynthesis_disruption_prior,0.92,0.7647699929373468,inhibit_synergy_model_inference_requires_assay_validation
470ba11f8ac05d66,acetolactate synthase,ALS/AHAS,seedling_emergence,"2-Hydroxyoctanoate;3,4-dihydroxybenzoate",2,"3,4-dihydroxybenzoate:[SKiD_substrates,0.542]|2-Hydroxyoctanoate:[SKiD_substrates,0.387]",herbicide_target_atlas_match;known_inhibitor_class_similarity,0.92,0.7641512508220513,inhibit_synergy_model_inference_requires_assay_validation
973ef2d58d51501c,EPSP synthase,EPSPS,early_vegetative,"2-Hydroxyoctanoate;3,4-dihydroxybenzoate",2,"3,4-dihydroxybenzoate:[SKiD_substrates,0.542]|2-Hydroxyoctanoate:[SKiD_substrates,0.387]",herbicide_target_atlas_match;known_inhibitor_class_similarity,0.92,0.7641512508220513,inhibit_synergy_model_inference_requires_assay_validation
56f214608b4c5f8a,cellulase,CAZy,germination,"2-Hydroxyoctanoate;3,4-dihydroxybenzoate",2,"3,4-dihydroxybenzoate:[SKiD_substrates,0.542]|2-Hydroxyoctanoate:[SKiD_substrates,0.387]",herbicide_target_atlas_match;known_inhibitor_class_similarity,0.92,0.7641512508220513,inhibit_synergy_model_inference_requires_assay_validation
9ff5a97bef9195c7,cellulase,CAZy,germination,"3,4-dihydroxybenzoate;3-hydroxysalicylate",2,"3,4-dihydroxybenzoate:[SKiD_substrates,0.542]|3-hydroxysalicylate:[SKiD_substrates,0.387]",herbicide_target_atlas_match;known_inhibitor_class_similarity,0.92,0.7641429868076923,inhibit_synergy_model_inference_requires_assay_validation
3359a603a7a9078d,photosystem II,PSII,early_vegetative,"3,4-dihydroxybenzoate;4-hydroxysalicylate",2,"3,4-dihydroxybenzoate:[SKiD_substrates,0.542]|4-hydroxysalicylate:[SKiD_substrates,0.387]",herbicide_target_atlas_match;known_inhibitor_class_similarity,0.92,0.7641429868076923,inhibit_synergy_model_inference_requires_assay_validation
ecf4b1cbc2b41ba0,acetolactate synthase,ALS/AHAS,seedling_emergence,"3,4-dihydroxybenzoate;3-hydroxysalicylate",2,"3,4-dihydroxybenzoate:[SKiD_substrates,0.542]|3-hydroxysalicylate:[SKiD_substrates,0.387]",herbicide_target_atlas_match;known_inhibitor_class_similarity,0.92,0.7641429868076923,inhibit_synergy_model_inference_requires_assay_validation
ee982311250aefa5,hydroxycinnamoyl-CoA:shikimate hydroxycinnamoyl transferase 1,BAHD acyltransferase,early_vegetative,2-(2-hydroxyethylthio)ethanesulfonate;3-indolelactate,2,"2-(2-hydroxyethylthio)ethanesulfonate:[SKiD_substrates,0.536]|3-indolelactate:[SKiD_substrates,0.310]",active_site_compatibility;functional_group_match;herbicide_target_atlas_match;transition_state_mimicry,0.92,0.7641116144573243,inhibit_synergy_model_inference_requires_assay_validation
2a12c380a728214b,caffeoyl shikimate esterase,BAHD acyltransferase,early_vegetative,2-(2-hydroxyethylthio)ethanesulfonate;3-indolelactate,2,"2-(2-hydroxyethylthio)ethanesulfonate:[SKiD_substrates,0.536]|3-indolelactate:[SKiD_substrates,0.310]",active_site_compatibility;functional_group_match;herbicide_target_atlas_match;transition_state_mimicry,0.92,0.7641116144573243,inhibit_synergy_model_inference_requires_assay_validation
6caee1321ce74ed5,Tryptophan Aminotransferase of Arabidopsis 1;TRYPTOPHAN AMINOTRANSFERASE OF ARABIDOPSIS 1,Aminotransferase,unassigned_stage,"1,4-benzoquinone;1-deoxy-D-xylulose 5-phosphate",2,"1-deoxy-D-xylulose 5-phosphate:[SKiD_substrates,0.419]|1,4-benzoquinone:[SKiD_substrates,0.310]",active_site_compatibility;herbicide_target_atlas_match;natural_product_or_allelopathy_prior;ros_photosynthesis_disruption_prior;transition_state_mimicry,0.92,0.763915106818261,inhibit_synergy_model_inference_requires_assay_validation
6a102ef60bdce369,acetyl-CoA carboxylase,ACCase,vegetative_expansion,"3,4-dihydroxybenzoate;3-hydroxypropanoic acid",2,"3,4-dihydroxybenzoate:[SKiD_substrates,0.542]|3-hydroxypropanoic acid:[SKiD_substrates,0.385]",herbicide_target_atlas_match;known_inhibitor_class_similarity,0.92,0.7636451725546153,inhibit_synergy_model_inference_requires_assay_validation
1194c09d8896a000,protoporphyrinogen oxidase,PPO,vegetative_expansion,"3,4-dihydroxybenzoate;3-hydroxypropanoic acid",2,"3,4-dihydroxybenzoate:[SKiD_substrates,0.542]|3-hydroxypropanoic acid:[SKiD_substrates,0.385]",herbicide_target_atlas_match;known_inhibitor_class_similarity,0.92,0.7636451725546153,inhibit_synergy_model_inference_requires_assay_validation
956a7288f4d4b678,acetolactate synthase,ALS/AHAS,seedling_emergence,"3,4-dihydroxybenzoate;3-hydroxypropanoic acid",2,"3,4-dihydroxybenzoate:[SKiD_substrates,0.542]|3-hydroxypropanoic acid:[SKiD_substrates,0.385]",herbicide_target_atlas_match;known_inhibitor_class_similarity,0.92,0.7636451725546153,inhibit_synergy_model_inference_requires_assay_validation
517e04546115a796,cellulase,CAZy,germination,"3,4-dihydroxybenzoate;3-hydroxypropanoic acid",2,"3,4-dihydroxybenzoate:[SKiD_substrates,0.542]|3-hydroxypropanoic acid:[SKiD_substrates,0.385]",herbicide_target_atlas_match;known_inhibitor_class_similarity,0.92,0.7636451725546153,inhibit_synergy_model_inference_requires_assay_validation
cbe73ff007786940,EPSP synthase,EPSPS,early_vegetative,"3,4-dihydroxybenzoate;3-hydroxypropanoic acid",2,"3,4-dihydroxybenzoate:[SKiD_substrates,0.542]|3-hydroxypropanoic acid:[SKiD_substrates,0.385]",herbicide_target_atlas_match;known_inhibitor_class_similarity,0.92,0.7636451725546153,inhibit_synergy_model_inference_requires_assay_validation
79cde1326d8628db,cytochrome P450,Cytochrome P450,specialized_metabolism,"3,4-dihydroxybenzoate;3-hydroxypropanoic acid",2,"3,4-dihydroxybenzoate:[SKiD_substrates,0.542]|3-hydroxypropanoic acid:[SKiD_substrates,0.385]",herbicide_target_atlas_match;known_inhibitor_class_similarity,0.92,0.7636451725546153,inhibit_synergy_model_inference_requires_assay_validation
53e5460554f5764a,photosystem II,PSII,early_vegetative,(2S)-3-carboxy-N-(fluoromethyl)-2-hydroxy-N N-dimethylpropan-1-aminium;S-adenosyl-L-methionine,2,"S-adenosyl-L-methionine:[SKiD_substrates,0.408]|(2S)-3-carboxy-N-(fluoromethyl)-2-hydroxy-N N-dimethylpropan-1-aminium:[SKiD_substrates,0.505]",herbicide_target_atlas_match;known_inhibitor_class_similarity,0.92,0.7620143624927982,inhibit_synergy_model_inference_requires_assay_validation
60c3b1378dc8ea6d,Tryptophan Aminotransferase of Arabidopsis 1;TRYPTOPHAN AMINOTRANSFERASE OF ARABIDOPSIS 1,Aminotransferase,unassigned_stage,1-deoxy-D-xylulose 5-phosphate;hydroquinone,2,"1-deoxy-D-xylulose 5-phosphate:[SKiD_substrates,0.419]|hydroquinone:[SKiD_substrates,0.307]",active_site_compatibility;herbicide_target_atlas_match;natural_product_or_allelopathy_prior;ros_photosynthesis_disruption_prior;transition_state_mimicry,0.92,0.7604903647152509,inhibit_synergy_model_inference_requires_assay_validation
65269fbf17e97cf4,Aromatic Aminotransferase 4,Aminotransferase,unassigned_stage,2-hydroxyethylphosphonate;4-hydroxybenzoate,2,"2-hydroxyethylphosphonate:[SKiD_substrates,0.587]|4-hydroxybenzoate:[SKiD_substrates,0.417]",active_site_compatibility;functional_group_match;known_inhibitor_class_similarity;transition_state_mimicry,0.92,0.7589905279948719,inhibit_synergy_model_inference_requires_assay_validation
833d21cfcf4e9742,LL-Diaminopimelate aminotransferase; LL-DAP aminotransferase,Aminotransferase,unassigned_stage,2-hydroxyethylphosphonate;4-hydroxybenzoate,2,"2-hydroxyethylphosphonate:[SKiD_substrates,0.587]|4-hydroxybenzoate:[SKiD_substrates,0.417]",active_site_compatibility;functional_group_match;known_inhibitor_class_similarity;transition_state_mimicry,0.92,0.7589905279948719,inhibit_synergy_model_inference_requires_assay_validation
43ed4e2424c5e0a2,Prokaryotic-type aspartate aminotransferase; aspartate aminotransferase,Aminotransferase,unassigned_stage,2-hydroxyethylphosphonate;4-hydroxybenzoate,2,"2-hydroxyethylphosphonate:[SKiD_substrates,0.587]|4-hydroxybenzoate:[SKiD_substrates,0.417]",active_site_compatibility;functional_group_match;known_inhibitor_class_similarity;transition_state_mimicry,0.92,0.7589905279948719,inhibit_synergy_model_inference_requires_assay_validation
453da05a72fd8e05,GH13_11,GH,germination,2-hydroxyethylphosphonate;Thionicotinamide,2,"2-hydroxyethylphosphonate:[SKiD_substrates,0.599]|Thionicotinamide:[SKiD_substrates,0.288]",active_site_compatibility;functional_group_match;herbicide_target_atlas_match;known_inhibitor_class_similarity;transition_state_mimicry,0.92,0.7562424257577258,inhibit_synergy_model_inference_requires_assay_validation
369b1d1438bbbf3f,protoporphyrinogen oxidase,PPO,vegetative_expansion,"1,4-benzoquinone;2-Hydroxyoctanoate",2,"1,4-benzoquinone:[SKiD_substrates,0.364]|2-Hydroxyoctanoate:[SKiD_substrates,0.387]",herbicide_target_atlas_match;natural_product_or_allelopathy_prior;ros_photosynthesis_disruption_prior,0.92,0.7561575227426534,inhibit_synergy_model_inference_requires_assay_validation
556dcc0fc4a6fa59,acetyl-CoA carboxylase,ACCase,vegetative_expansion,"1,4-benzoquinone;2-Hydroxyoctanoate",2,"1,4-benzoquinone:[SKiD_substrates,0.364]|2-Hydroxyoctanoate:[SKiD_substrates,0.387]",herbicide_target_atlas_match;natural_product_or_allelopathy_prior;ros_photosynthesis_disruption_prior,0.92,0.7561575227426534,inhibit_synergy_model_inference_requires_assay_validation
469368f60156dd94,cytochrome P450,Cytochrome P450,specialized_metabolism,"1,4-benzoquinone;2-Hydroxyoctanoate",2,"1,4-benzoquinone:[SKiD_substrates,0.364]|2-Hydroxyoctanoate:[SKiD_substrates,0.387]",herbicide_target_atlas_match;natural_product_or_allelopathy_prior;ros_photosynthesis_disruption_prior,0.92,0.7561575227426534,inhibit_synergy_model_inference_requires_assay_validation
41b8663aef2cde0a,photosystem II,PSII,early_vegetative,"1,4-benzoquinone;2-Hydroxyoctanoate",2,"1,4-benzoquinone:[SKiD_substrates,0.364]|2-Hydroxyoctanoate:[SKiD_substrates,0.387]",herbicide_target_atlas_match;natural_product_or_allelopathy_prior;ros_photosynthesis_disruption_prior,0.92,0.7561575227426534,inhibit_synergy_model_inference_requires_assay_validation
4995da1e81d540f3,cellulase,CAZy,germination,"1,4-benzoquinone;3-hydroxysalicylate",2,"3-hydroxysalicylate:[SKiD_substrates,0.387]|1,4-benzoquinone:[SKiD_substrates,0.364]",herbicide_target_atlas_match;natural_product_or_allelopathy_prior;ros_photosynthesis_disruption_prior,0.92,0.756152790793244,inhibit_synergy_model_inference_requires_assay_validation
7d1875b4e83feada,acetyl-CoA carboxylase,ACCase,vegetative_expansion,"1,4-benzoquinone;3-hydroxypropanoic acid",2,"1,4-benzoquinone:[SKiD_substrates,0.364]|3-hydroxypropanoic acid:[SKiD_substrates,0.385]",herbicide_target_atlas_match;natural_product_or_allelopathy_prior;ros_photosynthesis_disruption_prior,0.92,0.755693142470234,inhibit_synergy_model_inference_requires_assay_validation
48e596a870bba59d,EPSP synthase,EPSPS,early_vegetative,"1,4-benzoquinone;3-hydroxypropanoic acid",2,"1,4-benzoquinone:[SKiD_substrates,0.364]|3-hydroxypropanoic acid:[SKiD_substrates,0.385]",herbicide_target_atlas_match;natural_product_or_allelopathy_prior;ros_photosynthesis_disruption_prior,0.92,0.755693142470234,inhibit_synergy_model_inference_requires_assay_validation
35e7057ce2075798,protoporphyrinogen oxidase,PPO,vegetative_expansion,"1,4-benzoquinone;3-hydroxypropanoic acid",2,"1,4-benzoquinone:[SKiD_substrates,0.364]|3-hydroxypropanoic acid:[SKiD_substrates,0.385]",herbicide_target_atlas_match;natural_product_or_allelopathy_prior;ros_photosynthesis_disruption_prior,0.92,0.755693142470234,inhibit_synergy_model_inference_requires_assay_validation
fea4b3799cc3d381,photosystem II,PSII,early_vegetative,"1,4-benzoquinone;3-hydroxypropanoic acid",2,"1,4-benzoquinone:[SKiD_substrates,0.364]|3-hydroxypropanoic acid:[SKiD_substrates,0.385]",herbicide_target_atlas_match;natural_product_or_allelopathy_prior;ros_photosynthesis_disruption_prior,0.92,0.755693142470234,inhibit_synergy_model_inference_requires_assay_validation
3332aaa633fe345e,phosphoenolpyruvate carboxylase,PEPC,vegetative_expansion,"(2S)-3-carboxy-N-(fluoromethyl)-2-hydroxy-N N-dimethylpropan-1-aminium;3,4-dihydroxybenzoate",2,"3,4-dihydroxybenzoate:[SKiD_substrates,0.500]|(2S)-3-carboxy-N-(fluoromethyl)-2-hydroxy-N N-dimethylpropan-1-aminium:[SKiD_substrates,0.463]",herbicide_target_atlas_match;known_inhibitor_class_similarity,0.92,0.7553756619502563,inhibit_synergy_model_inference_requires_assay_validation
a1385f7fc6a81648,hydroxycinnamate-CoA shikimate transferase,BAHD acyltransferase,early_vegetative,"(2S)-3-carboxy-N-(fluoromethyl)-2-hydroxy-N N-dimethylpropan-1-aminium;3,4-dihydroxybenzoate",2,"3,4-dihydroxybenzoate:[SKiD_substrates,0.500]|(2S)-3-carboxy-N-(fluoromethyl)-2-hydroxy-N N-dimethylpropan-1-aminium:[SKiD_substrates,0.463]",herbicide_target_atlas_match;known_inhibitor_class_similarity,0.92,0.7553756619502563,inhibit_synergy_model_inference_requires_assay_validation
448559bc3ea09fad,ribulose bisphosphate carboxylase oxygenase,RuBisCO,vegetative_expansion,"(2S)-3-carboxy-N-(fluoromethyl)-2-hydroxy-N N-dimethylpropan-1-aminium;3,4-dihydroxybenzoate",2,"3,4-dihydroxybenzoate:[SKiD_substrates,0.500]|(2S)-3-carboxy-N-(fluoromethyl)-2-hydroxy-N N-dimethylpropan-1-aminium:[SKiD_substrates,0.463]",herbicide_target_atlas_match;known_inhibitor_class_similarity,0.92,0.7553756619502563,inhibit_synergy_model_inference_requires_assay_validation
0767308dbb83cf5e,peroxidase,Peroxidase,stress_response,"(2S)-3-carboxy-N-(fluoromethyl)-2-hydroxy-N N-dimethylpropan-1-aminium;3,4-dihydroxybenzoate",2,"3,4-dihydroxybenzoate:[SKiD_substrates,0.500]|(2S)-3-carboxy-N-(fluoromethyl)-2-hydroxy-N N-dimethylpropan-1-aminium:[SKiD_substrates,0.463]",herbicide_target_atlas_match;known_inhibitor_class_similarity,0.92,0.7553756619502563,inhibit_synergy_model_inference_requires_assay_validation
72d2614441eb09b3,hydroxycinnamoyl-CoA:shikimate hydroxycinnamoyl transferase 1,BAHD acyltransferase,early_vegetative,(2S)-3-carboxy-N-(fluoromethyl)-2-hydroxy-N N-dimethylpropan-1-aminium;4-hydroxybenzoate,2,"4-hydroxybenzoate:[SKiD_substrates,0.495]|(2S)-3-carboxy-N-(fluoromethyl)-2-hydroxy-N N-dimethylpropan-1-aminium:[SKiD_substrates,0.463]",herbicide_target_atlas_match;known_inhibitor_class_similarity,0.92,0.7551154367546153,inhibit_synergy_model_inference_requires_assay_validation
681be97ababc17c6,peroxidase,Peroxidase,stress_response,(2S)-3-carboxy-N-(fluoromethyl)-2-hydroxy-N N-dimethylpropan-1-aminium;4-hydroxybenzoate,2,"4-hydroxybenzoate:[SKiD_substrates,0.495]|(2S)-3-carboxy-N-(fluoromethyl)-2-hydroxy-N N-dimethylpropan-1-aminium:[SKiD_substrates,0.463]",herbicide_target_atlas_match;known_inhibitor_class_similarity,0.92,0.7551154367546153,inhibit_synergy_model_inference_requires_assay_validation
304a3bf2e56ab1ec,photosystem II,PSII,early_vegetative,2-Hydroxyoctanoate;p-toluquinone,2,"p-toluquinone:[SKiD_substrates,0.362]|2-Hydroxyoctanoate:[SKiD_substrates,0.387]",herbicide_target_atlas_match;natural_product_or_allelopathy_prior;ros_photosynthesis_disruption_prior,0.92,0.7543160566670011,inhibit_synergy_model_inference_requires_assay_validation
50d8352d34877afa,cytochrome P450,Cytochrome P450,specialized_metabolism,2-Hydroxyoctanoate;p-toluquinone,2,"p-toluquinone:[SKiD_substrates,0.362]|2-Hydroxyoctanoate:[SKiD_substrates,0.387]",herbicide_target_atlas_match;natural_product_or_allelopathy_prior;ros_photosynthesis_disruption_prior,0.92,0.7543160566670011,inhibit_synergy_model_inference_requires_assay_validation
3c80a98be4d3ca59,photosystem II,PSII,early_vegetative,3-hydroxypropanoic acid;p-toluquinone,2,"p-toluquinone:[SKiD_substrates,0.362]|3-hydroxypropanoic acid:[SKiD_substrates,0.385]",herbicide_target_atlas_match;natural_product_or_allelopathy_prior;ros_photosynthesis_disruption_prior,0.92,0.753851676394582,inhibit_synergy_model_inference_requires_assay_validation
cf10e139c32046ff,GH13_11,GH,germination,(2-amino-1-hydroxyethyl)phosphonate;Thionicotinamide,2,"(2-amino-1-hydroxyethyl)phosphonate:[SKiD_substrates,0.593]|Thionicotinamide:[SKiD_substrates,0.288]",active_site_compatibility;functional_group_match;herbicide_target_atlas_match;known_inhibitor_class_similarity;transition_state_mimicry,0.92,0.7538257792690302,inhibit_synergy_model_inference_requires_assay_validation
5a25635fd2d0b410,photosystem II,PSII,early_vegetative,"2-Hydroxyoctanoate;2-chloro-1,4-benzoquinone",2,"2-chloro-1,4-benzoquinone:[SKiD_substrates,0.361]|2-Hydroxyoctanoate:[SKiD_substrates,0.387]",herbicide_target_atlas_match;natural_product_or_allelopathy_prior;ros_photosynthesis_disruption_prior,0.92,0.7533595432794425,inhibit_synergy_model_inference_requires_assay_validation
3bbca2f0e545c273,protoporphyrinogen oxidase,PPO,vegetative_expansion,"2-Hydroxyoctanoate;2-chloro-1,4-benzoquinone",2,"2-chloro-1,4-benzoquinone:[SKiD_substrates,0.361]|2-Hydroxyoctanoate:[SKiD_substrates,0.387]",herbicide_target_atlas_match;natural_product_or_allelopathy_prior;ros_photosynthesis_disruption_prior,0.92,0.7533595432794425,inhibit_synergy_model_inference_requires_assay_validation
9c79f69aa8d3f8e2,hydroxycinnamate-CoA shikimate transferase,BAHD acyltransferase,early_vegetative,"(2S)-3-carboxy-N-(fluoromethyl)-2-hydroxy-N N-dimethylpropan-1-aminium;1,4-benzoquinone",2,"(2S)-3-carboxy-N-(fluoromethyl)-2-hydroxy-N N-dimethylpropan-1-aminium:[SKiD_substrates,0.463]|1,4-benzoquinone:[SKiD_substrates,0.322]",herbicide_target_atlas_match;known_inhibitor_class_similarity;natural_product_or_allelopathy_prior;ros_photosynthesis_disruption_prior,0.92,0.7531219793825643,inhibit_synergy_model_inference_requires_assay_validation
3c6969c7cc2e4453,hydroxycinnamoyl-CoA:shikimate hydroxycinnamoyl transferase 1,BAHD acyltransferase,early_vegetative,"(2S)-3-carboxy-N-(fluoromethyl)-2-hydroxy-N N-dimethylpropan-1-aminium;1,4-benzoquinone",2,"(2S)-3-carboxy-N-(fluoromethyl)-2-hydroxy-N N-dimethylpropan-1-aminium:[SKiD_substrates,0.463]|1,4-benzoquinone:[SKiD_substrates,0.322]",herbicide_target_atlas_match;known_inhibitor_class_similarity;natural_product_or_allelopathy_prior;ros_photosynthesis_disruption_prior,0.92,0.7531219793825643,inhibit_synergy_model_inference_requires_assay_validation
6aefcebe4d1526ae,caffeoyl shikimate esterase,BAHD acyltransferase,early_vegetative,"(2S)-3-carboxy-N-(fluoromethyl)-2-hydroxy-N N-dimethylpropan-1-aminium;1,4-benzoquinone",2,"(2S)-3-carboxy-N-(fluoromethyl)-2-hydroxy-N N-dimethylpropan-1-aminium:[SKiD_substrates,0.463]|1,4-benzoquinone:[SKiD_substrates,0.322]",herbicide_target_atlas_match;known_inhibitor_class_similarity;natural_product_or_allelopathy_prior;ros_photosynthesis_disruption_prior,0.92,0.7531219793825643,inhibit_synergy_model_inference_requires_assay_validation
fedad4704b1c089b,caffeoylshikimate esterase,BAHD acyltransferase,early_vegetative,"(2S)-3-carboxy-N-(fluoromethyl)-2-hydroxy-N N-dimethylpropan-1-aminium;1,4-benzoquinone",2,"(2S)-3-carboxy-N-(fluoromethyl)-2-hydroxy-N N-dimethylpropan-1-aminium:[SKiD_substrates,0.463]|1,4-benzoquinone:[SKiD_substrates,0.322]",herbicide_target_atlas_match;known_inhibitor_class_similarity;natural_product_or_allelopathy_prior;ros_photosynthesis_disruption_prior,0.92,0.7531219793825643,inhibit_synergy_model_inference_requires_assay_validation
f9ddccc937830e3c,protoporphyrinogen oxidase,PPO,vegetative_expansion,"2-chloro-1,4-benzoquinone;3-hydroxypropanoic acid",2,"2-chloro-1,4-benzoquinone:[SKiD_substrates,0.361]|3-hydroxypropanoic acid:[SKiD_substrates,0.385]",herbicide_target_atlas_match;natural_product_or_allelopathy_prior;ros_photosynthesis_disruption_prior,0.92,0.7528951630070234,inhibit_synergy_model_inference_requires_assay_validation
19b455997291fe46,photosystem II,PSII,early_vegetative,"2-chloro-1,4-benzoquinone;3-hydroxypropanoic acid",2,"2-chloro-1,4-benzoquinone:[SKiD_substrates,0.361]|3-hydroxypropanoic acid:[SKiD_substrates,0.385]",herbicide_target_atlas_match;natural_product_or_allelopathy_prior;ros_photosynthesis_disruption_prior,0.92,0.7528951630070234,inhibit_synergy_model_inference_requires_assay_validation
bf4c92a101b7e004,acetyl-CoA carboxylase,ACCase,vegetative_expansion,2-Hydroxyoctanoate;hydroquinone,2,"hydroquinone:[SKiD_substrates,0.361]|2-Hydroxyoctanoate:[SKiD_substrates,0.387]",herbicide_target_atlas_match;natural_product_or_allelopathy_prior;ros_photosynthesis_disruption_prior,0.92,0.7527327806396432,inhibit_synergy_model_inference_requires_assay_validation
e85be8cbbc0c6c6c,cytochrome P450,Cytochrome P450,specialized_metabolism,"1,4-benzoquinone;p-toluquinone",2,"1,4-benzoquinone:[SKiD_substrates,0.364]|p-toluquinone:[SKiD_substrates,0.362]",herbicide_target_atlas_match;natural_product_or_allelopathy_prior;ros_photosynthesis_disruption_prior,0.92,0.7524985125887848,inhibit_synergy_model_inference_requires_assay_validation
cc4647129da4ae82,photosystem II,PSII,early_vegetative,"1,4-benzoquinone;p-toluquinone",2,"1,4-benzoquinone:[SKiD_substrates,0.364]|p-toluquinone:[SKiD_substrates,0.362]",herbicide_target_atlas_match;natural_product_or_allelopathy_prior;ros_photosynthesis_disruption_prior,0.92,0.7524985125887848,inhibit_synergy_model_inference_requires_assay_validation
1443860c05dc54d2,acetyl-CoA carboxylase,ACCase,vegetative_expansion,3-hydroxypropanoic acid;hydroquinone,2,"hydroquinone:[SKiD_substrates,0.361]|3-hydroxypropanoic acid:[SKiD_substrates,0.385]",herbicide_target_atlas_match;natural_product_or_allelopathy_prior;ros_photosynthesis_disruption_prior,0.92,0.7522684003672241,inhibit_synergy_model_inference_requires_assay_validation
323ad5ae40a23dd6,Drought-Induced Branched-Chain Amino Acid Aminotransferase,Aminotransferase,germination,2-Hydroxyoctanoate;2-hydroxyethylphosphonate,2,"2-hydroxyethylphosphonate:[SKiD_substrates,0.599]|2-Hydroxyoctanoate:[SKiD_substrates,0.279]",active_site_compatibility;functional_group_match;herbicide_target_atlas_match;known_inhibitor_class_similarity;transition_state_mimicry,0.92,0.7518471959621404,inhibit_synergy_model_inference_requires_assay_validation
2df3aa4debe81b38,alpha-amylase,amylase,germination,2-Hydroxyoctanoate;2-hydroxyethylphosphonate,2,"2-hydroxyethylphosphonate:[SKiD_substrates,0.599]|2-Hydroxyoctanoate:[SKiD_substrates,0.279]",active_site_compatibility;functional_group_match;herbicide_target_atlas_match;known_inhibitor_class_similarity;transition_state_mimicry,0.92,0.7518471959621404,inhibit_synergy_model_inference_requires_assay_validation
17a1b11bd96e5625,alpha-amylase,amylase,germination,2-hydroxyethylphosphonate;4-hydroxysalicylate,2,"2-hydroxyethylphosphonate:[SKiD_substrates,0.599]|4-hydroxysalicylate:[SKiD_substrates,0.279]",active_site_compatibility;functional_group_match;herbicide_target_atlas_match;known_inhibitor_class_similarity;transition_state_mimicry,0.92,0.7517702529070902,inhibit_synergy_model_inference_requires_assay_validation
7eaca4d5a1c02af7,GH157,GH,germination,2-hydroxyethylphosphonate;4-hydroxysalicylate,2,"2-hydroxyethylphosphonate:[SKiD_substrates,0.599]|4-hydroxysalicylate:[SKiD_substrates,0.279]",active_site_compatibility;functional_group_match;herbicide_target_atlas_match;known_inhibitor_class_similarity;transition_state_mimicry,0.92,0.7517702529070902,inhibit_synergy_model_inference_requires_assay_validation
a8eb600db775db6c,Drought-Induced Branched-Chain Amino Acid Aminotransferase,Aminotransferase,germination,2-hydroxyethylphosphonate;4-hydroxysalicylate,2,"2-hydroxyethylphosphonate:[SKiD_substrates,0.599]|4-hydroxysalicylate:[SKiD_substrates,0.279]",active_site_compatibility;functional_group_match;herbicide_target_atlas_match;known_inhibitor_class_similarity;transition_state_mimicry,0.92,0.7517702529070902,inhibit_synergy_model_inference_requires_assay_validation
f3a72898d4e7b32e,alpha-amylase,amylase,germination,2-hydroxyethylphosphonate;3-hydroxysalicylate,2,"2-hydroxyethylphosphonate:[SKiD_substrates,0.599]|3-hydroxysalicylate:[SKiD_substrates,0.279]",active_site_compatibility;functional_group_match;herbicide_target_atlas_match;known_inhibitor_class_similarity;transition_state_mimicry,0.92,0.7517702529070902,inhibit_synergy_model_inference_requires_assay_validation
f0918dcd8f409ad7,photosystem II,PSII,early_vegetative,"1,4-benzoquinone;2-chloro-1,4-benzoquinone",2,"1,4-benzoquinone:[SKiD_substrates,0.364]|2-chloro-1,4-benzoquinone:[SKiD_substrates,0.361]",herbicide_target_atlas_match;natural_product_or_allelopathy_prior;ros_photosynthesis_disruption_prior,0.92,0.7515419992012262,inhibit_synergy_model_inference_requires_assay_validation
f3bee0a63e982982,protoporphyrinogen oxidase,PPO,vegetative_expansion,"1,4-benzoquinone;2-chloro-1,4-benzoquinone",2,"1,4-benzoquinone:[SKiD_substrates,0.364]|2-chloro-1,4-benzoquinone:[SKiD_substrates,0.361]",herbicide_target_atlas_match;natural_product_or_allelopathy_prior;ros_photosynthesis_disruption_prior,0.92,0.7515419992012262,inhibit_synergy_model_inference_requires_assay_validation
7ea990fd5d044548,photosystem II,PSII,early_vegetative,(2S)-3-carboxy-N-(fluoromethyl)-2-hydroxy-N N-dimethylpropan-1-aminium;2-Hydroxyoctanoate,2,"(2S)-3-carboxy-N-(fluoromethyl)-2-hydroxy-N N-dimethylpropan-1-aminium:[SKiD_substrates,0.505]|2-Hydroxyoctanoate:[SKiD_substrates,0.387]",herbicide_target_atlas_match;known_inhibitor_class_similarity,0.92,0.7510886740758083,inhibit_synergy_model_inference_requires_assay_validation
93a54cc05c6f6813,acetyl-CoA carboxylase,ACCase,vegetative_expansion,(2S)-3-carboxy-N-(fluoromethyl)-2-hydroxy-N N-dimethylpropan-1-aminium;2-Hydroxyoctanoate,2,"(2S)-3-carboxy-N-(fluoromethyl)-2-hydroxy-N N-dimethylpropan-1-aminium:[SKiD_substrates,0.505]|2-Hydroxyoctanoate:[SKiD_substrates,0.387]",herbicide_target_atlas_match;known_inhibitor_class_similarity,0.92,0.7510886740758083,inhibit_synergy_model_inference_requires_assay_validation
065eaea9ea4e8fa2,protoporphyrinogen oxidase,PPO,vegetative_expansion,(2S)-3-carboxy-N-(fluoromethyl)-2-hydroxy-N N-dimethylpropan-1-aminium;2-Hydroxyoctanoate,2,"(2S)-3-carboxy-N-(fluoromethyl)-2-hydroxy-N N-dimethylpropan-1-aminium:[SKiD_substrates,0.505]|2-Hydroxyoctanoate:[SKiD_substrates,0.387]",herbicide_target_atlas_match;known_inhibitor_class_similarity,0.92,0.7510886740758083,inhibit_synergy_model_inference_requires_assay_validation
ad86e37870d66769,acetyl-CoA carboxylase,ACCase,vegetative_expansion,"1,4-benzoquinone;hydroquinone",2,"1,4-benzoquinone:[SKiD_substrates,0.364]|hydroquinone:[SKiD_substrates,0.361]",herbicide_target_atlas_match;natural_product_or_allelopathy_prior;ros_photosynthesis_disruption_prior,0.92,0.7509152365614269,inhibit_synergy_model_inference_requires_assay_validation
e01a524124dcd5dd,Drought-Induced Branched-Chain Amino Acid Aminotransferase,Aminotransferase,germination,2-hydroxyethylphosphonate;3-hydroxypropanoic acid,2,"2-hydroxyethylphosphonate:[SKiD_substrates,0.599]|3-hydroxypropanoic acid:[SKiD_substrates,0.277]",active_site_compatibility;functional_group_match;herbicide_target_atlas_match;known_inhibitor_class_similarity;transition_state_mimicry,0.92,0.7505303233471572,inhibit_synergy_model_inference_requires_assay_validation
f4aad26459a00021,alpha-amylase,amylase,germination,2-hydroxyethylphosphonate;3-hydroxypropanoic acid,2,"2-hydroxyethylphosphonate:[SKiD_substrates,0.599]|3-hydroxypropanoic acid:[SKiD_substrates,0.277]",active_site_compatibility;functional_group_match;herbicide_target_atlas_match;known_inhibitor_class_similarity;transition_state_mimicry,0.92,0.7505303233471572,inhibit_synergy_model_inference_requires_assay_validation
be29e41efaf2431f,ribulose bisphosphate carboxylase oxygenase,RuBisCO,vegetative_expansion,"(2S)-3-carboxy-N-(fluoromethyl)-2-hydroxy-N N-dimethylpropan-1-aminium;2-chloro-1,4-benzoquinone",2,"(2S)-3-carboxy-N-(fluoromethyl)-2-hydroxy-N N-dimethylpropan-1-aminium:[SKiD_substrates,0.463]|2-chloro-1,4-benzoquinone:[SKiD_substrates,0.319]",herbicide_target_atlas_match;known_inhibitor_class_similarity;natural_product_or_allelopathy_prior;ros_photosynthesis_disruption_prior,0.92,0.7503239999193534,inhibit_synergy_model_inference_requires_assay_validation
73031ff1ce5c06b5,cytochrome P450,Cytochrome P450,specialized_metabolism,"1,2-naphthoquinone;3-hydroxypropanoic acid",2,"1,2-naphthoquinone:[SKiD_substrates,0.358]|3-hydroxypropanoic acid:[SKiD_substrates,0.385]",herbicide_target_atlas_match;natural_product_or_allelopathy_prior;ros_photosynthesis_disruption_prior,0.92,0.7499034483044815,inhibit_synergy_model_inference_requires_assay_validation
7802708314b3117d,protoporphyrinogen oxidase,PPO,vegetative_expansion,"1,2-naphthoquinone;3-hydroxypropanoic acid",2,"1,2-naphthoquinone:[SKiD_substrates,0.358]|3-hydroxypropanoic acid:[SKiD_substrates,0.385]",herbicide_target_atlas_match;natural_product_or_allelopathy_prior;ros_photosynthesis_disruption_prior,0.92,0.7499034483044815,inhibit_synergy_model_inference_requires_assay_validation
1d4ddb9e102d9834,ribulose bisphosphate carboxylase oxygenase,RuBisCO,vegetative_expansion,(2S)-3-carboxy-N-(fluoromethyl)-2-hydroxy-N N-dimethylpropan-1-aminium;methoxyhydroquinone,2,"(2S)-3-carboxy-N-(fluoromethyl)-2-hydroxy-N N-dimethylpropan-1-aminium:[SKiD_substrates,0.463]|methoxyhydroquinone:[SKiD_substrates,0.319]",herbicide_target_atlas_match;known_inhibitor_class_similarity;natural_product_or_allelopathy_prior;ros_photosynthesis_disruption_prior,0.92,0.7498687238968118,inhibit_synergy_model_inference_requires_assay_validation
eb854936b062540f,phosphoenolpyruvate carboxylase,PEPC,vegetative_expansion,(2S)-3-carboxy-N-(fluoromethyl)-2-hydroxy-N N-dimethylpropan-1-aminium;methoxyhydroquinone,2,"(2S)-3-carboxy-N-(fluoromethyl)-2-hydroxy-N N-dimethylpropan-1-aminium:[SKiD_substrates,0.463]|methoxyhydroquinone:[SKiD_substrates,0.319]",herbicide_target_atlas_match;known_inhibitor_class_similarity;natural_product_or_allelopathy_prior;ros_photosynthesis_disruption_prior,0.92,0.7498687238968118,inhibit_synergy_model_inference_requires_assay_validation
6f63235d13a38586,protoporphyrinogen oxidase,PPO,vegetative_expansion,(2S)-3-carboxy-N-(fluoromethyl)-2-hydroxy-N N-dimethylpropan-1-aminium;3-hydroxypropanoic acid,2,"(2S)-3-carboxy-N-(fluoromethyl)-2-hydroxy-N N-dimethylpropan-1-aminium:[SKiD_substrates,0.505]|3-hydroxypropanoic acid:[SKiD_substrates,0.385]",herbicide_target_atlas_match;known_inhibitor_class_similarity,0.92,0.7497718014608249,inhibit_synergy_model_inference_requires_assay_validation
66f04fa35d3ea497,acetyl-CoA carboxylase,ACCase,vegetative_expansion,(2S)-3-carboxy-N-(fluoromethyl)-2-hydroxy-N N-dimethylpropan-1-aminium;3-hydroxypropanoic acid,2,"(2S)-3-carboxy-N-(fluoromethyl)-2-hydroxy-N N-dimethylpropan-1-aminium:[SKiD_substrates,0.505]|3-hydroxypropanoic acid:[SKiD_substrates,0.385]",herbicide_target_atlas_match;known_inhibitor_class_similarity,0.92,0.7497718014608249,inhibit_synergy_model_inference_requires_assay_validation
a6e43b8c07bc78aa,photosystem II,PSII,early_vegetative,(2S)-3-carboxy-N-(fluoromethyl)-2-hydroxy-N N-dimethylpropan-1-aminium;3-hydroxypropanoic acid,2,"(2S)-3-carboxy-N-(fluoromethyl)-2-hydroxy-N N-dimethylpropan-1-aminium:[SKiD_substrates,0.505]|3-hydroxypropanoic acid:[SKiD_substrates,0.385]",herbicide_target_atlas_match;known_inhibitor_class_similarity,0.92,0.7497718014608249,inhibit_synergy_model_inference_requires_assay_validation
b4f68f1f2c4854f4,cellulase,CAZy,germination,(2S)-3-carboxy-N-(fluoromethyl)-2-hydroxy-N N-dimethylpropan-1-aminium;3-hydroxypropanoic acid,2,"(2S)-3-carboxy-N-(fluoromethyl)-2-hydroxy-N N-dimethylpropan-1-aminium:[SKiD_substrates,0.505]|3-hydroxypropanoic acid:[SKiD_substrates,0.385]",herbicide_target_atlas_match;known_inhibitor_class_similarity,0.92,0.7497718014608249,inhibit_synergy_model_inference_requires_assay_validation
aed39ce1909325d3,phosphoenolpyruvate carboxylase,PEPC,vegetative_expansion,(2S)-3-carboxy-N-(fluoromethyl)-2-hydroxy-N N-dimethylpropan-1-aminium;hydroquinone,2,"(2S)-3-carboxy-N-(fluoromethyl)-2-hydroxy-N N-dimethylpropan-1-aminium:[SKiD_substrates,0.463]|hydroquinone:[SKiD_substrates,0.319]",herbicide_target_atlas_match;known_inhibitor_class_similarity;natural_product_or_allelopathy_prior;ros_photosynthesis_disruption_prior,0.92,0.7496972372795541,inhibit_synergy_model_inference_requires_assay_validation
cf9fa448b61a8498,peroxidase,Peroxidase,stress_response,(2S)-3-carboxy-N-(fluoromethyl)-2-hydroxy-N N-dimethylpropan-1-aminium;hydroquinone,2,"(2S)-3-carboxy-N-(fluoromethyl)-2-hydroxy-N N-dimethylpropan-1-aminium:[SKiD_substrates,0.463]|hydroquinone:[SKiD_substrates,0.319]",herbicide_target_atlas_match;known_inhibitor_class_similarity;natural_product_or_allelopathy_prior;ros_photosynthesis_disruption_prior,0.92,0.7496972372795541,inhibit_synergy_model_inference_requires_assay_validation
bc9828c87cf15730,GH43_13,GH,germination,(2-amino-1-hydroxyethyl)phosphonate;2-Hydroxyoctanoate,2,"(2-amino-1-hydroxyethyl)phosphonate:[SKiD_substrates,0.593]|2-Hydroxyoctanoate:[SKiD_substrates,0.279]",active_site_compatibility;functional_group_match;herbicide_target_atlas_match;known_inhibitor_class_similarity;transition_state_mimicry,0.92,0.7494305494734448,inhibit_synergy_model_inference_requires_assay_validation
e0694066bf42a4ec,GH13_11,GH,germination,(2-amino-1-hydroxyethyl)phosphonate;2-Hydroxyoctanoate,2,"(2-amino-1-hydroxyethyl)phosphonate:[SKiD_substrates,0.593]|2-Hydroxyoctanoate:[SKiD_substrates,0.279]",active_site_compatibility;functional_group_match;herbicide_target_atlas_match;known_inhibitor_class_similarity;transition_state_mimicry,0.92,0.7494305494734448,inhibit_synergy_model_inference_requires_assay_validation
7c28530e4bb5c62b,alpha-amylase,amylase,germination,(2-amino-1-hydroxyethyl)phosphonate;4-hydroxysalicylate,2,"(2-amino-1-hydroxyethyl)phosphonate:[SKiD_substrates,0.593]|4-hydroxysalicylate:[SKiD_substrates,0.279]",active_site_compatibility;functional_group_match;herbicide_target_atlas_match;known_inhibitor_class_similarity;transition_state_mimicry,0.92,0.7493536064183945,inhibit_synergy_model_inference_requires_assay_validation
91d5f3f10f399393,alpha-amylase,amylase,germination,(2-amino-1-hydroxyethyl)phosphonate;3-hydroxysalicylate,2,"(2-amino-1-hydroxyethyl)phosphonate:[SKiD_substrates,0.593]|3-hydroxysalicylate:[SKiD_substrates,0.279]",active_site_compatibility;functional_group_match;herbicide_target_atlas_match;known_inhibitor_class_similarity;transition_state_mimicry,0.92,0.7493536064183945,inhibit_synergy_model_inference_requires_assay_validation
08bed10d451e1ae1,GH157,GH,germination,(2-amino-1-hydroxyethyl)phosphonate;4-hydroxysalicylate,2,"(2-amino-1-hydroxyethyl)phosphonate:[SKiD_substrates,0.593]|4-hydroxysalicylate:[SKiD_substrates,0.279]",active_site_compatibility;functional_group_match;herbicide_target_atlas_match;known_inhibitor_class_similarity;transition_state_mimicry,0.92,0.7493536064183945,inhibit_synergy_model_inference_requires_assay_validation
4d79598748422fce,Drought-Induced Branched-Chain Amino Acid Aminotransferase,Aminotransferase,germination,(2-amino-1-hydroxyethyl)phosphonate;4-hydroxysalicylate,2,"(2-amino-1-hydroxyethyl)phosphonate:[SKiD_substrates,0.593]|4-hydroxysalicylate:[SKiD_substrates,0.279]",active_site_compatibility;functional_group_match;herbicide_target_atlas_match;known_inhibitor_class_similarity;transition_state_mimicry,0.92,0.7493536064183945,inhibit_synergy_model_inference_requires_assay_validation
bb8113bbe51fc927,acetyl-CoA carboxylase,ACCase,vegetative_expansion,"1,4-Naphthoquinone;3-hydroxypropanoic acid",2,"1,4-Naphthoquinone:[SKiD_substrates,0.358]|3-hydroxypropanoic acid:[SKiD_substrates,0.385]",herbicide_target_atlas_match;natural_product_or_allelopathy_prior;ros_photosynthesis_disruption_prior,0.92,0.7492137533079598,inhibit_synergy_model_inference_requires_assay_validation
d6bc3d8a2815e185,Drought-Induced Branched-Chain Amino Acid Aminotransferase,Aminotransferase,germination,(2-amino-1-hydroxyethyl)phosphonate;3-hydroxypropanoic acid,2,"(2-amino-1-hydroxyethyl)phosphonate:[SKiD_substrates,0.593]|3-hydroxypropanoic acid:[SKiD_substrates,0.277]",active_site_compatibility;functional_group_match;herbicide_target_atlas_match;known_inhibitor_class_similarity;transition_state_mimicry,0.92,0.7481136768584616,inhibit_synergy_model_inference_requires_assay_validation
f8d38a5b18145b53,alpha-amylase,amylase,germination,(2-amino-1-hydroxyethyl)phosphonate;3-hydroxypropanoic acid,2,"(2-amino-1-hydroxyethyl)phosphonate:[SKiD_substrates,0.593]|3-hydroxypropanoic acid:[SKiD_substrates,0.277]",active_site_compatibility;functional_group_match;herbicide_target_atlas_match;known_inhibitor_class_similarity;transition_state_mimicry,0.92,0.7481136768584616,inhibit_synergy_model_inference_requires_assay_validation
475a488e48d024b7,peroxidase,Peroxidase,stress_response,"(2S)-3-carboxy-N-(fluoromethyl)-2-hydroxy-N N-dimethylpropan-1-aminium;1,2-naphthoquinone",2,"(2S)-3-carboxy-N-(fluoromethyl)-2-hydroxy-N N-dimethylpropan-1-aminium:[SKiD_substrates,0.463]|1,2-naphthoquinone:[SKiD_substrates,0.316]",herbicide_target_atlas_match;known_inhibitor_class_similarity;natural_product_or_allelopathy_prior;ros_photosynthesis_disruption_prior,0.92,0.7473322852168116,inhibit_synergy_model_inference_requires_assay_validation
c6ebdec4460eb711,Tryptophan Aminotransferase of Arabidopsis 1;TRYPTOPHAN AMINOTRANSFERASE OF ARABIDOPSIS 1,Aminotransferase,unassigned_stage,1-deoxy-D-xylulose 5-phosphate;S-adenosyl-L-methionine,2,"S-adenosyl-L-methionine:[SKiD_substrates,0.354]|1-deoxy-D-xylulose 5-phosphate:[SKiD_substrates,0.419]",active_site_compatibility;herbicide_target_atlas_match;known_inhibitor_class_similarity;transition_state_mimicry,0.92,0.7458509681893647,inhibit_synergy_model_inference_requires_assay_validation
c4b1bdc0811200c2,hydroxycinnamoyl-CoA:shikimate hydroxycinnamoyl transferase 1,BAHD acyltransferase,early_vegetative,"3,4-dihydroxybenzoate;Thionicotinamide",2,"3,4-dihydroxybenzoate:[SKiD_substrates,0.500]|Thionicotinamide:[SKiD_substrates,0.354]",herbicide_target_atlas_match;known_inhibitor_class_similarity;transition_state_mimicry,0.92,0.7453209448472911,inhibit_synergy_model_inference_requires_assay_validation
d76ca86d0eededa9,hydroxycinnamate-CoA shikimate transferase,BAHD acyltransferase,early_vegetative,"3,4-dihydroxybenzoate;Thionicotinamide",2,"3,4-dihydroxybenzoate:[SKiD_substrates,0.500]|Thionicotinamide:[SKiD_substrates,0.354]",herbicide_target_atlas_match;known_inhibitor_class_similarity;transition_state_mimicry,0.92,0.7453209448472911,inhibit_synergy_model_inference_requires_assay_validation
dd53305193f5f3b4,caffeoylshikimate esterase,BAHD acyltransferase,early_vegetative,"3,4-dihydroxybenzoate;Thionicotinamide",2,"3,4-dihydroxybenzoate:[SKiD_substrates,0.500]|Thionicotinamide:[SKiD_substrates,0.354]",herbicide_target_atlas_match;known_inhibitor_class_similarity;transition_state_mimicry,0.92,0.7453209448472911,inhibit_synergy_model_inference_requires_assay_validation
039843fa714c8547,caffeoyl shikimate esterase,BAHD acyltransferase,early_vegetative,"3,4-dihydroxybenzoate;Thionicotinamide",2,"3,4-dihydroxybenzoate:[SKiD_substrates,0.500]|Thionicotinamide:[SKiD_substrates,0.354]",herbicide_target_atlas_match;known_inhibitor_class_similarity;transition_state_mimicry,0.92,0.7453209448472911,inhibit_synergy_model_inference_requires_assay_validation
4909241fb4293d89,caffeoylshikimate esterase,BAHD acyltransferase,early_vegetative,2-(2-hydroxyethylthio)ethanesulfonate;3-methylsalicylate,2,"2-(2-hydroxyethylthio)ethanesulfonate:[SKiD_substrates,0.536]|3-methylsalicylate:[SKiD_substrates,0.280]",active_site_compatibility;functional_group_match;herbicide_target_atlas_match;transition_state_mimicry,0.92,0.7452406943006957,inhibit_synergy_model_inference_requires_assay_validation
5b0ef24b5e605b45,hydroxycinnamate-CoA shikimate transferase,BAHD acyltransferase,early_vegetative,2-(2-hydroxyethylthio)ethanesulfonate;4-methylsalicylate,2,"2-(2-hydroxyethylthio)ethanesulfonate:[SKiD_substrates,0.536]|4-methylsalicylate:[SKiD_substrates,0.280]",active_site_compatibility;functional_group_match;herbicide_target_atlas_match;transition_state_mimicry,0.92,0.7452406943006957,inhibit_synergy_model_inference_requires_assay_validation
b2fa6d4ad2346919,caffeoyl shikimate esterase,BAHD acyltransferase,early_vegetative,2-(2-hydroxyethylthio)ethanesulfonate;salicylate,2,"2-(2-hydroxyethylthio)ethanesulfonate:[SKiD_substrates,0.536]|salicylate:[SKiD_substrates,0.280]",active_site_compatibility;functional_group_match;herbicide_target_atlas_match;transition_state_mimicry,0.92,0.7449816299147827,inhibit_synergy_model_inference_requires_assay_validation
5c76765e9159d784,caffeoylshikimate esterase,BAHD acyltransferase,early_vegetative,2-(2-hydroxyethylthio)ethanesulfonate;5-Aminosalicylate,2,"2-(2-hydroxyethylthio)ethanesulfonate:[SKiD_substrates,0.536]|5-Aminosalicylate:[SKiD_substrates,0.280]",active_site_compatibility;functional_group_match;herbicide_target_atlas_match;transition_state_mimicry,0.92,0.7448776419321739,inhibit_synergy_model_inference_requires_assay_validation
d0e1017a400451d6,caffeoyl shikimate esterase,BAHD acyltransferase,early_vegetative,2-(2-hydroxyethylthio)ethanesulfonate;4-Aminosalicylate,2,"2-(2-hydroxyethylthio)ethanesulfonate:[SKiD_substrates,0.536]|4-Aminosalicylate:[SKiD_substrates,0.280]",active_site_compatibility;functional_group_match;herbicide_target_atlas_match;transition_state_mimicry,0.92,0.7448776419321739,inhibit_synergy_model_inference_requires_assay_validation
501ed3ccb5a90b61,EPSP synthase,EPSPS,early_vegetative,"3,4-dihydroxybenzoate;3-indolelactate",2,"3,4-dihydroxybenzoate:[SKiD_substrates,0.542]|3-indolelactate:[SKiD_substrates,0.352]",herbicide_target_atlas_match;known_inhibitor_class_similarity,0.92,0.7446926566732441,inhibit_synergy_model_inference_requires_assay_validation
b5884a85e2818e20,hydroxycinnamate-CoA shikimate transferase,BAHD acyltransferase,early_vegetative,2-(2-hydroxyethylthio)ethanesulfonate;3-chlorosalicylate,2,"2-(2-hydroxyethylthio)ethanesulfonate:[SKiD_substrates,0.536]|3-chlorosalicylate:[SKiD_substrates,0.278]",active_site_compatibility;functional_group_match;herbicide_target_atlas_match;transition_state_mimicry,0.92,0.7435417238089632,inhibit_synergy_model_inference_requires_assay_validation
3d17133f370b1e88,hydroxycinnamoyl-CoA:shikimate hydroxycinnamoyl transferase 1,BAHD acyltransferase,early_vegetative,4-hydroxybenzoate;Thionicotinamide,2,"4-hydroxybenzoate:[SKiD_substrates,0.495]|Thionicotinamide:[SKiD_substrates,0.354]",herbicide_target_atlas_match;known_inhibitor_class_similarity;transition_state_mimicry,0.92,0.7429733751502563,inhibit_synergy_model_inference_requires_assay_validation
5437a3589c3841e1,protoporphyrinogen oxidase,PPO,vegetative_expansion,"1,4-benzoquinone;3-indolelactate",2,"1,4-benzoquinone:[SKiD_substrates,0.364]|3-indolelactate:[SKiD_substrates,0.352]",herbicide_target_atlas_match;natural_product_or_allelopathy_prior;ros_photosynthesis_disruption_prior,0.92,0.7421605715009587,inhibit_synergy_model_inference_requires_assay_validation
f1906ed15c548d84,acetyl-CoA carboxylase,ACCase,vegetative_expansion,"1,4-benzoquinone;3-indolelactate",2,"1,4-benzoquinone:[SKiD_substrates,0.364]|3-indolelactate:[SKiD_substrates,0.352]",herbicide_target_atlas_match;natural_product_or_allelopathy_prior;ros_photosynthesis_disruption_prior,0.92,0.7421605715009587,inhibit_synergy_model_inference_requires_assay_validation
3c0b271e240be6e9,acetolactate synthase,ALS/AHAS,seedling_emergence,"2-hydroxypentanoate;3,4-dihydroxybenzoate",2,"3,4-dihydroxybenzoate:[SKiD_substrates,0.542]|2-hydroxypentanoate:[SKiD_substrates,0.355]",herbicide_target_atlas_match;known_inhibitor_class_similarity,0.92,0.7411376314369231,inhibit_synergy_model_inference_requires_assay_validation
dff0c8e897676228,alpha-amylase,amylase,germination,"1,4-benzoquinone;2-hydroxyethylphosphonate",2,"2-hydroxyethylphosphonate:[SKiD_substrates,0.599]|1,4-benzoquinone:[SKiD_substrates,0.256]",active_site_compatibility;functional_group_match;herbicide_target_atlas_match;known_inhibitor_class_similarity;natural_product_or_allelopathy_prior;ros_photosynthesis_disruption_prior;transition_state_mimicry,0.92,0.7408370230080268,inhibit_synergy_model_inference_requires_assay_validation
9245d85fae977771,Drought-Induced Branched-Chain Amino Acid Aminotransferase,Aminotransferase,germination,"1,4-benzoquinone;2-hydroxyethylphosphonate",2,"2-hydroxyethylphosphonate:[SKiD_substrates,0.599]|1,4-benzoquinone:[SKiD_substrates,0.256]",active_site_compatibility;functional_group_match;herbicide_target_atlas_match;known_inhibitor_class_similarity;natural_product_or_allelopathy_prior;ros_photosynthesis_disruption_prior;transition_state_mimicry,0.92,0.7408370230080268,inhibit_synergy_model_inference_requires_assay_validation
09148e6a793be414,protoporphyrinogen oxidase,PPO,vegetative_expansion,"2-chloro-1,4-benzoquinone;3-indolelactate",2,"2-chloro-1,4-benzoquinone:[SKiD_substrates,0.361]|3-indolelactate:[SKiD_substrates,0.352]",herbicide_target_atlas_match;natural_product_or_allelopathy_prior;ros_photosynthesis_disruption_prior,0.92,0.7405311103454404,inhibit_synergy_model_inference_requires_assay_validation
f928e5d59d03935e,acetyl-CoA carboxylase,ACCase,vegetative_expansion,3-indolelactate;hydroquinone,2,"hydroquinone:[SKiD_substrates,0.361]|3-indolelactate:[SKiD_substrates,0.352]",herbicide_target_atlas_match;natural_product_or_allelopathy_prior;ros_photosynthesis_disruption_prior,0.92,0.7401944893364102,inhibit_synergy_model_inference_requires_assay_validation
64fc8c1b37cdf1aa,photosystem II,PSII,early_vegetative,"1,4-benzoquinone;5-Hydroxyuracil",2,"5-Hydroxyuracil:[SKiD_substrates,0.356]|1,4-benzoquinone:[SKiD_substrates,0.364]",herbicide_target_atlas_match;natural_product_or_allelopathy_prior;ros_photosynthesis_disruption_prior,0.92,0.7392040872221627,inhibit_synergy_model_inference_requires_assay_validation
4f511e514b762a9f,cytochrome P450,Cytochrome P450,specialized_metabolism,"1,4-benzoquinone;5-Hydroxyuracil",2,"5-Hydroxyuracil:[SKiD_substrates,0.356]|1,4-benzoquinone:[SKiD_substrates,0.364]",herbicide_target_atlas_match;natural_product_or_allelopathy_prior;ros_photosynthesis_disruption_prior,0.92,0.7392040872221627,inhibit_synergy_model_inference_requires_assay_validation
7fd915cd5922232f,GH13_11,GH,germination,2-hydroxyethylphosphonate;p-toluquinone,2,"2-hydroxyethylphosphonate:[SKiD_substrates,0.599]|p-toluquinone:[SKiD_substrates,0.254]",active_site_compatibility;functional_group_match;herbicide_target_atlas_match;known_inhibitor_class_similarity;natural_product_or_allelopathy_prior;ros_photosynthesis_disruption_prior;transition_state_mimicry,0.92,0.7389955569323745,inhibit_synergy_model_inference_requires_assay_validation
8fb1d1fc8286c914,GH13_11,GH,germination,"(2-amino-1-hydroxyethyl)phosphonate;1,4-benzoquinone",2,"(2-amino-1-hydroxyethyl)phosphonate:[SKiD_substrates,0.593]|1,4-benzoquinone:[SKiD_substrates,0.256]",active_site_compatibility;functional_group_match;herbicide_target_atlas_match;known_inhibitor_class_similarity;natural_product_or_allelopathy_prior;ros_photosynthesis_disruption_prior;transition_state_mimicry,0.92,0.7384203765193311,inhibit_synergy_model_inference_requires_assay_validation
c0cc67a1954caed6,GH43_13,GH,germination,"(2-amino-1-hydroxyethyl)phosphonate;1,4-benzoquinone",2,"(2-amino-1-hydroxyethyl)phosphonate:[SKiD_substrates,0.593]|1,4-benzoquinone:[SKiD_substrates,0.256]",active_site_compatibility;functional_group_match;herbicide_target_atlas_match;known_inhibitor_class_similarity;natural_product_or_allelopathy_prior;ros_photosynthesis_disruption_prior;transition_state_mimicry,0.92,0.7384203765193311,inhibit_synergy_model_inference_requires_assay_validation
4af69bcbc21f5814,photosystem II,PSII,early_vegetative,5-Hydroxyuracil;p-toluquinone,2,"5-Hydroxyuracil:[SKiD_substrates,0.356]|p-toluquinone:[SKiD_substrates,0.362]",herbicide_target_atlas_match;natural_product_or_allelopathy_prior;ros_photosynthesis_disruption_prior,0.92,0.7381448729065105,inhibit_synergy_model_inference_requires_assay_validation
a37d457fd4f4fd88,cytochrome P450,Cytochrome P450,specialized_metabolism,5-Hydroxyuracil;p-toluquinone,2,"5-Hydroxyuracil:[SKiD_substrates,0.356]|p-toluquinone:[SKiD_substrates,0.362]",herbicide_target_atlas_match;natural_product_or_allelopathy_prior;ros_photosynthesis_disruption_prior,0.92,0.7381448729065105,inhibit_synergy_model_inference_requires_assay_validation
fb32417d912d9d5b,photosystem II,PSII,early_vegetative,"2-chloro-1,4-benzoquinone;5-Hydroxyuracil",2,"5-Hydroxyuracil:[SKiD_substrates,0.356]|2-chloro-1,4-benzoquinone:[SKiD_substrates,0.361]",herbicide_target_atlas_match;natural_product_or_allelopathy_prior;ros_photosynthesis_disruption_prior,0.92,0.7375746260666444,inhibit_synergy_model_inference_requires_assay_validation
a0b517f52a7e32b1,GH13_11,GH,germination,(2-amino-1-hydroxyethyl)phosphonate;p-toluquinone,2,"(2-amino-1-hydroxyethyl)phosphonate:[SKiD_substrates,0.593]|p-toluquinone:[SKiD_substrates,0.254]",active_site_compatibility;functional_group_match;herbicide_target_atlas_match;known_inhibitor_class_similarity;natural_product_or_allelopathy_prior;ros_photosynthesis_disruption_prior;transition_state_mimicry,0.92,0.7365789104436788,inhibit_synergy_model_inference_requires_assay_validation
c52753ddfae00cc5,alpha-amylase,amylase,germination,2-(2-hydroxyethylthio)ethanesulfonate;S-adenosyl-L-methionine,2,"2-(2-hydroxyethylthio)ethanesulfonate:[SKiD_substrates,0.470]|S-adenosyl-L-methionine:[SKiD_substrates,0.300]",active_site_compatibility;functional_group_match;herbicide_target_atlas_match;known_inhibitor_class_similarity;transition_state_mimicry,0.92,0.7330094916875586,inhibit_synergy_model_inference_requires_assay_validation
a16c61a6f42d4ab0,GH169,GH,germination,2-(2-hydroxyethylthio)ethanesulfonate;S-adenosyl-L-methionine,2,"2-(2-hydroxyethylthio)ethanesulfonate:[SKiD_substrates,0.470]|S-adenosyl-L-methionine:[SKiD_substrates,0.300]",active_site_compatibility;functional_group_match;herbicide_target_atlas_match;known_inhibitor_class_similarity;transition_state_mimicry,0.92,0.7330094916875586,inhibit_synergy_model_inference_requires_assay_validation
39db4f573b49d99d,GH157,GH,germination,2-(2-hydroxyethylthio)ethanesulfonate;S-adenosyl-L-methionine,2,"2-(2-hydroxyethylthio)ethanesulfonate:[SKiD_substrates,0.470]|S-adenosyl-L-methionine:[SKiD_substrates,0.300]",active_site_compatibility;functional_group_match;herbicide_target_atlas_match;known_inhibitor_class_similarity;transition_state_mimicry,0.92,0.7330094916875586,inhibit_synergy_model_inference_requires_assay_validation
51c44d2841d5186d,Drought-Induced Branched-Chain Amino Acid Aminotransferase,Aminotransferase,germination,2-(2-hydroxyethylthio)ethanesulfonate;S-adenosyl-L-methionine,2,"2-(2-hydroxyethylthio)ethanesulfonate:[SKiD_substrates,0.470]|S-adenosyl-L-methionine:[SKiD_substrates,0.300]",active_site_compatibility;functional_group_match;herbicide_target_atlas_match;known_inhibitor_class_similarity;transition_state_mimicry,0.92,0.7330094916875586,inhibit_synergy_model_inference_requires_assay_validation
c7dc1909057c3135,GH5_21,GH,germination,2-(2-hydroxyethylthio)ethanesulfonate;S-adenosyl-L-methionine,2,"2-(2-hydroxyethylthio)ethanesulfonate:[SKiD_substrates,0.470]|S-adenosyl-L-methionine:[SKiD_substrates,0.300]",active_site_compatibility;functional_group_match;herbicide_target_atlas_match;known_inhibitor_class_similarity;transition_state_mimicry,0.92,0.7330094916875586,inhibit_synergy_model_inference_requires_assay_validation
c1e1e023c9355b98,GH43_13,GH,germination,2-(2-hydroxyethylthio)ethanesulfonate;S-adenosyl-L-methionine,2,"2-(2-hydroxyethylthio)ethanesulfonate:[SKiD_substrates,0.470]|S-adenosyl-L-methionine:[SKiD_substrates,0.300]",active_site_compatibility;functional_group_match;herbicide_target_atlas_match;known_inhibitor_class_similarity;transition_state_mimicry,0.92,0.7330094916875586,inhibit_synergy_model_inference_requires_assay_validation
296e18477257c377,alpha-amylase,amylase,germination,2-(2-hydroxyethylthio)ethanesulfonate;glycerone phosphate,2,"2-(2-hydroxyethylthio)ethanesulfonate:[SKiD_substrates,0.470]|glycerone phosphate:[SKiD_substrates,0.368]",active_site_compatibility;functional_group_match;herbicide_target_atlas_match;transition_state_mimicry,0.92,0.732598167870903,inhibit_synergy_model_inference_requires_assay_validation
9e2a3f3ecf614c64,GH5_21,GH,germination,2-(2-hydroxyethylthio)ethanesulfonate;pyridinealdehyde adenine dinucleotide,2,"2-(2-hydroxyethylthio)ethanesulfonate:[SKiD_substrates,0.470]|pyridinealdehyde adenine dinucleotide:[SKiD_substrates,0.304]",active_site_compatibility;functional_group_match;herbicide_target_atlas_match;known_inhibitor_class_similarity;transition_state_mimicry,0.92,0.7322693505117056,inhibit_synergy_model_inference_requires_assay_validation
af11d853f0685b3c,glutamine(amide):a-ketoglutarate aminotransferase (oxidoreductase ferredoxin),Aminotransferase,unassigned_stage,(2S)-3-carboxy-N-(fluoromethyl)-2-hydroxy-N N-dimethylpropan-1-aminium;p-toluquinone,2,"(2S)-3-carboxy-N-(fluoromethyl)-2-hydroxy-N N-dimethylpropan-1-aminium:[SKiD_substrates,0.451]|p-toluquinone:[SKiD_substrates,0.308]",herbicide_target_atlas_match;known_inhibitor_class_similarity;natural_product_or_allelopathy_prior;ros_photosynthesis_disruption_prior,0.92,0.7321500785243034,inhibit_synergy_model_inference_requires_assay_validation
f95b11fd08b8a661,TRYPTOPHAN AMINOTRANSFERASE OF ARABIDOPSIS 1 homolog,Aminotransferase,unassigned_stage,(2S)-3-carboxy-N-(fluoromethyl)-2-hydroxy-N N-dimethylpropan-1-aminium;p-toluquinone,2,"(2S)-3-carboxy-N-(fluoromethyl)-2-hydroxy-N N-dimethylpropan-1-aminium:[SKiD_substrates,0.451]|p-toluquinone:[SKiD_substrates,0.308]",herbicide_target_atlas_match;known_inhibitor_class_similarity;natural_product_or_allelopathy_prior;ros_photosynthesis_disruption_prior,0.92,0.7321500785243034,inhibit_synergy_model_inference_requires_assay_validation
dc5bebb6c2ff0a87,Prephenate Aminotransferase from Arabidopsis thaliana,Aminotransferase,unassigned_stage,(2S)-3-carboxy-N-(fluoromethyl)-2-hydroxy-N N-dimethylpropan-1-aminium;p-toluquinone,2,"(2S)-3-carboxy-N-(fluoromethyl)-2-hydroxy-N N-dimethylpropan-1-aminium:[SKiD_substrates,0.451]|p-toluquinone:[SKiD_substrates,0.308]",herbicide_target_atlas_match;known_inhibitor_class_similarity;natural_product_or_allelopathy_prior;ros_photosynthesis_disruption_prior,0.92,0.7321500785243034,inhibit_synergy_model_inference_requires_assay_validation
0f6b67f6d595c419,Arabidopsis branched-chain aminotransferase 3,Aminotransferase,unassigned_stage,(2S)-3-carboxy-N-(fluoromethyl)-2-hydroxy-N N-dimethylpropan-1-aminium;p-toluquinone,2,"(2S)-3-carboxy-N-(fluoromethyl)-2-hydroxy-N N-dimethylpropan-1-aminium:[SKiD_substrates,0.451]|p-toluquinone:[SKiD_substrates,0.308]",herbicide_target_atlas_match;known_inhibitor_class_similarity;natural_product_or_allelopathy_prior;ros_photosynthesis_disruption_prior,0.92,0.7321500785243034,inhibit_synergy_model_inference_requires_assay_validation
cfe4c9b350c78fbb,Tryptophan Aminotransferase of Arabidopsis 1,Aminotransferase,unassigned_stage,(2S)-3-carboxy-N-(fluoromethyl)-2-hydroxy-N N-dimethylpropan-1-aminium;p-toluquinone,2,"(2S)-3-carboxy-N-(fluoromethyl)-2-hydroxy-N N-dimethylpropan-1-aminium:[SKiD_substrates,0.451]|p-toluquinone:[SKiD_substrates,0.308]",herbicide_target_atlas_match;known_inhibitor_class_similarity;natural_product_or_allelopathy_prior;ros_photosynthesis_disruption_prior,0.92,0.7321500785243034,inhibit_synergy_model_inference_requires_assay_validation
a438acc7ec7228ab,TRYPTOPHAN AMINOTRANSFERASE OF ARABIDOPSIS1; Tryptophan Aminotransferase of Arabidopsis 1,Aminotransferase,unassigned_stage,(2S)-3-carboxy-N-(fluoromethyl)-2-hydroxy-N N-dimethylpropan-1-aminium;p-toluquinone,2,"(2S)-3-carboxy-N-(fluoromethyl)-2-hydroxy-N N-dimethylpropan-1-aminium:[SKiD_substrates,0.451]|p-toluquinone:[SKiD_substrates,0.308]",herbicide_target_atlas_match;known_inhibitor_class_similarity;natural_product_or_allelopathy_prior;ros_photosynthesis_disruption_prior,0.92,0.7321500785243034,inhibit_synergy_model_inference_requires_assay_validation
fda0f8d440551b34,TRYPTOPHAN AMINOTRANSFERASE RELATED1,Aminotransferase,unassigned_stage,(2S)-3-carboxy-N-(fluoromethyl)-2-hydroxy-N N-dimethylpropan-1-aminium;p-toluquinone,2,"(2S)-3-carboxy-N-(fluoromethyl)-2-hydroxy-N N-dimethylpropan-1-aminium:[SKiD_substrates,0.451]|p-toluquinone:[SKiD_substrates,0.308]",herbicide_target_atlas_match;known_inhibitor_class_similarity;natural_product_or_allelopathy_prior;ros_photosynthesis_disruption_prior,0.92,0.7321500785243034,inhibit_synergy_model_inference_requires_assay_validation
7f3c6079d3af2177,ribulose bisphosphate carboxylase oxygenase,RuBisCO,vegetative_expansion,"1,4-benzoquinone;S-adenosyl-L-methionine",2,"S-adenosyl-L-methionine:[SKiD_substrates,0.366]|1,4-benzoquinone:[SKiD_substrates,0.322]",herbicide_target_atlas_match;known_inhibitor_class_similarity;natural_product_or_allelopathy_prior;ros_photosynthesis_disruption_prior,0.92,0.7318189556523076,inhibit_synergy_model_inference_requires_assay_validation
ef0d732eb4207656,phosphoenolpyruvate carboxylase,PEPC,vegetative_expansion,"1,4-benzoquinone;S-adenosyl-L-methionine",2,"S-adenosyl-L-methionine:[SKiD_substrates,0.366]|1,4-benzoquinone:[SKiD_substrates,0.322]",herbicide_target_atlas_match;known_inhibitor_class_similarity;natural_product_or_allelopathy_prior;ros_photosynthesis_disruption_prior,0.92,0.7318189556523076,inhibit_synergy_model_inference_requires_assay_validation
ca24d55743da889d,Arabidopsis branched-chain aminotransferase 3,Aminotransferase,unassigned_stage,"(2S)-3-carboxy-N-(fluoromethyl)-2-hydroxy-N N-dimethylpropan-1-aminium;2-chloro-1,4-benzoquinone",2,"(2S)-3-carboxy-N-(fluoromethyl)-2-hydroxy-N N-dimethylpropan-1-aminium:[SKiD_substrates,0.451]|2-chloro-1,4-benzoquinone:[SKiD_substrates,0.307]",herbicide_target_atlas_match;known_inhibitor_class_similarity;natural_product_or_allelopathy_prior;ros_photosynthesis_disruption_prior,0.92,0.7311935651367448,inhibit_synergy_model_inference_requires_assay_validation
5928c8a47f6b0419,Capsicum annuum PARENTAL ADVICE-1,Aminotransferase,unassigned_stage,"(2S)-3-carboxy-N-(fluoromethyl)-2-hydroxy-N N-dimethylpropan-1-aminium;2-chloro-1,4-benzoquinone",2,"(2S)-3-carboxy-N-(fluoromethyl)-2-hydroxy-N N-dimethylpropan-1-aminium:[SKiD_substrates,0.451]|2-chloro-1,4-benzoquinone:[SKiD_substrates,0.307]",herbicide_target_atlas_match;known_inhibitor_class_similarity;natural_product_or_allelopathy_prior;ros_photosynthesis_disruption_prior,0.92,0.7311935651367448,inhibit_synergy_model_inference_requires_assay_validation
df0da8bf60b0a2c3,TRYPTOPHAN AMINOTRANSFERASE OF ARABIDOPSIS1,Aminotransferase,unassigned_stage,"(2S)-3-carboxy-N-(fluoromethyl)-2-hydroxy-N N-dimethylpropan-1-aminium;2-chloro-1,4-benzoquinone",2,"(2S)-3-carboxy-N-(fluoromethyl)-2-hydroxy-N N-dimethylpropan-1-aminium:[SKiD_substrates,0.451]|2-chloro-1,4-benzoquinone:[SKiD_substrates,0.307]",herbicide_target_atlas_match;known_inhibitor_class_similarity;natural_product_or_allelopathy_prior;ros_photosynthesis_disruption_prior,0.92,0.7311935651367448,inhibit_synergy_model_inference_requires_assay_validation
1789b00be6cbbd4c,Tryptophan Aminotransferase of Arabidopsis 1,Aminotransferase,unassigned_stage,"(2S)-3-carboxy-N-(fluoromethyl)-2-hydroxy-N N-dimethylpropan-1-aminium;2-chloro-1,4-benzoquinone",2,"(2S)-3-carboxy-N-(fluoromethyl)-2-hydroxy-N N-dimethylpropan-1-aminium:[SKiD_substrates,0.451]|2-chloro-1,4-benzoquinone:[SKiD_substrates,0.307]",herbicide_target_atlas_match;known_inhibitor_class_similarity;natural_product_or_allelopathy_prior;ros_photosynthesis_disruption_prior,0.92,0.7311935651367448,inhibit_synergy_model_inference_requires_assay_validation
8a29862acaa7b013,GH13_11,GH,germination,2-(2-hydroxyethylthio)ethanesulfonate;3-acetylpyridine adenine dinucleotide,2,"2-(2-hydroxyethylthio)ethanesulfonate:[SKiD_substrates,0.470]|3-acetylpyridine adenine dinucleotide:[SKiD_substrates,0.302]",active_site_compatibility;functional_group_match;herbicide_target_atlas_match;known_inhibitor_class_similarity;transition_state_mimicry,0.92,0.7307772502054181,inhibit_synergy_model_inference_requires_assay_validation
eacc084142347f4b,TRYPTOPHAN AMINOTRANSFERASE OF ARABIDOPSIS 1 homolog,Aminotransferase,unassigned_stage,(2S)-3-carboxy-N-(fluoromethyl)-2-hydroxy-N N-dimethylpropan-1-aminium;hydroquinone,2,"(2S)-3-carboxy-N-(fluoromethyl)-2-hydroxy-N N-dimethylpropan-1-aminium:[SKiD_substrates,0.451]|hydroquinone:[SKiD_substrates,0.307]",herbicide_target_atlas_match;known_inhibitor_class_similarity;natural_product_or_allelopathy_prior;ros_photosynthesis_disruption_prior,0.92,0.7305668024969455,inhibit_synergy_model_inference_requires_assay_validation
d03cd6a30444097a,TRYPTOPHAN AMINOTRANSFERASE OF ARABIDOPSIS1,Aminotransferase,unassigned_stage,(2S)-3-carboxy-N-(fluoromethyl)-2-hydroxy-N N-dimethylpropan-1-aminium;hydroquinone,2,"(2S)-3-carboxy-N-(fluoromethyl)-2-hydroxy-N N-dimethylpropan-1-aminium:[SKiD_substrates,0.451]|hydroquinone:[SKiD_substrates,0.307]",herbicide_target_atlas_match;known_inhibitor_class_similarity;natural_product_or_allelopathy_prior;ros_photosynthesis_disruption_prior,0.92,0.7305668024969455,inhibit_synergy_model_inference_requires_assay_validation
359f534b36de941e,Arabidopsis aminotransferase,Aminotransferase,unassigned_stage,(2S)-3-carboxy-N-(fluoromethyl)-2-hydroxy-N N-dimethylpropan-1-aminium;hydroquinone,2,"(2S)-3-carboxy-N-(fluoromethyl)-2-hydroxy-N N-dimethylpropan-1-aminium:[SKiD_substrates,0.451]|hydroquinone:[SKiD_substrates,0.307]",herbicide_target_atlas_match;known_inhibitor_class_similarity;natural_product_or_allelopathy_prior;ros_photosynthesis_disruption_prior,0.92,0.7305668024969455,inhibit_synergy_model_inference_requires_assay_validation
f4d85972330acbf3,Prephenate Aminotransferase from Arabidopsis thaliana,Aminotransferase,unassigned_stage,(2S)-3-carboxy-N-(fluoromethyl)-2-hydroxy-N N-dimethylpropan-1-aminium;hydroquinone,2,"(2S)-3-carboxy-N-(fluoromethyl)-2-hydroxy-N N-dimethylpropan-1-aminium:[SKiD_substrates,0.451]|hydroquinone:[SKiD_substrates,0.307]",herbicide_target_atlas_match;known_inhibitor_class_similarity;natural_product_or_allelopathy_prior;ros_photosynthesis_disruption_prior,0.92,0.7305668024969455,inhibit_synergy_model_inference_requires_assay_validation
47fc37675f4d852b,TRYPTOPHAN AMINOTRANSFERASE OF ARABIDOPSIS1; Tryptophan Aminotransferase of Arabidopsis 1,Aminotransferase,unassigned_stage,(2S)-3-carboxy-N-(fluoromethyl)-2-hydroxy-N N-dimethylpropan-1-aminium;hydroquinone,2,"(2S)-3-carboxy-N-(fluoromethyl)-2-hydroxy-N N-dimethylpropan-1-aminium:[SKiD_substrates,0.451]|hydroquinone:[SKiD_substrates,0.307]",herbicide_target_atlas_match;known_inhibitor_class_similarity;natural_product_or_allelopathy_prior;ros_photosynthesis_disruption_prior,0.92,0.7305668024969455,inhibit_synergy_model_inference_requires_assay_validation
b644c2a31e8b0dba,Arabidopsis TRYPTOPHAN AMINOTRANSFERASE OF ARABIDOPSIS 1,Aminotransferase,unassigned_stage,(2S)-3-carboxy-N-(fluoromethyl)-2-hydroxy-N N-dimethylpropan-1-aminium;hydroquinone,2,"(2S)-3-carboxy-N-(fluoromethyl)-2-hydroxy-N N-dimethylpropan-1-aminium:[SKiD_substrates,0.451]|hydroquinone:[SKiD_substrates,0.307]",herbicide_target_atlas_match;known_inhibitor_class_similarity;natural_product_or_allelopathy_prior;ros_photosynthesis_disruption_prior,0.92,0.7305668024969455,inhibit_synergy_model_inference_requires_assay_validation
4a0b4f433c2caa44,Tryptophan Aminotransferase of Arabidopsis 1;TRYPTOPHAN AMINOTRANSFERASE OF ARABIDOPSIS 1,Aminotransferase,unassigned_stage,(2S)-3-carboxy-N-(fluoromethyl)-2-hydroxy-N N-dimethylpropan-1-aminium;hydroquinone,2,"(2S)-3-carboxy-N-(fluoromethyl)-2-hydroxy-N N-dimethylpropan-1-aminium:[SKiD_substrates,0.451]|hydroquinone:[SKiD_substrates,0.307]",herbicide_target_atlas_match;known_inhibitor_class_similarity;natural_product_or_allelopathy_prior;ros_photosynthesis_disruption_prior,0.92,0.7305668024969455,inhibit_synergy_model_inference_requires_assay_validation
2b7d7680cfb14867,glutamine(amide):a-ketoglutarate aminotransferase (oxidoreductase ferredoxin),Aminotransferase,unassigned_stage,(2S)-3-carboxy-N-(fluoromethyl)-2-hydroxy-N N-dimethylpropan-1-aminium;hydroquinone,2,"(2S)-3-carboxy-N-(fluoromethyl)-2-hydroxy-N N-dimethylpropan-1-aminium:[SKiD_substrates,0.451]|hydroquinone:[SKiD_substrates,0.307]",herbicide_target_atlas_match;known_inhibitor_class_similarity;natural_product_or_allelopathy_prior;ros_photosynthesis_disruption_prior,0.92,0.7305668024969455,inhibit_synergy_model_inference_requires_assay_validation
71238b69dd62401c,Capsicum annuum alanine aminotransferase 1,Aminotransferase,unassigned_stage,(2S)-3-carboxy-N-(fluoromethyl)-2-hydroxy-N N-dimethylpropan-1-aminium;hydroquinone,2,"(2S)-3-carboxy-N-(fluoromethyl)-2-hydroxy-N N-dimethylpropan-1-aminium:[SKiD_substrates,0.451]|hydroquinone:[SKiD_substrates,0.307]",herbicide_target_atlas_match;known_inhibitor_class_similarity;natural_product_or_allelopathy_prior;ros_photosynthesis_disruption_prior,0.92,0.7305668024969455,inhibit_synergy_model_inference_requires_assay_validation
29938d6cb73925fa,ribulose bisphosphate carboxylase oxygenase,RuBisCO,vegetative_expansion,"1,4-benzoquinone;Thionicotinamide",2,"1,4-benzoquinone:[SKiD_substrates,0.322]|Thionicotinamide:[SKiD_substrates,0.354]",herbicide_target_atlas_match;natural_product_or_allelopathy_prior;ros_photosynthesis_disruption_prior;transition_state_mimicry,0.92,0.7300840068155183,inhibit_synergy_model_inference_requires_assay_validation
1e062f9c6e5c414b,peroxidase,Peroxidase,stress_response,"1,4-benzoquinone;Thionicotinamide",2,"1,4-benzoquinone:[SKiD_substrates,0.322]|Thionicotinamide:[SKiD_substrates,0.354]",herbicide_target_atlas_match;natural_product_or_allelopathy_prior;ros_photosynthesis_disruption_prior;transition_state_mimicry,0.92,0.7300840068155183,inhibit_synergy_model_inference_requires_assay_validation
b64d0127568d752b,phosphoenolpyruvate carboxylase,PEPC,vegetative_expansion,"1,4-benzoquinone;Thionicotinamide",2,"1,4-benzoquinone:[SKiD_substrates,0.322]|Thionicotinamide:[SKiD_substrates,0.354]",herbicide_target_atlas_match;natural_product_or_allelopathy_prior;ros_photosynthesis_disruption_prior;transition_state_mimicry,0.92,0.7300840068155183,inhibit_synergy_model_inference_requires_assay_validation
8f0356312e5ecc70,GH13_11,GH,germination,2-hydroxyethylphosphonate;3-indolelactate,2,"2-hydroxyethylphosphonate:[SKiD_substrates,0.599]|3-indolelactate:[SKiD_substrates,0.244]",active_site_compatibility;functional_group_match;herbicide_target_atlas_match;known_inhibitor_class_similarity;transition_state_mimicry,0.92,0.7286576158445486,inhibit_synergy_model_inference_requires_assay_validation
e00d5bf4967338b2,photosystem II,PSII,early_vegetative,3-hydroxypropanoic acid;S-adenosyl-L-methionine,2,"S-adenosyl-L-methionine:[SKiD_substrates,0.408]|3-hydroxypropanoic acid:[SKiD_substrates,0.385]",herbicide_target_atlas_match;known_inhibitor_class_similarity,0.92,0.7284687777305686,inhibit_synergy_model_inference_requires_assay_validation
8e97a79bfe8ad61c,cytochrome P450,Cytochrome P450,specialized_metabolism,2-Hydroxyoctanoate;Thionicotinamide,2,"2-Hydroxyoctanoate:[SKiD_substrates,0.387]|Thionicotinamide:[SKiD_substrates,0.396]",herbicide_target_atlas_match;transition_state_mimicry,0.92,0.7280507015087624,inhibit_synergy_model_inference_requires_assay_validation
e35525ab8fd50ce7,acetyl-CoA carboxylase,ACCase,vegetative_expansion,2-Hydroxyoctanoate;Thionicotinamide,2,"2-Hydroxyoctanoate:[SKiD_substrates,0.387]|Thionicotinamide:[SKiD_substrates,0.396]",herbicide_target_atlas_match;transition_state_mimicry,0.92,0.7280507015087624,inhibit_synergy_model_inference_requires_assay_validation
18f67967d35aa626,protoporphyrinogen oxidase,PPO,vegetative_expansion,2-Hydroxyoctanoate;Thionicotinamide,2,"2-Hydroxyoctanoate:[SKiD_substrates,0.387]|Thionicotinamide:[SKiD_substrates,0.396]",herbicide_target_atlas_match;transition_state_mimicry,0.92,0.7280507015087624,inhibit_synergy_model_inference_requires_assay_validation
0625f70215b6c9d7,protoporphyrinogen oxidase,PPO,vegetative_expansion,(2S)-3-carboxy-N-(fluoromethyl)-2-hydroxy-N N-dimethylpropan-1-aminium;3-indolelactate,2,"(2S)-3-carboxy-N-(fluoromethyl)-2-hydroxy-N N-dimethylpropan-1-aminium:[SKiD_substrates,0.505]|3-indolelactate:[SKiD_substrates,0.352]",herbicide_target_atlas_match;known_inhibitor_class_similarity,0.92,0.7278990939582163,inhibit_synergy_model_inference_requires_assay_validation
5475867ab459e1a2,acetyl-CoA carboxylase,ACCase,vegetative_expansion,(2S)-3-carboxy-N-(fluoromethyl)-2-hydroxy-N N-dimethylpropan-1-aminium;3-indolelactate,2,"(2S)-3-carboxy-N-(fluoromethyl)-2-hydroxy-N N-dimethylpropan-1-aminium:[SKiD_substrates,0.505]|3-indolelactate:[SKiD_substrates,0.352]",herbicide_target_atlas_match;known_inhibitor_class_similarity,0.92,0.7278990939582163,inhibit_synergy_model_inference_requires_assay_validation
02ae7d79de235510,cytochrome P450,Cytochrome P450,specialized_metabolism,3-hydroxypropanoic acid;Thionicotinamide,2,"3-hydroxypropanoic acid:[SKiD_substrates,0.385]|Thionicotinamide:[SKiD_substrates,0.396]",herbicide_target_atlas_match;transition_state_mimicry,0.92,0.7267338288937792,inhibit_synergy_model_inference_requires_assay_validation
c39482689dbe52c0,photosystem II,PSII,early_vegetative,3-hydroxypropanoic acid;Thionicotinamide,2,"3-hydroxypropanoic acid:[SKiD_substrates,0.385]|Thionicotinamide:[SKiD_substrates,0.396]",herbicide_target_atlas_match;transition_state_mimicry,0.92,0.7267338288937792,inhibit_synergy_model_inference_requires_assay_validation
c25351c282b26ad7,acetyl-CoA carboxylase,ACCase,vegetative_expansion,3-hydroxypropanoic acid;Thionicotinamide,2,"3-hydroxypropanoic acid:[SKiD_substrates,0.385]|Thionicotinamide:[SKiD_substrates,0.396]",herbicide_target_atlas_match;transition_state_mimicry,0.92,0.7267338288937792,inhibit_synergy_model_inference_requires_assay_validation
470af43d12dfad98,protoporphyrinogen oxidase,PPO,vegetative_expansion,3-hydroxypropanoic acid;Thionicotinamide,2,"3-hydroxypropanoic acid:[SKiD_substrates,0.385]|Thionicotinamide:[SKiD_substrates,0.396]",herbicide_target_atlas_match;transition_state_mimicry,0.92,0.7267338288937792,inhibit_synergy_model_inference_requires_assay_validation
3e6fbca5192d132d,GH13_11,GH,germination,(2-amino-1-hydroxyethyl)phosphonate;3-indolelactate,2,"(2-amino-1-hydroxyethyl)phosphonate:[SKiD_substrates,0.593]|3-indolelactate:[SKiD_substrates,0.244]",active_site_compatibility;functional_group_match;herbicide_target_atlas_match;known_inhibitor_class_similarity;transition_state_mimicry,0.92,0.7262409693558529,inhibit_synergy_model_inference_requires_assay_validation
c6f916b4a812c4af,alpha-amylase,amylase,germination,"3,4-dihydroxybenzoate;glycerone phosphate",2,"3,4-dihydroxybenzoate:[SKiD_substrates,0.434]|glycerone phosphate:[SKiD_substrates,0.368]",active_site_compatibility;herbicide_target_atlas_match;known_inhibitor_class_similarity;transition_state_mimicry,0.92,0.7262226883476923,inhibit_synergy_model_inference_requires_assay_validation
95cfafaee1731fac,hydroxycinnamate-CoA shikimate transferase,BAHD acyltransferase,early_vegetative,2-hydroxyethylphosphonate;homogentisate,2,"2-hydroxyethylphosphonate:[SKiD_substrates,0.665]|homogentisate:[SKiD_substrates,0.139]",active_site_compatibility;functional_group_match;herbicide_target_atlas_match;known_inhibitor_class_similarity;transition_state_mimicry,0.92,0.7259967852822373,inhibit_synergy_model_inference_requires_assay_validation
06477163836dd6e5,EPSP synthase,EPSPS,early_vegetative,"3,4-dihydroxybenzoate;3-methylsalicylate",2,"3,4-dihydroxybenzoate:[SKiD_substrates,0.542]|3-methylsalicylate:[SKiD_substrates,0.322]",herbicide_target_atlas_match;known_inhibitor_class_similarity,0.92,0.7258217365166153,inhibit_synergy_model_inference_requires_assay_validation
1c196d994f60a1c3,caffeoylshikimate esterase,BAHD acyltransferase,early_vegetative,2-hydroxyethylphosphonate;2-oxocaproate,2,"2-hydroxyethylphosphonate:[SKiD_substrates,0.665]|2-oxocaproate:[SKiD_substrates,0.139]",active_site_compatibility;functional_group_match;herbicide_target_atlas_match;known_inhibitor_class_similarity;transition_state_mimicry,0.92,0.7256832617885101,inhibit_synergy_model_inference_requires_assay_validation
6777e1a1a93afdbe,hydroxycinnamoyl-CoA:shikimate hydroxycinnamoyl transferase 1,BAHD acyltransferase,early_vegetative,2-hydroxyethylphosphonate;Mandelate,2,"2-hydroxyethylphosphonate:[SKiD_substrates,0.665]|Mandelate:[SKiD_substrates,0.139]",active_site_compatibility;functional_group_match;herbicide_target_atlas_match;known_inhibitor_class_similarity;transition_state_mimicry,0.92,0.7255822416017441,inhibit_synergy_model_inference_requires_assay_validation
d231f95299e16358,cellulase,CAZy,germination,"3,4-dihydroxybenzoate;salicylate",2,"3,4-dihydroxybenzoate:[SKiD_substrates,0.542]|salicylate:[SKiD_substrates,0.322]",herbicide_target_atlas_match;known_inhibitor_class_similarity,0.92,0.7255626721307024,inhibit_synergy_model_inference_requires_assay_validation
87c789bf1e25fdae,acetolactate synthase,ALS/AHAS,seedling_emergence,"3,4-dihydroxybenzoate;5-Aminosalicylate",2,"3,4-dihydroxybenzoate:[SKiD_substrates,0.542]|5-Aminosalicylate:[SKiD_substrates,0.322]",herbicide_target_atlas_match;known_inhibitor_class_similarity,0.92,0.7254586841480936,inhibit_synergy_model_inference_requires_assay_validation
e9476d7ce5ce9252,cellulase,CAZy,germination,"3,4-dihydroxybenzoate;3-aminosalicylate",2,"3,4-dihydroxybenzoate:[SKiD_substrates,0.542]|3-aminosalicylate:[SKiD_substrates,0.322]",herbicide_target_atlas_match;known_inhibitor_class_similarity,0.92,0.7254586841480936,inhibit_synergy_model_inference_requires_assay_validation
517a197e8f7a4dfa,photosystem II,PSII,early_vegetative,(2S)-3-carboxy-N-(fluoromethyl)-2-hydroxy-N N-dimethylpropan-1-aminium;5-Hydroxyuracil,2,"(2S)-3-carboxy-N-(fluoromethyl)-2-hydroxy-N N-dimethylpropan-1-aminium:[SKiD_substrates,0.505]|5-Hydroxyuracil:[SKiD_substrates,0.356]",herbicide_target_atlas_match;known_inhibitor_class_similarity,0.92,0.7249426096794201,inhibit_synergy_model_inference_requires_assay_validation
debee88b9bcc3d13,cytochrome P450,Cytochrome P450,specialized_metabolism,(2S)-3-carboxy-N-(fluoromethyl)-2-hydroxy-N N-dimethylpropan-1-aminium;5-Hydroxyuracil,2,"(2S)-3-carboxy-N-(fluoromethyl)-2-hydroxy-N N-dimethylpropan-1-aminium:[SKiD_substrates,0.505]|5-Hydroxyuracil:[SKiD_substrates,0.356]",herbicide_target_atlas_match;known_inhibitor_class_similarity,0.92,0.7249426096794201,inhibit_synergy_model_inference_requires_assay_validation
50a64024299e4568,acetolactate synthase,ALS/AHAS,seedling_emergence,"2-oxo-octanoate;3,4-dihydroxybenzoate",2,"3,4-dihydroxybenzoate:[SKiD_substrates,0.542]|2-oxo-octanoate:[SKiD_substrates,0.321]",herbicide_target_atlas_match;known_inhibitor_class_similarity,0.92,0.7246741473512374,inhibit_synergy_model_inference_requires_assay_validation
2f6e42ed5db09156,EPSP synthase,EPSPS,early_vegetative,"3,4-dihydroxybenzoate;4-chlorosalicylate",2,"3,4-dihydroxybenzoate:[SKiD_substrates,0.542]|4-chlorosalicylate:[SKiD_substrates,0.320]",herbicide_target_atlas_match;known_inhibitor_class_similarity,0.92,0.7241227660248829,inhibit_synergy_model_inference_requires_assay_validation
5fd03161291a0d4d,acetyl-CoA carboxylase,ACCase,vegetative_expansion,"1,4-benzoquinone;2-oxo-octanoate",2,"1,4-benzoquinone:[SKiD_substrates,0.364]|2-oxo-octanoate:[SKiD_substrates,0.321]",herbicide_target_atlas_match;natural_product_or_allelopathy_prior;ros_photosynthesis_disruption_prior,0.92,0.722142062178952,inhibit_synergy_model_inference_requires_assay_validation
230c9042178f9a4a,cytochrome P450,Cytochrome P450,specialized_metabolism,"1,4-benzoquinone;2-oxo-octanoate",2,"1,4-benzoquinone:[SKiD_substrates,0.364]|2-oxo-octanoate:[SKiD_substrates,0.321]",herbicide_target_atlas_match;natural_product_or_allelopathy_prior;ros_photosynthesis_disruption_prior,0.92,0.722142062178952,inhibit_synergy_model_inference_requires_assay_validation
95f8fa918e36a0db,photosystem II,PSII,early_vegetative,"1,4-benzoquinone;2-oxo-octanoate",2,"1,4-benzoquinone:[SKiD_substrates,0.364]|2-oxo-octanoate:[SKiD_substrates,0.321]",herbicide_target_atlas_match;natural_product_or_allelopathy_prior;ros_photosynthesis_disruption_prior,0.92,0.722142062178952,inhibit_synergy_model_inference_requires_assay_validation
e313ec7e1cf647d2,protoporphyrinogen oxidase,PPO,vegetative_expansion,"1,4-benzoquinone;2-oxo-octanoate",2,"1,4-benzoquinone:[SKiD_substrates,0.364]|2-oxo-octanoate:[SKiD_substrates,0.321]",herbicide_target_atlas_match;natural_product_or_allelopathy_prior;ros_photosynthesis_disruption_prior,0.92,0.722142062178952,inhibit_synergy_model_inference_requires_assay_validation
17497ab02e27868e,EPSP synthase,EPSPS,early_vegetative,"3,4-dihydroxybenzoate;isethionate",2,"isethionate:[SKiD_substrates,0.315]|3,4-dihydroxybenzoate:[SKiD_substrates,0.542]",herbicide_target_atlas_match;known_inhibitor_class_similarity,0.92,0.7201018404484281,inhibit_synergy_model_inference_requires_assay_validation
5875a67478523252,acetolactate synthase,ALS/AHAS,seedling_emergence,"3,4-dihydroxybenzoate;isethionate",2,"isethionate:[SKiD_substrates,0.315]|3,4-dihydroxybenzoate:[SKiD_substrates,0.542]",herbicide_target_atlas_match;known_inhibitor_class_similarity,0.92,0.7201018404484281,inhibit_synergy_model_inference_requires_assay_validation
8481bec67e8dad75,protoporphyrinogen oxidase,PPO,vegetative_expansion,"1,4-benzoquinone;isethionate",2,"isethionate:[SKiD_substrates,0.315]|1,4-benzoquinone:[SKiD_substrates,0.364]",herbicide_target_atlas_match;natural_product_or_allelopathy_prior;ros_photosynthesis_disruption_prior,0.92,0.7175697552761426,inhibit_synergy_model_inference_requires_assay_validation
f7dd260cf066275e,acetyl-CoA carboxylase,ACCase,vegetative_expansion,"1,4-benzoquinone;isethionate",2,"isethionate:[SKiD_substrates,0.315]|1,4-benzoquinone:[SKiD_substrates,0.364]",herbicide_target_atlas_match;natural_product_or_allelopathy_prior;ros_photosynthesis_disruption_prior,0.92,0.7175697552761426,inhibit_synergy_model_inference_requires_assay_validation
c0339d48b767a91f,cytochrome P450,Cytochrome P450,specialized_metabolism,"1,4-benzoquinone;isethionate",2,"isethionate:[SKiD_substrates,0.315]|1,4-benzoquinone:[SKiD_substrates,0.364]",herbicide_target_atlas_match;natural_product_or_allelopathy_prior;ros_photosynthesis_disruption_prior,0.92,0.7175697552761426,inhibit_synergy_model_inference_requires_assay_validation
e7caba18bb9b18ea,photosystem II,PSII,early_vegetative,"1,4-benzoquinone;isethionate",2,"isethionate:[SKiD_substrates,0.315]|1,4-benzoquinone:[SKiD_substrates,0.364]",herbicide_target_atlas_match;natural_product_or_allelopathy_prior;ros_photosynthesis_disruption_prior,0.92,0.7175697552761426,inhibit_synergy_model_inference_requires_assay_validation
adeb56bf0381fdee,cytochrome P450,Cytochrome P450,specialized_metabolism,isethionate;p-toluquinone,2,"isethionate:[SKiD_substrates,0.315]|p-toluquinone:[SKiD_substrates,0.362]",herbicide_target_atlas_match;natural_product_or_allelopathy_prior;ros_photosynthesis_disruption_prior,0.92,0.7165105409604905,inhibit_synergy_model_inference_requires_assay_validation
2271b165de4b8ddd,photosystem II,PSII,early_vegetative,isethionate;p-toluquinone,2,"isethionate:[SKiD_substrates,0.315]|p-toluquinone:[SKiD_substrates,0.362]",herbicide_target_atlas_match;natural_product_or_allelopathy_prior;ros_photosynthesis_disruption_prior,0.92,0.7165105409604905,inhibit_synergy_model_inference_requires_assay_validation
16a591d213b8fca6,protoporphyrinogen oxidase,PPO,vegetative_expansion,"2-chloro-1,4-benzoquinone;isethionate",2,"isethionate:[SKiD_substrates,0.315]|2-chloro-1,4-benzoquinone:[SKiD_substrates,0.361]",herbicide_target_atlas_match;natural_product_or_allelopathy_prior;ros_photosynthesis_disruption_prior,0.92,0.7159402941206243,inhibit_synergy_model_inference_requires_assay_validation
abd94d87745a884e,acetyl-CoA carboxylase,ACCase,vegetative_expansion,hydroquinone;isethionate,2,"isethionate:[SKiD_substrates,0.315]|hydroquinone:[SKiD_substrates,0.361]",herbicide_target_atlas_match;natural_product_or_allelopathy_prior;ros_photosynthesis_disruption_prior,0.92,0.7156036731115941,inhibit_synergy_model_inference_requires_assay_validation
62fa61eb6bfc20fa,caffeoyl shikimate esterase,BAHD acyltransferase,early_vegetative,3-hydroxypropanoic acid;glycerone phosphate,2,"glycerone phosphate:[SKiD_substrates,0.434]|3-hydroxypropanoic acid:[SKiD_substrates,0.343]",active_site_compatibility;herbicide_target_atlas_match;transition_state_mimicry,0.92,0.7139501506609365,inhibit_synergy_model_inference_requires_assay_validation
059a8acd95fd0717,Arabidopsis branched-chain aminotransferase 3,Aminotransferase,unassigned_stage,"1,4-benzoquinone;S-adenosyl-L-methionine",2,"S-adenosyl-L-methionine:[SKiD_substrates,0.354]|1,4-benzoquinone:[SKiD_substrates,0.310]",herbicide_target_atlas_match;known_inhibitor_class_similarity;natural_product_or_allelopathy_prior;ros_photosynthesis_disruption_prior,0.92,0.7126885208696991,inhibit_synergy_model_inference_requires_assay_validation
d314d44bf4298a97,TRYPTOPHAN AMINOTRANSFERASE OF ARABIDOPSIS 1 homolog,Aminotransferase,unassigned_stage,"1,4-benzoquinone;S-adenosyl-L-methionine",2,"S-adenosyl-L-methionine:[SKiD_substrates,0.354]|1,4-benzoquinone:[SKiD_substrates,0.310]",herbicide_target_atlas_match;known_inhibitor_class_similarity;natural_product_or_allelopathy_prior;ros_photosynthesis_disruption_prior,0.92,0.7126885208696991,inhibit_synergy_model_inference_requires_assay_validation
c0fe422b842eb856,TRYPTOPHAN AMINOTRANSFERASE OF ARABIDOPSIS1; Tryptophan Aminotransferase of Arabidopsis 1,Aminotransferase,unassigned_stage,"1,4-benzoquinone;S-adenosyl-L-methionine",2,"S-adenosyl-L-methionine:[SKiD_substrates,0.354]|1,4-benzoquinone:[SKiD_substrates,0.310]",herbicide_target_atlas_match;known_inhibitor_class_similarity;natural_product_or_allelopathy_prior;ros_photosynthesis_disruption_prior,0.92,0.7126885208696991,inhibit_synergy_model_inference_requires_assay_validation
9b699089144d17b0,hydroxycinnamoyl-CoA:shikimate hydroxycinnamoyl transferase 1,BAHD acyltransferase,early_vegetative,"2,2'-sulfanediyldi(ethan-1-ol);2-hydroxyethylphosphonate",2,"2-hydroxyethylphosphonate:[SKiD_substrates,0.665]|2,2'-sulfanediyldi(ethan-1-ol):[SKiD_substrates,0.117]",active_site_compatibility;functional_group_match;herbicide_target_atlas_match;known_inhibitor_class_similarity;transition_state_mimicry,0.92,0.710649635345938,inhibit_synergy_model_inference_requires_assay_validation
81ed098303d9b171,phosphoenolpyruvate carboxylase,PEPC,vegetative_expansion,"2-hydroxyethylphosphonate;2-methylene-1,3-propanediol",2,"2-hydroxyethylphosphonate:[SKiD_substrates,0.665]|2-methylene-1,3-propanediol:[SKiD_substrates,0.116]",active_site_compatibility;functional_group_match;herbicide_target_atlas_match;known_inhibitor_class_similarity;transition_state_mimicry,0.92,0.7103186538956823,inhibit_synergy_model_inference_requires_assay_validation
ed4c06322c8edbc2,GH13_11,GH,germination,2-hydroxyethylphosphonate;3-methylsalicylate,2,"2-hydroxyethylphosphonate:[SKiD_substrates,0.599]|3-methylsalicylate:[SKiD_substrates,0.214]",active_site_compatibility;functional_group_match;herbicide_target_atlas_match;known_inhibitor_class_similarity;transition_state_mimicry,0.92,0.7097866956879197,inhibit_synergy_model_inference_requires_assay_validation
80cb26f9e03fc0bf,GH43_13,GH,germination,2-hydroxyethylphosphonate;5-Fluorosalicylate,2,"2-hydroxyethylphosphonate:[SKiD_substrates,0.599]|5-Fluorosalicylate:[SKiD_substrates,0.214]",active_site_compatibility;functional_group_match;herbicide_target_atlas_match;known_inhibitor_class_similarity;transition_state_mimicry,0.92,0.7097479310723747,inhibit_synergy_model_inference_requires_assay_validation
95aa52fe7994b0c7,alpha-amylase,amylase,germination,2-hydroxyethylphosphonate;salicylate,2,"2-hydroxyethylphosphonate:[SKiD_substrates,0.599]|salicylate:[SKiD_substrates,0.214]",active_site_compatibility;functional_group_match;herbicide_target_atlas_match;known_inhibitor_class_similarity;transition_state_mimicry,0.92,0.7095276313020067,inhibit_synergy_model_inference_requires_assay_validation
a4ced663d8781b0f,hydroxycinnamoyl-CoA:shikimate hydroxycinnamoyl transferase 1,BAHD acyltransferase,early_vegetative,4-hydroxybenzoate;S-adenosyl-L-methionine,2,"S-adenosyl-L-methionine:[SKiD_substrates,0.366]|4-hydroxybenzoate:[SKiD_substrates,0.495]",herbicide_target_atlas_match;known_inhibitor_class_similarity,0.92,0.709503833771661,inhibit_synergy_model_inference_requires_assay_validation
5b560cd61d766451,alpha-amylase,amylase,germination,(2S)-3-carboxy-N-(fluoromethyl)-2-hydroxy-N N-dimethylpropan-1-aminium;glycerone phosphate,2,"(2S)-3-carboxy-N-(fluoromethyl)-2-hydroxy-N N-dimethylpropan-1-aminium:[SKiD_substrates,0.397]|glycerone phosphate:[SKiD_substrates,0.368]",active_site_compatibility;herbicide_target_atlas_match;known_inhibitor_class_similarity;transition_state_mimicry,0.92,0.7094291256326645,inhibit_synergy_model_inference_requires_assay_validation
072e402e72f1cb02,GH13_11,GH,germination,2-hydroxyethylphosphonate;5-Aminosalicylate,2,"2-hydroxyethylphosphonate:[SKiD_substrates,0.599]|5-Aminosalicylate:[SKiD_substrates,0.214]",active_site_compatibility;functional_group_match;herbicide_target_atlas_match;known_inhibitor_class_similarity;transition_state_mimicry,0.92,0.7094236433193979,inhibit_synergy_model_inference_requires_assay_validation
110a4814c8dea9aa,Drought-Induced Branched-Chain Amino Acid Aminotransferase,Aminotransferase,germination,2-hydroxyethylphosphonate;4-Aminosalicylate,2,"2-hydroxyethylphosphonate:[SKiD_substrates,0.599]|4-Aminosalicylate:[SKiD_substrates,0.214]",active_site_compatibility;functional_group_match;herbicide_target_atlas_match;known_inhibitor_class_similarity;transition_state_mimicry,0.92,0.7094236433193979,inhibit_synergy_model_inference_requires_assay_validation
d523cfc1bc37d64f,Tryptophan Aminotransferase of Arabidopsis 1,Aminotransferase,unassigned_stage,(2S)-3-carboxy-N-(fluoromethyl)-2-hydroxy-N N-dimethylpropan-1-aminium;Thionicotinamide,2,"(2S)-3-carboxy-N-(fluoromethyl)-2-hydroxy-N N-dimethylpropan-1-aminium:[SKiD_substrates,0.451]|Thionicotinamide:[SKiD_substrates,0.342]",herbicide_target_atlas_match;known_inhibitor_class_similarity;transition_state_mimicry,0.92,0.7093969473496543,inhibit_synergy_model_inference_requires_assay_validation
014770bbcd6de761,Capsicum annuum alanine aminotransferase 1,Aminotransferase,unassigned_stage,(2S)-3-carboxy-N-(fluoromethyl)-2-hydroxy-N N-dimethylpropan-1-aminium;Thionicotinamide,2,"(2S)-3-carboxy-N-(fluoromethyl)-2-hydroxy-N N-dimethylpropan-1-aminium:[SKiD_substrates,0.451]|Thionicotinamide:[SKiD_substrates,0.342]",herbicide_target_atlas_match;known_inhibitor_class_similarity;transition_state_mimicry,0.92,0.7093969473496543,inhibit_synergy_model_inference_requires_assay_validation
889aaa455484a143,Tryptophan Aminotransferase of Arabidopsis 1;TRYPTOPHAN AMINOTRANSFERASE OF ARABIDOPSIS 1,Aminotransferase,unassigned_stage,(2S)-3-carboxy-N-(fluoromethyl)-2-hydroxy-N N-dimethylpropan-1-aminium;Thionicotinamide,2,"(2S)-3-carboxy-N-(fluoromethyl)-2-hydroxy-N N-dimethylpropan-1-aminium:[SKiD_substrates,0.451]|Thionicotinamide:[SKiD_substrates,0.342]",herbicide_target_atlas_match;known_inhibitor_class_similarity;transition_state_mimicry,0.92,0.7093969473496543,inhibit_synergy_model_inference_requires_assay_validation
03c942f2b1da3f58,Capsicum annuum PARENTAL ADVICE-1,Aminotransferase,unassigned_stage,(2S)-3-carboxy-N-(fluoromethyl)-2-hydroxy-N N-dimethylpropan-1-aminium;Thionicotinamide,2,"(2S)-3-carboxy-N-(fluoromethyl)-2-hydroxy-N N-dimethylpropan-1-aminium:[SKiD_substrates,0.451]|Thionicotinamide:[SKiD_substrates,0.342]",herbicide_target_atlas_match;known_inhibitor_class_similarity;transition_state_mimicry,0.92,0.7093969473496543,inhibit_synergy_model_inference_requires_assay_validation
8dfd7373d768bbb3,Arabidopsis branched-chain aminotransferase 3,Aminotransferase,unassigned_stage,(2S)-3-carboxy-N-(fluoromethyl)-2-hydroxy-N N-dimethylpropan-1-aminium;Thionicotinamide,2,"(2S)-3-carboxy-N-(fluoromethyl)-2-hydroxy-N N-dimethylpropan-1-aminium:[SKiD_substrates,0.451]|Thionicotinamide:[SKiD_substrates,0.342]",herbicide_target_atlas_match;known_inhibitor_class_similarity;transition_state_mimicry,0.92,0.7093969473496543,inhibit_synergy_model_inference_requires_assay_validation
028f7302d5b39237,glutamine(amide):a-ketoglutarate aminotransferase (oxidoreductase ferredoxin),Aminotransferase,unassigned_stage,(2S)-3-carboxy-N-(fluoromethyl)-2-hydroxy-N N-dimethylpropan-1-aminium;Thionicotinamide,2,"(2S)-3-carboxy-N-(fluoromethyl)-2-hydroxy-N N-dimethylpropan-1-aminium:[SKiD_substrates,0.451]|Thionicotinamide:[SKiD_substrates,0.342]",herbicide_target_atlas_match;known_inhibitor_class_similarity;transition_state_mimicry,0.92,0.7093969473496543,inhibit_synergy_model_inference_requires_assay_validation
cea5d4c1997e45b9,GH13_11,GH,germination,2-(2-hydroxyethylthio)ethanesulfonate;p-toluquinone,2,"2-(2-hydroxyethylthio)ethanesulfonate:[SKiD_substrates,0.470]|p-toluquinone:[SKiD_substrates,0.254]",active_site_compatibility;functional_group_match;herbicide_target_atlas_match;natural_product_or_allelopathy_prior;ros_photosynthesis_disruption_prior;transition_state_mimicry,0.92,0.7092321642408027,inhibit_synergy_model_inference_requires_assay_validation
a88f534fff304a45,alpha-amylase,amylase,germination,2-(2-hydroxyethylthio)ethanesulfonate;p-toluquinone,2,"2-(2-hydroxyethylthio)ethanesulfonate:[SKiD_substrates,0.470]|p-toluquinone:[SKiD_substrates,0.254]",active_site_compatibility;functional_group_match;herbicide_target_atlas_match;natural_product_or_allelopathy_prior;ros_photosynthesis_disruption_prior;transition_state_mimicry,0.92,0.7092321642408027,inhibit_synergy_model_inference_requires_assay_validation
ad56fffe55b188f9,GH43_13,GH,germination,2-(2-hydroxyethylthio)ethanesulfonate;p-toluquinone,2,"2-(2-hydroxyethylthio)ethanesulfonate:[SKiD_substrates,0.470]|p-toluquinone:[SKiD_substrates,0.254]",active_site_compatibility;functional_group_match;herbicide_target_atlas_match;natural_product_or_allelopathy_prior;ros_photosynthesis_disruption_prior;transition_state_mimicry,0.92,0.7092321642408027,inhibit_synergy_model_inference_requires_assay_validation
25247afa84b6f552,Drought-Induced Branched-Chain Amino Acid Aminotransferase,Aminotransferase,germination,2-(2-hydroxyethylthio)ethanesulfonate;p-toluquinone,2,"2-(2-hydroxyethylthio)ethanesulfonate:[SKiD_substrates,0.470]|p-toluquinone:[SKiD_substrates,0.254]",active_site_compatibility;functional_group_match;herbicide_target_atlas_match;natural_product_or_allelopathy_prior;ros_photosynthesis_disruption_prior;transition_state_mimicry,0.92,0.7092321642408027,inhibit_synergy_model_inference_requires_assay_validation
5e38e6b83061169e,GH13_11,GH,germination,2-hydroxyethylphosphonate;2-oxo-octanoate,2,"2-hydroxyethylphosphonate:[SKiD_substrates,0.599]|2-oxo-octanoate:[SKiD_substrates,0.213]",active_site_compatibility;functional_group_match;herbicide_target_atlas_match;known_inhibitor_class_similarity;transition_state_mimicry,0.92,0.7086391065225419,inhibit_synergy_model_inference_requires_assay_validation
1a622aaa2c9bc4a5,GH157,GH,germination,"2-(2-hydroxyethylthio)ethanesulfonate;2-chloro-1,4-benzoquinone",2,"2-(2-hydroxyethylthio)ethanesulfonate:[SKiD_substrates,0.470]|2-chloro-1,4-benzoquinone:[SKiD_substrates,0.253]",active_site_compatibility;functional_group_match;herbicide_target_atlas_match;natural_product_or_allelopathy_prior;ros_photosynthesis_disruption_prior;transition_state_mimicry,0.92,0.7082756508532442,inhibit_synergy_model_inference_requires_assay_validation
e3f3e733fab90189,GH169,GH,germination,"2-(2-hydroxyethylthio)ethanesulfonate;2-chloro-1,4-benzoquinone",2,"2-(2-hydroxyethylthio)ethanesulfonate:[SKiD_substrates,0.470]|2-chloro-1,4-benzoquinone:[SKiD_substrates,0.253]",active_site_compatibility;functional_group_match;herbicide_target_atlas_match;natural_product_or_allelopathy_prior;ros_photosynthesis_disruption_prior;transition_state_mimicry,0.92,0.7082756508532442,inhibit_synergy_model_inference_requires_assay_validation
759c98e2077eeb9b,GH5_21,GH,germination,"2-(2-hydroxyethylthio)ethanesulfonate;2-chloro-1,4-benzoquinone",2,"2-(2-hydroxyethylthio)ethanesulfonate:[SKiD_substrates,0.470]|2-chloro-1,4-benzoquinone:[SKiD_substrates,0.253]",active_site_compatibility;functional_group_match;herbicide_target_atlas_match;natural_product_or_allelopathy_prior;ros_photosynthesis_disruption_prior;transition_state_mimicry,0.92,0.7082756508532442,inhibit_synergy_model_inference_requires_assay_validation
cb14a8bdbd18c219,protoporphyrinogen oxidase,PPO,vegetative_expansion,(2S)-3-carboxy-N-(fluoromethyl)-2-hydroxy-N N-dimethylpropan-1-aminium;2-oxo-octanoate,2,"(2S)-3-carboxy-N-(fluoromethyl)-2-hydroxy-N N-dimethylpropan-1-aminium:[SKiD_substrates,0.505]|2-oxo-octanoate:[SKiD_substrates,0.321]",herbicide_target_atlas_match;known_inhibitor_class_similarity,0.92,0.7078805846362095,inhibit_synergy_model_inference_requires_assay_validation
e165bc391ddc1ac2,cytochrome P450,Cytochrome P450,specialized_metabolism,(2S)-3-carboxy-N-(fluoromethyl)-2-hydroxy-N N-dimethylpropan-1-aminium;2-oxo-octanoate,2,"(2S)-3-carboxy-N-(fluoromethyl)-2-hydroxy-N N-dimethylpropan-1-aminium:[SKiD_substrates,0.505]|2-oxo-octanoate:[SKiD_substrates,0.321]",herbicide_target_atlas_match;known_inhibitor_class_similarity,0.92,0.7078805846362095,inhibit_synergy_model_inference_requires_assay_validation
10471713fd67bafd,acetyl-CoA carboxylase,ACCase,vegetative_expansion,(2S)-3-carboxy-N-(fluoromethyl)-2-hydroxy-N N-dimethylpropan-1-aminium;2-oxo-octanoate,2,"(2S)-3-carboxy-N-(fluoromethyl)-2-hydroxy-N N-dimethylpropan-1-aminium:[SKiD_substrates,0.505]|2-oxo-octanoate:[SKiD_substrates,0.321]",herbicide_target_atlas_match;known_inhibitor_class_similarity,0.92,0.7078805846362095,inhibit_synergy_model_inference_requires_assay_validation
10821565bc078412,photosystem II,PSII,early_vegetative,(2S)-3-carboxy-N-(fluoromethyl)-2-hydroxy-N N-dimethylpropan-1-aminium;2-oxo-octanoate,2,"(2S)-3-carboxy-N-(fluoromethyl)-2-hydroxy-N N-dimethylpropan-1-aminium:[SKiD_substrates,0.505]|2-oxo-octanoate:[SKiD_substrates,0.321]",herbicide_target_atlas_match;known_inhibitor_class_similarity,0.92,0.7078805846362095,inhibit_synergy_model_inference_requires_assay_validation
a7d39afdac355d98,GH169,GH,germination,2-(2-hydroxyethylthio)ethanesulfonate;methoxyhydroquinone,2,"2-(2-hydroxyethylthio)ethanesulfonate:[SKiD_substrates,0.470]|methoxyhydroquinone:[SKiD_substrates,0.253]",active_site_compatibility;functional_group_match;herbicide_target_atlas_match;natural_product_or_allelopathy_prior;ros_photosynthesis_disruption_prior;transition_state_mimicry,0.92,0.7078203748307024,inhibit_synergy_model_inference_requires_assay_validation
403b1c3de4ebf5e0,GH13_11,GH,germination,2-(2-hydroxyethylthio)ethanesulfonate;methoxyhydroquinone,2,"2-(2-hydroxyethylthio)ethanesulfonate:[SKiD_substrates,0.470]|methoxyhydroquinone:[SKiD_substrates,0.253]",active_site_compatibility;functional_group_match;herbicide_target_atlas_match;natural_product_or_allelopathy_prior;ros_photosynthesis_disruption_prior;transition_state_mimicry,0.92,0.7078203748307024,inhibit_synergy_model_inference_requires_assay_validation
652b7434856e613b,GH169,GH,germination,2-(2-hydroxyethylthio)ethanesulfonate;hydroquinone,2,"2-(2-hydroxyethylthio)ethanesulfonate:[SKiD_substrates,0.470]|hydroquinone:[SKiD_substrates,0.253]",active_site_compatibility;functional_group_match;herbicide_target_atlas_match;natural_product_or_allelopathy_prior;ros_photosynthesis_disruption_prior;transition_state_mimicry,0.92,0.7076488882134448,inhibit_synergy_model_inference_requires_assay_validation
b9ae859bdffc3617,GH43_13,GH,germination,2-(2-hydroxyethylthio)ethanesulfonate;hydroquinone,2,"2-(2-hydroxyethylthio)ethanesulfonate:[SKiD_substrates,0.470]|hydroquinone:[SKiD_substrates,0.253]",active_site_compatibility;functional_group_match;herbicide_target_atlas_match;natural_product_or_allelopathy_prior;ros_photosynthesis_disruption_prior;transition_state_mimicry,0.92,0.7076488882134448,inhibit_synergy_model_inference_requires_assay_validation
71bb6f1642727e6a,GH157,GH,germination,2-(2-hydroxyethylthio)ethanesulfonate;hydroquinone,2,"2-(2-hydroxyethylthio)ethanesulfonate:[SKiD_substrates,0.470]|hydroquinone:[SKiD_substrates,0.253]",active_site_compatibility;functional_group_match;herbicide_target_atlas_match;natural_product_or_allelopathy_prior;ros_photosynthesis_disruption_prior;transition_state_mimicry,0.92,0.7076488882134448,inhibit_synergy_model_inference_requires_assay_validation
f5abdaf0217cfee6,GH13_11,GH,germination,(2-amino-1-hydroxyethyl)phosphonate;3-methylsalicylate,2,"(2-amino-1-hydroxyethyl)phosphonate:[SKiD_substrates,0.593]|3-methylsalicylate:[SKiD_substrates,0.214]",active_site_compatibility;functional_group_match;herbicide_target_atlas_match;known_inhibitor_class_similarity;transition_state_mimicry,0.92,0.7073700491992241,inhibit_synergy_model_inference_requires_assay_validation
cbf4c8b2a26bd4c6,GH43_13,GH,germination,(2-amino-1-hydroxyethyl)phosphonate;5-Fluorosalicylate,2,"(2-amino-1-hydroxyethyl)phosphonate:[SKiD_substrates,0.593]|5-Fluorosalicylate:[SKiD_substrates,0.214]",active_site_compatibility;functional_group_match;herbicide_target_atlas_match;known_inhibitor_class_similarity;transition_state_mimicry,0.92,0.707331284583679,inhibit_synergy_model_inference_requires_assay_validation
09f6b8e4ebd42730,phosphoenolpyruvate carboxylase,PEPC,vegetative_expansion,S-adenosyl-L-methionine;Thionicotinamide,2,"S-adenosyl-L-methionine:[SKiD_substrates,0.366]|Thionicotinamide:[SKiD_substrates,0.354]",herbicide_target_atlas_match;known_inhibitor_class_similarity;transition_state_mimicry,0.92,0.7072243584020066,inhibit_synergy_model_inference_requires_assay_validation
d636fd5377ae7449,ribulose bisphosphate carboxylase oxygenase,RuBisCO,vegetative_expansion,S-adenosyl-L-methionine;Thionicotinamide,2,"S-adenosyl-L-methionine:[SKiD_substrates,0.366]|Thionicotinamide:[SKiD_substrates,0.354]",herbicide_target_atlas_match;known_inhibitor_class_similarity;transition_state_mimicry,0.92,0.7072243584020066,inhibit_synergy_model_inference_requires_assay_validation
ecda5fe598b832ce,GH13_11,GH,germination,(2-amino-1-hydroxyethyl)phosphonate;5-Aminosalicylate,2,"(2-amino-1-hydroxyethyl)phosphonate:[SKiD_substrates,0.593]|5-Aminosalicylate:[SKiD_substrates,0.214]",active_site_compatibility;functional_group_match;herbicide_target_atlas_match;known_inhibitor_class_similarity;transition_state_mimicry,0.92,0.7070069968307023,inhibit_synergy_model_inference_requires_assay_validation
0a10716c3d4b6002,GH13_11,GH,germination,"1,2-naphthoquinone;2-(2-hydroxyethylthio)ethanesulfonate",2,"2-(2-hydroxyethylthio)ethanesulfonate:[SKiD_substrates,0.470]|1,2-naphthoquinone:[SKiD_substrates,0.250]",active_site_compatibility;functional_group_match;herbicide_target_atlas_match;natural_product_or_allelopathy_prior;ros_photosynthesis_disruption_prior;transition_state_mimicry,0.92,0.7052839361507023,inhibit_synergy_model_inference_requires_assay_validation
e887c6e74f1816f8,protoporphyrinogen oxidase,PPO,vegetative_expansion,3-indolelactate;Thionicotinamide,2,"Thionicotinamide:[SKiD_substrates,0.396]|3-indolelactate:[SKiD_substrates,0.352]",herbicide_target_atlas_match;transition_state_mimicry,0.92,0.7048611213911704,inhibit_synergy_model_inference_requires_assay_validation
534f213f3db65bbb,acetyl-CoA carboxylase,ACCase,vegetative_expansion,3-indolelactate;Thionicotinamide,2,"Thionicotinamide:[SKiD_substrates,0.396]|3-indolelactate:[SKiD_substrates,0.352]",herbicide_target_atlas_match;transition_state_mimicry,0.92,0.7048611213911704,inhibit_synergy_model_inference_requires_assay_validation
897df6f091b946f2,GH43_13,GH,germination,"1,4-Naphthoquinone;2-(2-hydroxyethylthio)ethanesulfonate",2,"2-(2-hydroxyethylthio)ethanesulfonate:[SKiD_substrates,0.470]|1,4-Naphthoquinone:[SKiD_substrates,0.250]",active_site_compatibility;functional_group_match;herbicide_target_atlas_match;natural_product_or_allelopathy_prior;ros_photosynthesis_disruption_prior;transition_state_mimicry,0.92,0.7045942411541807,inhibit_synergy_model_inference_requires_assay_validation
2614c95ee6149a8a,acetyl-CoA carboxylase,ACCase,vegetative_expansion,(2S)-3-carboxy-N-(fluoromethyl)-2-hydroxy-N N-dimethylpropan-1-aminium;isethionate,2,"isethionate:[SKiD_substrates,0.315]|(2S)-3-carboxy-N-(fluoromethyl)-2-hydroxy-N N-dimethylpropan-1-aminium:[SKiD_substrates,0.505]",herbicide_target_atlas_match;known_inhibitor_class_similarity,0.92,0.7033082777334002,inhibit_synergy_model_inference_requires_assay_validation
b1e611717e2a1d7a,protoporphyrinogen oxidase,PPO,vegetative_expansion,(2S)-3-carboxy-N-(fluoromethyl)-2-hydroxy-N N-dimethylpropan-1-aminium;isethionate,2,"isethionate:[SKiD_substrates,0.315]|(2S)-3-carboxy-N-(fluoromethyl)-2-hydroxy-N N-dimethylpropan-1-aminium:[SKiD_substrates,0.505]",herbicide_target_atlas_match;known_inhibitor_class_similarity,0.92,0.7033082777334002,inhibit_synergy_model_inference_requires_assay_validation
36564bdf14658b0e,photosystem II,PSII,early_vegetative,(2S)-3-carboxy-N-(fluoromethyl)-2-hydroxy-N N-dimethylpropan-1-aminium;isethionate,2,"isethionate:[SKiD_substrates,0.315]|(2S)-3-carboxy-N-(fluoromethyl)-2-hydroxy-N N-dimethylpropan-1-aminium:[SKiD_substrates,0.505]",herbicide_target_atlas_match;known_inhibitor_class_similarity,0.92,0.7033082777334002,inhibit_synergy_model_inference_requires_assay_validation
110953cce2cd179e,cytochrome P450,Cytochrome P450,specialized_metabolism,(2S)-3-carboxy-N-(fluoromethyl)-2-hydroxy-N N-dimethylpropan-1-aminium;isethionate,2,"isethionate:[SKiD_substrates,0.315]|(2S)-3-carboxy-N-(fluoromethyl)-2-hydroxy-N N-dimethylpropan-1-aminium:[SKiD_substrates,0.505]",herbicide_target_atlas_match;known_inhibitor_class_similarity,0.92,0.7033082777334002,inhibit_synergy_model_inference_requires_assay_validation
bdadcd78fd5c986a,cytochrome P450,Cytochrome P450,specialized_metabolism,5-Hydroxyuracil;Thionicotinamide,2,"5-Hydroxyuracil:[SKiD_substrates,0.356]|Thionicotinamide:[SKiD_substrates,0.396]",herbicide_target_atlas_match;transition_state_mimicry,0.92,0.7019046371123746,inhibit_synergy_model_inference_requires_assay_validation
719641dc98bd9873,photosystem II,PSII,early_vegetative,5-Hydroxyuracil;Thionicotinamide,2,"5-Hydroxyuracil:[SKiD_substrates,0.356]|Thionicotinamide:[SKiD_substrates,0.396]",herbicide_target_atlas_match;transition_state_mimicry,0.92,0.7019046371123746,inhibit_synergy_model_inference_requires_assay_validation
691f72c325d6ba90,hydroxycinnamate-CoA shikimate transferase,BAHD acyltransferase,early_vegetative,"2-Hydroxyoctanoate;3,4-dihydroxybenzoate",2,"3,4-dihydroxybenzoate:[SKiD_substrates,0.500]|2-Hydroxyoctanoate:[SKiD_substrates,0.345]",herbicide_target_atlas_match;known_inhibitor_class_similarity,0.92,0.7009257150517056,inhibit_synergy_model_inference_requires_assay_validation
98d9e95e69c205f3,caffeoylshikimate esterase,BAHD acyltransferase,early_vegetative,"2-Hydroxyoctanoate;3,4-dihydroxybenzoate",2,"3,4-dihydroxybenzoate:[SKiD_substrates,0.500]|2-Hydroxyoctanoate:[SKiD_substrates,0.345]",herbicide_target_atlas_match;known_inhibitor_class_similarity,0.92,0.7009257150517056,inhibit_synergy_model_inference_requires_assay_validation
938330bae03faccd,hydroxycinnamoyl-CoA:shikimate hydroxycinnamoyl transferase 1,BAHD acyltransferase,early_vegetative,"2-Hydroxyoctanoate;3,4-dihydroxybenzoate",2,"3,4-dihydroxybenzoate:[SKiD_substrates,0.500]|2-Hydroxyoctanoate:[SKiD_substrates,0.345]",herbicide_target_atlas_match;known_inhibitor_class_similarity,0.92,0.7009257150517056,inhibit_synergy_model_inference_requires_assay_validation
ba5d23af2330b919,caffeoyl shikimate esterase,BAHD acyltransferase,early_vegetative,"2-Hydroxyoctanoate;3,4-dihydroxybenzoate",2,"3,4-dihydroxybenzoate:[SKiD_substrates,0.500]|2-Hydroxyoctanoate:[SKiD_substrates,0.345]",herbicide_target_atlas_match;known_inhibitor_class_similarity,0.92,0.7009257150517056,inhibit_synergy_model_inference_requires_assay_validation
fe36740af69f1899,hydroxycinnamoyl-CoA:shikimate hydroxycinnamoyl transferase 1,BAHD acyltransferase,early_vegetative,"3,4-dihydroxybenzoate;3-hydroxysalicylate",2,"3,4-dihydroxybenzoate:[SKiD_substrates,0.500]|3-hydroxysalicylate:[SKiD_substrates,0.345]",herbicide_target_atlas_match;known_inhibitor_class_similarity,0.92,0.7008487719966556,inhibit_synergy_model_inference_requires_assay_validation
4ff2470c46e4c37a,caffeoylshikimate esterase,BAHD acyltransferase,early_vegetative,"3,4-dihydroxybenzoate;3-hydroxysalicylate",2,"3,4-dihydroxybenzoate:[SKiD_substrates,0.500]|3-hydroxysalicylate:[SKiD_substrates,0.345]",herbicide_target_atlas_match;known_inhibitor_class_similarity,0.92,0.7008487719966556,inhibit_synergy_model_inference_requires_assay_validation
d531df9e90750696,caffeoyl shikimate esterase,BAHD acyltransferase,early_vegetative,"3,4-dihydroxybenzoate;3-hydroxypropanoic acid",2,"3,4-dihydroxybenzoate:[SKiD_substrates,0.500]|3-hydroxypropanoic acid:[SKiD_substrates,0.343]",herbicide_target_atlas_match;known_inhibitor_class_similarity,0.92,0.6996088424367224,inhibit_synergy_model_inference_requires_assay_validation
98c623523b52b363,phosphoenolpyruvate carboxylase,PEPC,vegetative_expansion,"3,4-dihydroxybenzoate;3-hydroxypropanoic acid",2,"3,4-dihydroxybenzoate:[SKiD_substrates,0.500]|3-hydroxypropanoic acid:[SKiD_substrates,0.343]",herbicide_target_atlas_match;known_inhibitor_class_similarity,0.92,0.6996088424367224,inhibit_synergy_model_inference_requires_assay_validation
3a94943e2e6df9e7,hydroxycinnamoyl-CoA:shikimate hydroxycinnamoyl transferase 1,BAHD acyltransferase,early_vegetative,"3,4-dihydroxybenzoate;3-hydroxypropanoic acid",2,"3,4-dihydroxybenzoate:[SKiD_substrates,0.500]|3-hydroxypropanoic acid:[SKiD_substrates,0.343]",herbicide_target_atlas_match;known_inhibitor_class_similarity,0.92,0.6996088424367224,inhibit_synergy_model_inference_requires_assay_validation
7ecf700e45d757a2,caffeoylshikimate esterase,BAHD acyltransferase,early_vegetative,"3,4-dihydroxybenzoate;3-hydroxypropanoic acid",2,"3,4-dihydroxybenzoate:[SKiD_substrates,0.500]|3-hydroxypropanoic acid:[SKiD_substrates,0.343]",herbicide_target_atlas_match;known_inhibitor_class_similarity,0.92,0.6996088424367224,inhibit_synergy_model_inference_requires_assay_validation
c0bf3020c7841e4f,ribulose bisphosphate carboxylase oxygenase,RuBisCO,vegetative_expansion,"3,4-dihydroxybenzoate;3-hydroxypropanoic acid",2,"3,4-dihydroxybenzoate:[SKiD_substrates,0.500]|3-hydroxypropanoic acid:[SKiD_substrates,0.343]",herbicide_target_atlas_match;known_inhibitor_class_similarity,0.92,0.6996088424367224,inhibit_synergy_model_inference_requires_assay_validation
437ba289098fe75a,hydroxycinnamate-CoA shikimate transferase,BAHD acyltransferase,early_vegetative,"3,4-dihydroxybenzoate;3-hydroxypropanoic acid",2,"3,4-dihydroxybenzoate:[SKiD_substrates,0.500]|3-hydroxypropanoic acid:[SKiD_substrates,0.343]",herbicide_target_atlas_match;known_inhibitor_class_similarity,0.92,0.6996088424367224,inhibit_synergy_model_inference_requires_assay_validation
c728119a5c1be656,Tryptophan Aminotransferase of Arabidopsis 1;TRYPTOPHAN AMINOTRANSFERASE OF ARABIDOPSIS 1,Aminotransferase,unassigned_stage,1-deoxy-D-xylulose 5-phosphate;Thionicotinamide,2,"1-deoxy-D-xylulose 5-phosphate:[SKiD_substrates,0.419]|Thionicotinamide:[SKiD_substrates,0.342]",active_site_compatibility;herbicide_target_atlas_match;transition_state_mimicry,0.92,0.6993205095679599,inhibit_synergy_model_inference_requires_assay_validation
0c6c58a8f1edc3c6,hydroxycinnamoyl-CoA:shikimate hydroxycinnamoyl transferase 1,BAHD acyltransferase,early_vegetative,2-Hydroxyoctanoate;4-hydroxybenzoate,2,"4-hydroxybenzoate:[SKiD_substrates,0.495]|2-Hydroxyoctanoate:[SKiD_substrates,0.345]",herbicide_target_atlas_match;known_inhibitor_class_similarity,0.92,0.6985781453546713,inhibit_synergy_model_inference_requires_assay_validation
4c71440e9907aa69,hydroxycinnamoyl-CoA:shikimate hydroxycinnamoyl transferase 1,BAHD acyltransferase,early_vegetative,3-hydroxysalicylate;4-hydroxybenzoate,2,"4-hydroxybenzoate:[SKiD_substrates,0.495]|3-hydroxysalicylate:[SKiD_substrates,0.345]",herbicide_target_atlas_match;known_inhibitor_class_similarity,0.92,0.6985012022996209,inhibit_synergy_model_inference_requires_assay_validation
19b1e077aac8df20,hydroxycinnamoyl-CoA:shikimate hydroxycinnamoyl transferase 1,BAHD acyltransferase,early_vegetative,3-hydroxypropanoic acid;4-hydroxybenzoate,2,"4-hydroxybenzoate:[SKiD_substrates,0.495]|3-hydroxypropanoic acid:[SKiD_substrates,0.343]",herbicide_target_atlas_match;known_inhibitor_class_similarity,0.92,0.6972612727396879,inhibit_synergy_model_inference_requires_assay_validation
385d51c3a7fea06a,phosphoenolpyruvate carboxylase,PEPC,vegetative_expansion,(2S)-3-carboxy-N-(fluoromethyl)-2-hydroxy-N N-dimethylpropan-1-aminium;S-adenosyl-L-methionine,2,"S-adenosyl-L-methionine:[SKiD_substrates,0.366]|(2S)-3-carboxy-N-(fluoromethyl)-2-hydroxy-N N-dimethylpropan-1-aminium:[SKiD_substrates,0.463]",herbicide_target_atlas_match;known_inhibitor_class_similarity,0.92,0.6950578407536678,inhibit_synergy_model_inference_requires_assay_validation
867c026cde24d847,Tryptophan Aminotransferase of Arabidopsis 1;TRYPTOPHAN AMINOTRANSFERASE OF ARABIDOPSIS 1,Aminotransferase,unassigned_stage,1-deoxy-D-xylulose 5-phosphate;2-Hydroxyoctanoate,2,"1-deoxy-D-xylulose 5-phosphate:[SKiD_substrates,0.419]|2-Hydroxyoctanoate:[SKiD_substrates,0.333]",active_site_compatibility;herbicide_target_atlas_match;transition_state_mimicry,0.92,0.6949252797723746,inhibit_synergy_model_inference_requires_assay_validation
5989809f4c9a9021,GH3 acyl adenylase-family enzyme,BAHD acyltransferase,germination,"3,4-dihydroxybenzoate;4-hydroxybenzoate",2,"3,4-dihydroxybenzoate:[SKiD_substrates,0.434]|4-hydroxybenzoate:[SKiD_substrates,0.429]",herbicide_target_atlas_match;known_inhibitor_class_similarity,0.92,0.6939056703915719,inhibit_synergy_model_inference_requires_assay_validation
3319fe28d4f6addc,GH157,GH,germination,"3,4-dihydroxybenzoate;4-hydroxybenzoate",2,"3,4-dihydroxybenzoate:[SKiD_substrates,0.434]|4-hydroxybenzoate:[SKiD_substrates,0.429]",herbicide_target_atlas_match;known_inhibitor_class_similarity,0.92,0.6939056703915719,inhibit_synergy_model_inference_requires_assay_validation
590ede8d73c86c9f,Tryptophan Aminotransferase of Arabidopsis 1;TRYPTOPHAN AMINOTRANSFERASE OF ARABIDOPSIS 1,Aminotransferase,unassigned_stage,1-deoxy-D-xylulose 5-phosphate;3-hydroxypropanoic acid,2,"1-deoxy-D-xylulose 5-phosphate:[SKiD_substrates,0.419]|3-hydroxypropanoic acid:[SKiD_substrates,0.331]",active_site_compatibility;herbicide_target_atlas_match;transition_state_mimicry,0.92,0.6936084071573914,inhibit_synergy_model_inference_requires_assay_validation
8cc05b5f7dc87910,peroxidase,Peroxidase,stress_response,"1,4-benzoquinone;2-Hydroxyoctanoate",2,"1,4-benzoquinone:[SKiD_substrates,0.322]|2-Hydroxyoctanoate:[SKiD_substrates,0.345]",herbicide_target_atlas_match;natural_product_or_allelopathy_prior;ros_photosynthesis_disruption_prior,0.92,0.689201001003523,inhibit_synergy_model_inference_requires_assay_validation
75597fedc4ff59ff,phosphoenolpyruvate carboxylase,PEPC,vegetative_expansion,"1,4-benzoquinone;2-Hydroxyoctanoate",2,"1,4-benzoquinone:[SKiD_substrates,0.322]|2-Hydroxyoctanoate:[SKiD_substrates,0.345]",herbicide_target_atlas_match;natural_product_or_allelopathy_prior;ros_photosynthesis_disruption_prior,0.92,0.689201001003523,inhibit_synergy_model_inference_requires_assay_validation
e664628837e8a432,ribulose bisphosphate carboxylase oxygenase,RuBisCO,vegetative_expansion,"1,4-benzoquinone;2-Hydroxyoctanoate",2,"1,4-benzoquinone:[SKiD_substrates,0.322]|2-Hydroxyoctanoate:[SKiD_substrates,0.345]",herbicide_target_atlas_match;natural_product_or_allelopathy_prior;ros_photosynthesis_disruption_prior,0.92,0.689201001003523,inhibit_synergy_model_inference_requires_assay_validation
3509a79b12077259,GH13_11,GH,germination,2-(2-hydroxyethylthio)ethanesulfonate;Thionicotinamide,2,"2-(2-hydroxyethylthio)ethanesulfonate:[SKiD_substrates,0.470]|Thionicotinamide:[SKiD_substrates,0.288]",active_site_compatibility;functional_group_match;herbicide_target_atlas_match;transition_state_mimicry,0.92,0.6864790330661539,inhibit_synergy_model_inference_requires_assay_validation
e08f4651d670011d,GH157,GH,germination,2-(2-hydroxyethylthio)ethanesulfonate;Thionicotinamide,2,"2-(2-hydroxyethylthio)ethanesulfonate:[SKiD_substrates,0.470]|Thionicotinamide:[SKiD_substrates,0.288]",active_site_compatibility;functional_group_match;herbicide_target_atlas_match;transition_state_mimicry,0.92,0.6864790330661539,inhibit_synergy_model_inference_requires_assay_validation
e64b56162ddf36a3,GH43_13,GH,germination,2-(2-hydroxyethylthio)ethanesulfonate;Thionicotinamide,2,"2-(2-hydroxyethylthio)ethanesulfonate:[SKiD_substrates,0.470]|Thionicotinamide:[SKiD_substrates,0.288]",active_site_compatibility;functional_group_match;herbicide_target_atlas_match;transition_state_mimicry,0.92,0.6864790330661539,inhibit_synergy_model_inference_requires_assay_validation
1e874adb1254d5ab,GH169,GH,germination,2-(2-hydroxyethylthio)ethanesulfonate;Thionicotinamide,2,"2-(2-hydroxyethylthio)ethanesulfonate:[SKiD_substrates,0.470]|Thionicotinamide:[SKiD_substrates,0.288]",active_site_compatibility;functional_group_match;herbicide_target_atlas_match;transition_state_mimicry,0.92,0.6864790330661539,inhibit_synergy_model_inference_requires_assay_validation
ccf9746b52af808b,GH5_21,GH,germination,2-(2-hydroxyethylthio)ethanesulfonate;Thionicotinamide,2,"2-(2-hydroxyethylthio)ethanesulfonate:[SKiD_substrates,0.470]|Thionicotinamide:[SKiD_substrates,0.288]",active_site_compatibility;functional_group_match;herbicide_target_atlas_match;transition_state_mimicry,0.92,0.6864790330661539,inhibit_synergy_model_inference_requires_assay_validation
9f395a89518f9a42,ribulose bisphosphate carboxylase oxygenase,RuBisCO,vegetative_expansion,"2-chloro-1,4-benzoquinone;3-hydroxypropanoic acid",2,"2-chloro-1,4-benzoquinone:[SKiD_substrates,0.319]|3-hydroxypropanoic acid:[SKiD_substrates,0.343]",herbicide_target_atlas_match;natural_product_or_allelopathy_prior;ros_photosynthesis_disruption_prior,0.92,0.685938641267893,inhibit_synergy_model_inference_requires_assay_validation
e157d521a586241f,photosystem II,PSII,early_vegetative,2-Hydroxyoctanoate;3-hydroxypropanoic acid,2,"2-Hydroxyoctanoate:[SKiD_substrates,0.387]|3-hydroxypropanoic acid:[SKiD_substrates,0.385]",herbicide_target_atlas_match,0.92,0.6858508230817838,inhibit_synergy_model_inference_requires_assay_validation
33ea7503278dd994,cytochrome P450,Cytochrome P450,specialized_metabolism,2-Hydroxyoctanoate;3-hydroxypropanoic acid,2,"2-Hydroxyoctanoate:[SKiD_substrates,0.387]|3-hydroxypropanoic acid:[SKiD_substrates,0.385]",herbicide_target_atlas_match,0.92,0.6858508230817838,inhibit_synergy_model_inference_requires_assay_validation
b40dfe351c4a131f,acetyl-CoA carboxylase,ACCase,vegetative_expansion,2-Hydroxyoctanoate;3-hydroxypropanoic acid,2,"2-Hydroxyoctanoate:[SKiD_substrates,0.387]|3-hydroxypropanoic acid:[SKiD_substrates,0.385]",herbicide_target_atlas_match,0.92,0.6858508230817838,inhibit_synergy_model_inference_requires_assay_validation
6535361396aafe37,protoporphyrinogen oxidase,PPO,vegetative_expansion,2-Hydroxyoctanoate;3-hydroxypropanoic acid,2,"2-Hydroxyoctanoate:[SKiD_substrates,0.387]|3-hydroxypropanoic acid:[SKiD_substrates,0.385]",herbicide_target_atlas_match,0.92,0.6858508230817838,inhibit_synergy_model_inference_requires_assay_validation
c136ec83b72a1b8e,peroxidase,Peroxidase,stress_response,2-Hydroxyoctanoate;hydroquinone,2,"hydroquinone:[SKiD_substrates,0.319]|2-Hydroxyoctanoate:[SKiD_substrates,0.345]",herbicide_target_atlas_match;natural_product_or_allelopathy_prior;ros_photosynthesis_disruption_prior,0.92,0.6857762589005127,inhibit_synergy_model_inference_requires_assay_validation
a7a4c71b89cec911,ribulose bisphosphate carboxylase oxygenase,RuBisCO,vegetative_expansion,3-hydroxypropanoic acid;methoxyhydroquinone,2,"methoxyhydroquinone:[SKiD_substrates,0.319]|3-hydroxypropanoic acid:[SKiD_substrates,0.343]",herbicide_target_atlas_match;natural_product_or_allelopathy_prior;ros_photosynthesis_disruption_prior,0.92,0.6854833652453511,inhibit_synergy_model_inference_requires_assay_validation
11359cf1c4927e41,phosphoenolpyruvate carboxylase,PEPC,vegetative_expansion,3-hydroxypropanoic acid;methoxyhydroquinone,2,"methoxyhydroquinone:[SKiD_substrates,0.319]|3-hydroxypropanoic acid:[SKiD_substrates,0.343]",herbicide_target_atlas_match;natural_product_or_allelopathy_prior;ros_photosynthesis_disruption_prior,0.92,0.6854833652453511,inhibit_synergy_model_inference_requires_assay_validation
9dd79ea825d0f904,phosphoenolpyruvate carboxylase,PEPC,vegetative_expansion,3-hydroxypropanoic acid;hydroquinone,2,"hydroquinone:[SKiD_substrates,0.319]|3-hydroxypropanoic acid:[SKiD_substrates,0.343]",herbicide_target_atlas_match;natural_product_or_allelopathy_prior;ros_photosynthesis_disruption_prior,0.92,0.6853118786280936,inhibit_synergy_model_inference_requires_assay_validation
5865c6118b89aae9,peroxidase,Peroxidase,stress_response,3-hydroxypropanoic acid;hydroquinone,2,"hydroquinone:[SKiD_substrates,0.319]|3-hydroxypropanoic acid:[SKiD_substrates,0.343]",herbicide_target_atlas_match;natural_product_or_allelopathy_prior;ros_photosynthesis_disruption_prior,0.92,0.6853118786280936,inhibit_synergy_model_inference_requires_assay_validation
7c4313880a8e9fdf,ribulose bisphosphate carboxylase oxygenase,RuBisCO,vegetative_expansion,"1,4-benzoquinone;2-chloro-1,4-benzoquinone",2,"1,4-benzoquinone:[SKiD_substrates,0.322]|2-chloro-1,4-benzoquinone:[SKiD_substrates,0.319]",herbicide_target_atlas_match;natural_product_or_allelopathy_prior;ros_photosynthesis_disruption_prior,0.92,0.6845854774620959,inhibit_synergy_model_inference_requires_assay_validation
e677821ffd022ddc,phosphoenolpyruvate carboxylase,PEPC,vegetative_expansion,"1,4-benzoquinone;hydroquinone",2,"1,4-benzoquinone:[SKiD_substrates,0.322]|hydroquinone:[SKiD_substrates,0.319]",herbicide_target_atlas_match;natural_product_or_allelopathy_prior;ros_photosynthesis_disruption_prior,0.92,0.6839587148222965,inhibit_synergy_model_inference_requires_assay_validation
869531f5df541a26,peroxidase,Peroxidase,stress_response,"1,4-benzoquinone;hydroquinone",2,"1,4-benzoquinone:[SKiD_substrates,0.322]|hydroquinone:[SKiD_substrates,0.319]",herbicide_target_atlas_match;natural_product_or_allelopathy_prior;ros_photosynthesis_disruption_prior,0.92,0.6839587148222965,inhibit_synergy_model_inference_requires_assay_validation
885f259961bd8bbb,peroxidase,Peroxidase,stress_response,"1,2-naphthoquinone;3-hydroxypropanoic acid",2,"1,2-naphthoquinone:[SKiD_substrates,0.316]|3-hydroxypropanoic acid:[SKiD_substrates,0.343]",herbicide_target_atlas_match;natural_product_or_allelopathy_prior;ros_photosynthesis_disruption_prior,0.92,0.6829469265653512,inhibit_synergy_model_inference_requires_assay_validation
d9e9b487f445b50b,GH5_21,GH,germination,2-(2-hydroxyethylthio)ethanesulfonate;2-Hydroxyoctanoate,2,"2-(2-hydroxyethylthio)ethanesulfonate:[SKiD_substrates,0.470]|2-Hydroxyoctanoate:[SKiD_substrates,0.279]",active_site_compatibility;functional_group_match;herbicide_target_atlas_match;transition_state_mimicry,0.92,0.6820838032705686,inhibit_synergy_model_inference_requires_assay_validation
95540d4db8998915,GH43_13,GH,germination,2-(2-hydroxyethylthio)ethanesulfonate;2-Hydroxyoctanoate,2,"2-(2-hydroxyethylthio)ethanesulfonate:[SKiD_substrates,0.470]|2-Hydroxyoctanoate:[SKiD_substrates,0.279]",active_site_compatibility;functional_group_match;herbicide_target_atlas_match;transition_state_mimicry,0.92,0.6820838032705686,inhibit_synergy_model_inference_requires_assay_validation
294a20ab761a4e45,GH13_11,GH,germination,2-(2-hydroxyethylthio)ethanesulfonate;2-Hydroxyoctanoate,2,"2-(2-hydroxyethylthio)ethanesulfonate:[SKiD_substrates,0.470]|2-Hydroxyoctanoate:[SKiD_substrates,0.279]",active_site_compatibility;functional_group_match;herbicide_target_atlas_match;transition_state_mimicry,0.92,0.6820838032705686,inhibit_synergy_model_inference_requires_assay_validation
a0bfc5fa6843e806,GH157,GH,germination,2-(2-hydroxyethylthio)ethanesulfonate;2-Hydroxyoctanoate,2,"2-(2-hydroxyethylthio)ethanesulfonate:[SKiD_substrates,0.470]|2-Hydroxyoctanoate:[SKiD_substrates,0.279]",active_site_compatibility;functional_group_match;herbicide_target_atlas_match;transition_state_mimicry,0.92,0.6820838032705686,inhibit_synergy_model_inference_requires_assay_validation
27cc06c44ce0be2c,GH169,GH,germination,2-(2-hydroxyethylthio)ethanesulfonate;4-hydroxysalicylate,2,"2-(2-hydroxyethylthio)ethanesulfonate:[SKiD_substrates,0.470]|4-hydroxysalicylate:[SKiD_substrates,0.279]",active_site_compatibility;functional_group_match;herbicide_target_atlas_match;transition_state_mimicry,0.92,0.6820068602155184,inhibit_synergy_model_inference_requires_assay_validation
6ac53be7a89157d2,GH157,GH,germination,2-(2-hydroxyethylthio)ethanesulfonate;4-hydroxysalicylate,2,"2-(2-hydroxyethylthio)ethanesulfonate:[SKiD_substrates,0.470]|4-hydroxysalicylate:[SKiD_substrates,0.279]",active_site_compatibility;functional_group_match;herbicide_target_atlas_match;transition_state_mimicry,0.92,0.6820068602155184,inhibit_synergy_model_inference_requires_assay_validation
71939ffbf64b5cab,cytochrome P450,Cytochrome P450,specialized_metabolism,3-hydroxypropanoic acid;L-2-hydroxy octanoate,2,"3-hydroxypropanoic acid:[SKiD_substrates,0.385]|L-2-hydroxy octanoate:[SKiD_substrates,0.381]",herbicide_target_atlas_match,0.92,0.6806710065980602,inhibit_synergy_model_inference_requires_assay_validation
b69f0ac878bb5826,protoporphyrinogen oxidase,PPO,vegetative_expansion,3-hydroxypropanoic acid;L-2-hydroxy octanoate,2,"3-hydroxypropanoic acid:[SKiD_substrates,0.385]|L-2-hydroxy octanoate:[SKiD_substrates,0.381]",herbicide_target_atlas_match,0.92,0.6806710065980602,inhibit_synergy_model_inference_requires_assay_validation
0cc18d43cf8858b6,protoporphyrinogen oxidase,PPO,vegetative_expansion,Thionicotinamide;isethionate,2,"isethionate:[SKiD_substrates,0.315]|Thionicotinamide:[SKiD_substrates,0.396]",herbicide_target_atlas_match;transition_state_mimicry,0.92,0.6802703051663544,inhibit_synergy_model_inference_requires_assay_validation
847d80b26c394614,acetyl-CoA carboxylase,ACCase,vegetative_expansion,Thionicotinamide;isethionate,2,"isethionate:[SKiD_substrates,0.315]|Thionicotinamide:[SKiD_substrates,0.396]",herbicide_target_atlas_match;transition_state_mimicry,0.92,0.6802703051663544,inhibit_synergy_model_inference_requires_assay_validation
b8b370f910d26f5c,cytochrome P450,Cytochrome P450,specialized_metabolism,Thionicotinamide;isethionate,2,"isethionate:[SKiD_substrates,0.315]|Thionicotinamide:[SKiD_substrates,0.396]",herbicide_target_atlas_match;transition_state_mimicry,0.92,0.6802703051663544,inhibit_synergy_model_inference_requires_assay_validation
a5aa09eb5da816c6,alpha-amylase,amylase,germination,"1,4-benzoquinone;glycerone phosphate",2,"glycerone phosphate:[SKiD_substrates,0.368]|1,4-benzoquinone:[SKiD_substrates,0.256]",active_site_compatibility;herbicide_target_atlas_match;natural_product_or_allelopathy_prior;ros_photosynthesis_disruption_prior;transition_state_mimicry,0.92,0.6790394590174582,inhibit_synergy_model_inference_requires_assay_validation
f8c5c4feba79b561,alpha-amylase,amylase,germination,glycerone phosphate;p-toluquinone,2,"glycerone phosphate:[SKiD_substrates,0.368]|p-toluquinone:[SKiD_substrates,0.254]",active_site_compatibility;herbicide_target_atlas_match;natural_product_or_allelopathy_prior;ros_photosynthesis_disruption_prior;transition_state_mimicry,0.92,0.677197992941806,inhibit_synergy_model_inference_requires_assay_validation
9faa15f7e136cbff,alpha-amylase,amylase,germination,"2-chloro-1,4-benzoquinone;glycerone phosphate",2,"glycerone phosphate:[SKiD_substrates,0.368]|2-chloro-1,4-benzoquinone:[SKiD_substrates,0.253]",active_site_compatibility;herbicide_target_atlas_match;natural_product_or_allelopathy_prior;ros_photosynthesis_disruption_prior;transition_state_mimicry,0.92,0.6762414795542475,inhibit_synergy_model_inference_requires_assay_validation
9280ac1b861395c3,GH13_11,GH,germination,2-(2-hydroxyethylthio)ethanesulfonate;L-2-hydroxy octanoate,2,"2-(2-hydroxyethylthio)ethanesulfonate:[SKiD_substrates,0.470]|L-2-hydroxy octanoate:[SKiD_substrates,0.273]",active_site_compatibility;functional_group_match;herbicide_target_atlas_match;transition_state_mimicry,0.92,0.676051494444281,inhibit_synergy_model_inference_requires_assay_validation
11100239e2f9c5b9,alpha-amylase,amylase,germination,glycerone phosphate;methoxyhydroquinone,2,"glycerone phosphate:[SKiD_substrates,0.368]|methoxyhydroquinone:[SKiD_substrates,0.253]",active_site_compatibility;herbicide_target_atlas_match;natural_product_or_allelopathy_prior;ros_photosynthesis_disruption_prior;transition_state_mimicry,0.92,0.6757862035317057,inhibit_synergy_model_inference_requires_assay_validation
de53fcd8292c7530,hydroxycinnamoyl-CoA:shikimate hydroxycinnamoyl transferase 1,BAHD acyltransferase,early_vegetative,3-indolelactate;4-hydroxybenzoate,2,"4-hydroxybenzoate:[SKiD_substrates,0.495]|3-indolelactate:[SKiD_substrates,0.310]",herbicide_target_atlas_match;known_inhibitor_class_similarity,0.92,0.6753885652370792,inhibit_synergy_model_inference_requires_assay_validation
ef963a69385e3b90,glutamine(amide):a-ketoglutarate aminotransferase (oxidoreductase ferredoxin),Aminotransferase,unassigned_stage,"1,4-benzoquinone;2-Hydroxyoctanoate",2,"1,4-benzoquinone:[SKiD_substrates,0.310]|2-Hydroxyoctanoate:[SKiD_substrates,0.333]",herbicide_target_atlas_match;natural_product_or_allelopathy_prior;ros_photosynthesis_disruption_prior,0.92,0.6700705662209143,inhibit_synergy_model_inference_requires_assay_validation
ab58be87ddcf4c83,TRYPTOPHAN AMINOTRANSFERASE OF ARABIDOPSIS1,Aminotransferase,unassigned_stage,"1,4-benzoquinone;2-Hydroxyoctanoate",2,"1,4-benzoquinone:[SKiD_substrates,0.310]|2-Hydroxyoctanoate:[SKiD_substrates,0.333]",herbicide_target_atlas_match;natural_product_or_allelopathy_prior;ros_photosynthesis_disruption_prior,0.92,0.6700705662209143,inhibit_synergy_model_inference_requires_assay_validation
6e24cd7aebb2cce8,Capsicum annuum PARENTAL ADVICE-1,Aminotransferase,unassigned_stage,"1,4-benzoquinone;2-Hydroxyoctanoate",2,"1,4-benzoquinone:[SKiD_substrates,0.310]|2-Hydroxyoctanoate:[SKiD_substrates,0.333]",herbicide_target_atlas_match;natural_product_or_allelopathy_prior;ros_photosynthesis_disruption_prior,0.92,0.6700705662209143,inhibit_synergy_model_inference_requires_assay_validation
19e95481175eda50,TRYPTOPHAN AMINOTRANSFERASE OF ARABIDOPSIS1; Tryptophan Aminotransferase of Arabidopsis 1,Aminotransferase,unassigned_stage,"1,4-benzoquinone;3-hydroxypropanoic acid",2,"1,4-benzoquinone:[SKiD_substrates,0.310]|3-hydroxypropanoic acid:[SKiD_substrates,0.331]",herbicide_target_atlas_match;natural_product_or_allelopathy_prior;ros_photosynthesis_disruption_prior,0.92,0.6696061859484951,inhibit_synergy_model_inference_requires_assay_validation
24fd5619112fae28,TRYPTOPHAN AMINOTRANSFERASE RELATED1,Aminotransferase,unassigned_stage,"1,4-benzoquinone;3-hydroxypropanoic acid",2,"1,4-benzoquinone:[SKiD_substrates,0.310]|3-hydroxypropanoic acid:[SKiD_substrates,0.331]",herbicide_target_atlas_match;natural_product_or_allelopathy_prior;ros_photosynthesis_disruption_prior,0.92,0.6696061859484951,inhibit_synergy_model_inference_requires_assay_validation
4321622edcd6f00f,Arabidopsis aminotransferase,Aminotransferase,unassigned_stage,"1,4-benzoquinone;3-hydroxypropanoic acid",2,"1,4-benzoquinone:[SKiD_substrates,0.310]|3-hydroxypropanoic acid:[SKiD_substrates,0.331]",herbicide_target_atlas_match;natural_product_or_allelopathy_prior;ros_photosynthesis_disruption_prior,0.92,0.6696061859484951,inhibit_synergy_model_inference_requires_assay_validation
0bd3f64b5491b9dd,Arabidopsis TRYPTOPHAN AMINOTRANSFERASE OF ARABIDOPSIS 1,Aminotransferase,unassigned_stage,"1,4-benzoquinone;3-hydroxypropanoic acid",2,"1,4-benzoquinone:[SKiD_substrates,0.310]|3-hydroxypropanoic acid:[SKiD_substrates,0.331]",herbicide_target_atlas_match;natural_product_or_allelopathy_prior;ros_photosynthesis_disruption_prior,0.92,0.6696061859484951,inhibit_synergy_model_inference_requires_assay_validation
3b69aaed01a9bd73,TRYPTOPHAN AMINOTRANSFERASE OF ARABIDOPSIS1,Aminotransferase,unassigned_stage,"1,4-benzoquinone;3-hydroxypropanoic acid",2,"1,4-benzoquinone:[SKiD_substrates,0.310]|3-hydroxypropanoic acid:[SKiD_substrates,0.331]",herbicide_target_atlas_match;natural_product_or_allelopathy_prior;ros_photosynthesis_disruption_prior,0.92,0.6696061859484951,inhibit_synergy_model_inference_requires_assay_validation
de67528225b9f843,TRYPTOPHAN AMINOTRANSFERASE RELATED1,Aminotransferase,unassigned_stage,3-hydroxypropanoic acid;p-toluquinone,2,"p-toluquinone:[SKiD_substrates,0.308]|3-hydroxypropanoic acid:[SKiD_substrates,0.331]",herbicide_target_atlas_match;natural_product_or_allelopathy_prior;ros_photosynthesis_disruption_prior,0.92,0.6677647198728429,inhibit_synergy_model_inference_requires_assay_validation
7cee33e3c5e4d760,Arabidopsis TRYPTOPHAN AMINOTRANSFERASE OF ARABIDOPSIS 1,Aminotransferase,unassigned_stage,3-hydroxypropanoic acid;p-toluquinone,2,"p-toluquinone:[SKiD_substrates,0.308]|3-hydroxypropanoic acid:[SKiD_substrates,0.331]",herbicide_target_atlas_match;natural_product_or_allelopathy_prior;ros_photosynthesis_disruption_prior,0.92,0.6677647198728429,inhibit_synergy_model_inference_requires_assay_validation
3d3a4c76af210442,TRYPTOPHAN AMINOTRANSFERASE OF ARABIDOPSIS1; Tryptophan Aminotransferase of Arabidopsis 1,Aminotransferase,unassigned_stage,3-hydroxypropanoic acid;p-toluquinone,2,"p-toluquinone:[SKiD_substrates,0.308]|3-hydroxypropanoic acid:[SKiD_substrates,0.331]",herbicide_target_atlas_match;natural_product_or_allelopathy_prior;ros_photosynthesis_disruption_prior,0.92,0.6677647198728429,inhibit_synergy_model_inference_requires_assay_validation
4b03c1731d7017a4,Tryptophan Aminotransferase of Arabidopsis 1,Aminotransferase,unassigned_stage,3-hydroxypropanoic acid;p-toluquinone,2,"p-toluquinone:[SKiD_substrates,0.308]|3-hydroxypropanoic acid:[SKiD_substrates,0.331]",herbicide_target_atlas_match;natural_product_or_allelopathy_prior;ros_photosynthesis_disruption_prior,0.92,0.6677647198728429,inhibit_synergy_model_inference_requires_assay_validation
0f22fbc2570bbd40,Arabidopsis branched-chain aminotransferase 3,Aminotransferase,unassigned_stage,3-hydroxypropanoic acid;p-toluquinone,2,"p-toluquinone:[SKiD_substrates,0.308]|3-hydroxypropanoic acid:[SKiD_substrates,0.331]",herbicide_target_atlas_match;natural_product_or_allelopathy_prior;ros_photosynthesis_disruption_prior,0.92,0.6677647198728429,inhibit_synergy_model_inference_requires_assay_validation
db1866aaeda63beb,TRYPTOPHAN AMINOTRANSFERASE OF ARABIDOPSIS 1 homolog,Aminotransferase,unassigned_stage,3-hydroxypropanoic acid;p-toluquinone,2,"p-toluquinone:[SKiD_substrates,0.308]|3-hydroxypropanoic acid:[SKiD_substrates,0.331]",herbicide_target_atlas_match;natural_product_or_allelopathy_prior;ros_photosynthesis_disruption_prior,0.92,0.6677647198728429,inhibit_synergy_model_inference_requires_assay_validation
d81a1c721d357e67,Prephenate Aminotransferase from Arabidopsis thaliana,Aminotransferase,unassigned_stage,3-hydroxypropanoic acid;p-toluquinone,2,"p-toluquinone:[SKiD_substrates,0.308]|3-hydroxypropanoic acid:[SKiD_substrates,0.331]",herbicide_target_atlas_match;natural_product_or_allelopathy_prior;ros_photosynthesis_disruption_prior,0.92,0.6677647198728429,inhibit_synergy_model_inference_requires_assay_validation
09e5d90e77a3ba17,glutamine(amide):a-ketoglutarate aminotransferase (oxidoreductase ferredoxin),Aminotransferase,unassigned_stage,3-hydroxypropanoic acid;p-toluquinone,2,"p-toluquinone:[SKiD_substrates,0.308]|3-hydroxypropanoic acid:[SKiD_substrates,0.331]",herbicide_target_atlas_match;natural_product_or_allelopathy_prior;ros_photosynthesis_disruption_prior,0.92,0.6677647198728429,inhibit_synergy_model_inference_requires_assay_validation
b1fbe8d138ebb072,Arabidopsis branched-chain aminotransferase 3,Aminotransferase,unassigned_stage,"2-chloro-1,4-benzoquinone;3-hydroxypropanoic acid",2,"2-chloro-1,4-benzoquinone:[SKiD_substrates,0.307]|3-hydroxypropanoic acid:[SKiD_substrates,0.331]",herbicide_target_atlas_match;natural_product_or_allelopathy_prior;ros_photosynthesis_disruption_prior,0.92,0.6668082064852843,inhibit_synergy_model_inference_requires_assay_validation
14e34d24d7f528b7,TRYPTOPHAN AMINOTRANSFERASE OF ARABIDOPSIS1,Aminotransferase,unassigned_stage,"2-chloro-1,4-benzoquinone;3-hydroxypropanoic acid",2,"2-chloro-1,4-benzoquinone:[SKiD_substrates,0.307]|3-hydroxypropanoic acid:[SKiD_substrates,0.331]",herbicide_target_atlas_match;natural_product_or_allelopathy_prior;ros_photosynthesis_disruption_prior,0.92,0.6668082064852843,inhibit_synergy_model_inference_requires_assay_validation
a4c52c8cbcda90ab,Capsicum annuum PARENTAL ADVICE-1,Aminotransferase,unassigned_stage,"2-chloro-1,4-benzoquinone;3-hydroxypropanoic acid",2,"2-chloro-1,4-benzoquinone:[SKiD_substrates,0.307]|3-hydroxypropanoic acid:[SKiD_substrates,0.331]",herbicide_target_atlas_match;natural_product_or_allelopathy_prior;ros_photosynthesis_disruption_prior,0.92,0.6668082064852843,inhibit_synergy_model_inference_requires_assay_validation
13da75edca6cb9f9,Tryptophan Aminotransferase of Arabidopsis 1,Aminotransferase,unassigned_stage,"2-chloro-1,4-benzoquinone;3-hydroxypropanoic acid",2,"2-chloro-1,4-benzoquinone:[SKiD_substrates,0.307]|3-hydroxypropanoic acid:[SKiD_substrates,0.331]",herbicide_target_atlas_match;natural_product_or_allelopathy_prior;ros_photosynthesis_disruption_prior,0.92,0.6668082064852843,inhibit_synergy_model_inference_requires_assay_validation
b366ce12944d44bd,GH13_11,GH,germination,"(2S)-3-carboxy-N-(fluoromethyl)-2-hydroxy-N N-dimethylpropan-1-aminium;3,4-dihydroxybenzoate",2,"3,4-dihydroxybenzoate:[SKiD_substrates,0.434]|(2S)-3-carboxy-N-(fluoromethyl)-2-hydroxy-N N-dimethylpropan-1-aminium:[SKiD_substrates,0.397]",herbicide_target_atlas_match;known_inhibitor_class_similarity,0.92,0.6667217049981939,inhibit_synergy_model_inference_requires_assay_validation
0677a0266954428d,Tryptophan Aminotransferase of Arabidopsis 1;TRYPTOPHAN AMINOTRANSFERASE OF ARABIDOPSIS 1,Aminotransferase,unassigned_stage,1-deoxy-D-xylulose 5-phosphate;D-3-hydroxybutyrate,2,"D-3-hydroxybutyrate:[SKiD_substrates,0.298]|1-deoxy-D-xylulose 5-phosphate:[SKiD_substrates,0.419]",active_site_compatibility;herbicide_target_atlas_match;transition_state_mimicry,0.92,0.6658293022454181,inhibit_synergy_model_inference_requires_assay_validation
60fc48907f60162f,Tryptophan Aminotransferase of Arabidopsis 1,Aminotransferase,unassigned_stage,(2S)-3-carboxy-N-(fluoromethyl)-2-hydroxy-N N-dimethylpropan-1-aminium;2-Hydroxyoctanoate,2,"(2S)-3-carboxy-N-(fluoromethyl)-2-hydroxy-N N-dimethylpropan-1-aminium:[SKiD_substrates,0.451]|2-Hydroxyoctanoate:[SKiD_substrates,0.333]",herbicide_target_atlas_match;known_inhibitor_class_similarity,0.92,0.6650017175540692,inhibit_synergy_model_inference_requires_assay_validation
06253e313a1c11ed,TRYPTOPHAN AMINOTRANSFERASE OF ARABIDOPSIS1,Aminotransferase,unassigned_stage,(2S)-3-carboxy-N-(fluoromethyl)-2-hydroxy-N N-dimethylpropan-1-aminium;2-Hydroxyoctanoate,2,"(2S)-3-carboxy-N-(fluoromethyl)-2-hydroxy-N N-dimethylpropan-1-aminium:[SKiD_substrates,0.451]|2-Hydroxyoctanoate:[SKiD_substrates,0.333]",herbicide_target_atlas_match;known_inhibitor_class_similarity,0.92,0.6650017175540692,inhibit_synergy_model_inference_requires_assay_validation
a0175693b3734829,TRYPTOPHAN AMINOTRANSFERASE OF ARABIDOPSIS1; Tryptophan Aminotransferase of Arabidopsis 1,Aminotransferase,unassigned_stage,(2S)-3-carboxy-N-(fluoromethyl)-2-hydroxy-N N-dimethylpropan-1-aminium;2-Hydroxyoctanoate,2,"(2S)-3-carboxy-N-(fluoromethyl)-2-hydroxy-N N-dimethylpropan-1-aminium:[SKiD_substrates,0.451]|2-Hydroxyoctanoate:[SKiD_substrates,0.333]",herbicide_target_atlas_match;known_inhibitor_class_similarity,0.92,0.6650017175540692,inhibit_synergy_model_inference_requires_assay_validation
f0910a3882d38448,Arabidopsis aminotransferase,Aminotransferase,unassigned_stage,(2S)-3-carboxy-N-(fluoromethyl)-2-hydroxy-N N-dimethylpropan-1-aminium;2-Hydroxyoctanoate,2,"(2S)-3-carboxy-N-(fluoromethyl)-2-hydroxy-N N-dimethylpropan-1-aminium:[SKiD_substrates,0.451]|2-Hydroxyoctanoate:[SKiD_substrates,0.333]",herbicide_target_atlas_match;known_inhibitor_class_similarity,0.92,0.6650017175540692,inhibit_synergy_model_inference_requires_assay_validation
a9f515a34096f835,TRYPTOPHAN AMINOTRANSFERASE RELATED1,Aminotransferase,unassigned_stage,(2S)-3-carboxy-N-(fluoromethyl)-2-hydroxy-N N-dimethylpropan-1-aminium;2-Hydroxyoctanoate,2,"(2S)-3-carboxy-N-(fluoromethyl)-2-hydroxy-N N-dimethylpropan-1-aminium:[SKiD_substrates,0.451]|2-Hydroxyoctanoate:[SKiD_substrates,0.333]",herbicide_target_atlas_match;known_inhibitor_class_similarity,0.92,0.6650017175540692,inhibit_synergy_model_inference_requires_assay_validation
2318af6aff7c0d86,Prephenate Aminotransferase from Arabidopsis thaliana,Aminotransferase,unassigned_stage,(2S)-3-carboxy-N-(fluoromethyl)-2-hydroxy-N N-dimethylpropan-1-aminium;2-Hydroxyoctanoate,2,"(2S)-3-carboxy-N-(fluoromethyl)-2-hydroxy-N N-dimethylpropan-1-aminium:[SKiD_substrates,0.451]|2-Hydroxyoctanoate:[SKiD_substrates,0.333]",herbicide_target_atlas_match;known_inhibitor_class_similarity,0.92,0.6650017175540692,inhibit_synergy_model_inference_requires_assay_validation
95afe6c56f065189,GH157,GH,germination,(2S)-3-carboxy-N-(fluoromethyl)-2-hydroxy-N N-dimethylpropan-1-aminium;4-hydroxybenzoate,2,"4-hydroxybenzoate:[SKiD_substrates,0.429]|(2S)-3-carboxy-N-(fluoromethyl)-2-hydroxy-N N-dimethylpropan-1-aminium:[SKiD_substrates,0.397]",herbicide_target_atlas_match;known_inhibitor_class_similarity,0.92,0.6643741353011595,inhibit_synergy_model_inference_requires_assay_validation
015bb1790f933259,protoporphyrinogen oxidase,PPO,vegetative_expansion,2-Hydroxyoctanoate;3-indolelactate,2,"2-Hydroxyoctanoate:[SKiD_substrates,0.387]|3-indolelactate:[SKiD_substrates,0.352]",herbicide_target_atlas_match,0.92,0.663978115579175,inhibit_synergy_model_inference_requires_assay_validation
61aa1d46d3cd2454,acetyl-CoA carboxylase,ACCase,vegetative_expansion,2-Hydroxyoctanoate;3-indolelactate,2,"2-Hydroxyoctanoate:[SKiD_substrates,0.387]|3-indolelactate:[SKiD_substrates,0.352]",herbicide_target_atlas_match,0.92,0.663978115579175,inhibit_synergy_model_inference_requires_assay_validation
4e21a188cebbfba1,Prephenate Aminotransferase from Arabidopsis thaliana,Aminotransferase,unassigned_stage,(2S)-3-carboxy-N-(fluoromethyl)-2-hydroxy-N N-dimethylpropan-1-aminium;3-hydroxypropanoic acid,2,"(2S)-3-carboxy-N-(fluoromethyl)-2-hydroxy-N N-dimethylpropan-1-aminium:[SKiD_substrates,0.451]|3-hydroxypropanoic acid:[SKiD_substrates,0.331]",herbicide_target_atlas_match;known_inhibitor_class_similarity,0.92,0.6636848449390859,inhibit_synergy_model_inference_requires_assay_validation
d45bc4c402482a92,Arabidopsis TRYPTOPHAN AMINOTRANSFERASE OF ARABIDOPSIS 1,Aminotransferase,unassigned_stage,(2S)-3-carboxy-N-(fluoromethyl)-2-hydroxy-N N-dimethylpropan-1-aminium;3-hydroxypropanoic acid,2,"(2S)-3-carboxy-N-(fluoromethyl)-2-hydroxy-N N-dimethylpropan-1-aminium:[SKiD_substrates,0.451]|3-hydroxypropanoic acid:[SKiD_substrates,0.331]",herbicide_target_atlas_match;known_inhibitor_class_similarity,0.92,0.6636848449390859,inhibit_synergy_model_inference_requires_assay_validation
39d18d0a383722ee,glutamine(amide):a-ketoglutarate aminotransferase (oxidoreductase ferredoxin),Aminotransferase,unassigned_stage,(2S)-3-carboxy-N-(fluoromethyl)-2-hydroxy-N N-dimethylpropan-1-aminium;3-hydroxypropanoic acid,2,"(2S)-3-carboxy-N-(fluoromethyl)-2-hydroxy-N N-dimethylpropan-1-aminium:[SKiD_substrates,0.451]|3-hydroxypropanoic acid:[SKiD_substrates,0.331]",herbicide_target_atlas_match;known_inhibitor_class_similarity,0.92,0.6636848449390859,inhibit_synergy_model_inference_requires_assay_validation
0fd7823f2d2b9ca0,protoporphyrinogen oxidase,PPO,vegetative_expansion,3-hydroxypropanoic acid;3-indolelactate,2,"3-hydroxypropanoic acid:[SKiD_substrates,0.385]|3-indolelactate:[SKiD_substrates,0.352]",herbicide_target_atlas_match,0.92,0.663513735306756,inhibit_synergy_model_inference_requires_assay_validation
a4bd86e4bdf26bb0,acetyl-CoA carboxylase,ACCase,vegetative_expansion,3-hydroxypropanoic acid;3-indolelactate,2,"3-hydroxypropanoic acid:[SKiD_substrates,0.385]|3-indolelactate:[SKiD_substrates,0.352]",herbicide_target_atlas_match,0.92,0.663513735306756,inhibit_synergy_model_inference_requires_assay_validation
37993f528593d7f6,Drought-Induced Branched-Chain Amino Acid Aminotransferase,Aminotransferase,germination,"3,4-dihydroxybenzoate;p-toluquinone",2,"3,4-dihydroxybenzoate:[SKiD_substrates,0.434]|p-toluquinone:[SKiD_substrates,0.254]",herbicide_target_atlas_match;known_inhibitor_class_similarity;natural_product_or_allelopathy_prior;ros_photosynthesis_disruption_prior,0.92,0.662856684717592,inhibit_synergy_model_inference_requires_assay_validation
2c3be6c219a4e9d8,GH13_11,GH,germination,"3,4-dihydroxybenzoate;p-toluquinone",2,"3,4-dihydroxybenzoate:[SKiD_substrates,0.434]|p-toluquinone:[SKiD_substrates,0.254]",herbicide_target_atlas_match;known_inhibitor_class_similarity;natural_product_or_allelopathy_prior;ros_photosynthesis_disruption_prior,0.92,0.662856684717592,inhibit_synergy_model_inference_requires_assay_validation
9eaf81df4a18365c,alpha-amylase,amylase,germination,"3,4-dihydroxybenzoate;p-toluquinone",2,"3,4-dihydroxybenzoate:[SKiD_substrates,0.434]|p-toluquinone:[SKiD_substrates,0.254]",herbicide_target_atlas_match;known_inhibitor_class_similarity;natural_product_or_allelopathy_prior;ros_photosynthesis_disruption_prior,0.92,0.662856684717592,inhibit_synergy_model_inference_requires_assay_validation
86025123212c05b9,GH43_13,GH,germination,"3,4-dihydroxybenzoate;p-toluquinone",2,"3,4-dihydroxybenzoate:[SKiD_substrates,0.434]|p-toluquinone:[SKiD_substrates,0.254]",herbicide_target_atlas_match;known_inhibitor_class_similarity;natural_product_or_allelopathy_prior;ros_photosynthesis_disruption_prior,0.92,0.662856684717592,inhibit_synergy_model_inference_requires_assay_validation
18e98258896e396f,ribulose bisphosphate carboxylase oxygenase,RuBisCO,vegetative_expansion,2-Hydroxyoctanoate;S-adenosyl-L-methionine,2,"S-adenosyl-L-methionine:[SKiD_substrates,0.366]|2-Hydroxyoctanoate:[SKiD_substrates,0.345]",herbicide_target_atlas_match;known_inhibitor_class_similarity,0.92,0.6628291286064214,inhibit_synergy_model_inference_requires_assay_validation
d101531228765bb4,phosphoenolpyruvate carboxylase,PEPC,vegetative_expansion,2-Hydroxyoctanoate;S-adenosyl-L-methionine,2,"S-adenosyl-L-methionine:[SKiD_substrates,0.366]|2-Hydroxyoctanoate:[SKiD_substrates,0.345]",herbicide_target_atlas_match;known_inhibitor_class_similarity,0.92,0.6628291286064214,inhibit_synergy_model_inference_requires_assay_validation
4757cc02880844a5,GH157,GH,germination,"1,4-benzoquinone;4-hydroxybenzoate",2,"4-hydroxybenzoate:[SKiD_substrates,0.429]|1,4-benzoquinone:[SKiD_substrates,0.256]",herbicide_target_atlas_match;known_inhibitor_class_similarity;natural_product_or_allelopathy_prior;ros_photosynthesis_disruption_prior,0.92,0.6623505810962096,inhibit_synergy_model_inference_requires_assay_validation
eac1ace19c57bc24,alpha-amylase,amylase,germination,"2-chloro-1,4-benzoquinone;3,4-dihydroxybenzoate",2,"3,4-dihydroxybenzoate:[SKiD_substrates,0.434]|2-chloro-1,4-benzoquinone:[SKiD_substrates,0.253]",herbicide_target_atlas_match;known_inhibitor_class_similarity;natural_product_or_allelopathy_prior;ros_photosynthesis_disruption_prior,0.92,0.6619001713300334,inhibit_synergy_model_inference_requires_assay_validation
9e8e899cd88fb188,GH157,GH,germination,"2-chloro-1,4-benzoquinone;3,4-dihydroxybenzoate",2,"3,4-dihydroxybenzoate:[SKiD_substrates,0.434]|2-chloro-1,4-benzoquinone:[SKiD_substrates,0.253]",herbicide_target_atlas_match;known_inhibitor_class_similarity;natural_product_or_allelopathy_prior;ros_photosynthesis_disruption_prior,0.92,0.6619001713300334,inhibit_synergy_model_inference_requires_assay_validation
9665ac2f9308c69f,GH5_21,GH,germination,"2-chloro-1,4-benzoquinone;3,4-dihydroxybenzoate",2,"3,4-dihydroxybenzoate:[SKiD_substrates,0.434]|2-chloro-1,4-benzoquinone:[SKiD_substrates,0.253]",herbicide_target_atlas_match;known_inhibitor_class_similarity;natural_product_or_allelopathy_prior;ros_photosynthesis_disruption_prior,0.92,0.6619001713300334,inhibit_synergy_model_inference_requires_assay_validation
4738283b2337fa82,ribulose bisphosphate carboxylase oxygenase,RuBisCO,vegetative_expansion,3-hydroxypropanoic acid;S-adenosyl-L-methionine,2,"S-adenosyl-L-methionine:[SKiD_substrates,0.366]|3-hydroxypropanoic acid:[SKiD_substrates,0.343]",herbicide_target_atlas_match;known_inhibitor_class_similarity,0.92,0.6615122559914381,inhibit_synergy_model_inference_requires_assay_validation
c5814293564094e5,phosphoenolpyruvate carboxylase,PEPC,vegetative_expansion,3-hydroxypropanoic acid;S-adenosyl-L-methionine,2,"S-adenosyl-L-methionine:[SKiD_substrates,0.366]|3-hydroxypropanoic acid:[SKiD_substrates,0.343]",herbicide_target_atlas_match;known_inhibitor_class_similarity,0.92,0.6615122559914381,inhibit_synergy_model_inference_requires_assay_validation
2282e7607936ad76,GH13_11,GH,germination,"3,4-dihydroxybenzoate;methoxyhydroquinone",2,"3,4-dihydroxybenzoate:[SKiD_substrates,0.434]|methoxyhydroquinone:[SKiD_substrates,0.253]",herbicide_target_atlas_match;known_inhibitor_class_similarity;natural_product_or_allelopathy_prior;ros_photosynthesis_disruption_prior,0.92,0.6614448953074917,inhibit_synergy_model_inference_requires_assay_validation
748963b91a04691e,GH43_13,GH,germination,"3,4-dihydroxybenzoate;hydroquinone",2,"3,4-dihydroxybenzoate:[SKiD_substrates,0.434]|hydroquinone:[SKiD_substrates,0.253]",herbicide_target_atlas_match;known_inhibitor_class_similarity;natural_product_or_allelopathy_prior;ros_photosynthesis_disruption_prior,0.92,0.6612734086902342,inhibit_synergy_model_inference_requires_assay_validation
9fef0e7f2275ac2e,peroxidase,Peroxidase,stress_response,2-Hydroxyoctanoate;Thionicotinamide,2,"2-Hydroxyoctanoate:[SKiD_substrates,0.345]|Thionicotinamide:[SKiD_substrates,0.354]",herbicide_target_atlas_match;transition_state_mimicry,0.92,0.6610941797696321,inhibit_synergy_model_inference_requires_assay_validation
20f67a2bc9d65dbe,ribulose bisphosphate carboxylase oxygenase,RuBisCO,vegetative_expansion,2-Hydroxyoctanoate;Thionicotinamide,2,"2-Hydroxyoctanoate:[SKiD_substrates,0.345]|Thionicotinamide:[SKiD_substrates,0.354]",herbicide_target_atlas_match;transition_state_mimicry,0.92,0.6610941797696321,inhibit_synergy_model_inference_requires_assay_validation
01dea4866d457ac3,phosphoenolpyruvate carboxylase,PEPC,vegetative_expansion,2-Hydroxyoctanoate;Thionicotinamide,2,"2-Hydroxyoctanoate:[SKiD_substrates,0.345]|Thionicotinamide:[SKiD_substrates,0.354]",herbicide_target_atlas_match;transition_state_mimicry,0.92,0.6610941797696321,inhibit_synergy_model_inference_requires_assay_validation
52e3a69ca5241206,photosystem II,PSII,early_vegetative,2-Hydroxyoctanoate;5-Hydroxyuracil,2,"5-Hydroxyuracil:[SKiD_substrates,0.356]|2-Hydroxyoctanoate:[SKiD_substrates,0.387]",herbicide_target_atlas_match,0.92,0.6610216313003789,inhibit_synergy_model_inference_requires_assay_validation
7b5b425ef7bad4fa,cytochrome P450,Cytochrome P450,specialized_metabolism,2-Hydroxyoctanoate;5-Hydroxyuracil,2,"5-Hydroxyuracil:[SKiD_substrates,0.356]|2-Hydroxyoctanoate:[SKiD_substrates,0.387]",herbicide_target_atlas_match,0.92,0.6610216313003789,inhibit_synergy_model_inference_requires_assay_validation
111cf813df0da8a9,alpha-amylase,amylase,germination,S-adenosyl-L-methionine;glycerone phosphate,2,"S-adenosyl-L-methionine:[SKiD_substrates,0.300]|glycerone phosphate:[SKiD_substrates,0.368]",active_site_compatibility;herbicide_target_atlas_match;known_inhibitor_class_similarity;transition_state_mimicry,0.92,0.660975320388562,inhibit_synergy_model_inference_requires_assay_validation
5495681dc1869147,cytochrome P450,Cytochrome P450,specialized_metabolism,3-hydroxypropanoic acid;5-Hydroxyuracil,2,"5-Hydroxyuracil:[SKiD_substrates,0.356]|3-hydroxypropanoic acid:[SKiD_substrates,0.385]",herbicide_target_atlas_match,0.92,0.6605572510279599,inhibit_synergy_model_inference_requires_assay_validation
ecc825053bb679b9,photosystem II,PSII,early_vegetative,3-hydroxypropanoic acid;5-Hydroxyuracil,2,"5-Hydroxyuracil:[SKiD_substrates,0.356]|3-hydroxypropanoic acid:[SKiD_substrates,0.385]",herbicide_target_atlas_match,0.92,0.6605572510279599,inhibit_synergy_model_inference_requires_assay_validation
e9500e14d03882ed,ribulose bisphosphate carboxylase oxygenase,RuBisCO,vegetative_expansion,3-hydroxypropanoic acid;Thionicotinamide,2,"3-hydroxypropanoic acid:[SKiD_substrates,0.343]|Thionicotinamide:[SKiD_substrates,0.354]",herbicide_target_atlas_match;transition_state_mimicry,0.92,0.6597773071546489,inhibit_synergy_model_inference_requires_assay_validation
1f473400929bdd1b,peroxidase,Peroxidase,stress_response,3-hydroxypropanoic acid;Thionicotinamide,2,"3-hydroxypropanoic acid:[SKiD_substrates,0.343]|Thionicotinamide:[SKiD_substrates,0.354]",herbicide_target_atlas_match;transition_state_mimicry,0.92,0.6597773071546489,inhibit_synergy_model_inference_requires_assay_validation
a5d51250d468987f,phosphoenolpyruvate carboxylase,PEPC,vegetative_expansion,3-hydroxypropanoic acid;Thionicotinamide,2,"3-hydroxypropanoic acid:[SKiD_substrates,0.343]|Thionicotinamide:[SKiD_substrates,0.354]",herbicide_target_atlas_match;transition_state_mimicry,0.92,0.6597773071546489,inhibit_synergy_model_inference_requires_assay_validation
35fbcf35001f6d3b,GH157,GH,germination,"2-chloro-1,4-benzoquinone;4-hydroxybenzoate",2,"4-hydroxybenzoate:[SKiD_substrates,0.429]|2-chloro-1,4-benzoquinone:[SKiD_substrates,0.253]",herbicide_target_atlas_match;known_inhibitor_class_similarity;natural_product_or_allelopathy_prior;ros_photosynthesis_disruption_prior,0.92,0.6595526016329988,inhibit_synergy_model_inference_requires_assay_validation
420ec0b1625bfb89,GH157,GH,germination,4-hydroxybenzoate;hydroquinone,2,"4-hydroxybenzoate:[SKiD_substrates,0.429]|hydroquinone:[SKiD_substrates,0.253]",herbicide_target_atlas_match;known_inhibitor_class_similarity;natural_product_or_allelopathy_prior;ros_photosynthesis_disruption_prior,0.92,0.6589258389931996,inhibit_synergy_model_inference_requires_assay_validation
d9247d9c89c75b22,GH13_11,GH,germination,"1,2-naphthoquinone;3,4-dihydroxybenzoate",2,"3,4-dihydroxybenzoate:[SKiD_substrates,0.434]|1,2-naphthoquinone:[SKiD_substrates,0.250]",herbicide_target_atlas_match;known_inhibitor_class_similarity;natural_product_or_allelopathy_prior;ros_photosynthesis_disruption_prior,0.92,0.6589084566274916,inhibit_synergy_model_inference_requires_assay_validation
b49f7cfd566322e7,GH13_11,GH,germination,2-(2-hydroxyethylthio)ethanesulfonate;3-indolelactate,2,"2-(2-hydroxyethylthio)ethanesulfonate:[SKiD_substrates,0.470]|3-indolelactate:[SKiD_substrates,0.244]",active_site_compatibility;functional_group_match;herbicide_target_atlas_match;transition_state_mimicry,0.92,0.6588942231529766,inhibit_synergy_model_inference_requires_assay_validation
3f0e9be3aee1fa75,hydroxycinnamate-CoA shikimate transferase,BAHD acyltransferase,early_vegetative,"3,4-dihydroxybenzoate;4-methylsalicylate",2,"3,4-dihydroxybenzoate:[SKiD_substrates,0.500]|4-methylsalicylate:[SKiD_substrates,0.280]",herbicide_target_atlas_match;known_inhibitor_class_similarity,0.92,0.6588652147774849,inhibit_synergy_model_inference_requires_assay_validation
8cda7fff34cf04fc,caffeoyl shikimate esterase,BAHD acyltransferase,early_vegetative,"3,4-dihydroxybenzoate;salicylate",2,"3,4-dihydroxybenzoate:[SKiD_substrates,0.500]|salicylate:[SKiD_substrates,0.280]",herbicide_target_atlas_match;known_inhibitor_class_similarity,0.92,0.6586061503915719,inhibit_synergy_model_inference_requires_assay_validation
fb98b3378e8530a6,caffeoylshikimate esterase,BAHD acyltransferase,early_vegetative,"3,4-dihydroxybenzoate;5-Aminosalicylate",2,"3,4-dihydroxybenzoate:[SKiD_substrates,0.500]|5-Aminosalicylate:[SKiD_substrates,0.280]",herbicide_target_atlas_match;known_inhibitor_class_similarity,0.92,0.6585021624089633,inhibit_synergy_model_inference_requires_assay_validation
e9ba99a4b71316fa,caffeoyl shikimate esterase,BAHD acyltransferase,early_vegetative,"3,4-dihydroxybenzoate;4-Aminosalicylate",2,"3,4-dihydroxybenzoate:[SKiD_substrates,0.500]|4-Aminosalicylate:[SKiD_substrates,0.280]",herbicide_target_atlas_match;known_inhibitor_class_similarity,0.92,0.6585021624089633,inhibit_synergy_model_inference_requires_assay_validation
7aa211e849b7f4fd,phosphoenolpyruvate carboxylase,PEPC,vegetative_expansion,"1,4-benzoquinone;2-oxo-octanoate",2,"1,4-benzoquinone:[SKiD_substrates,0.322]|2-oxo-octanoate:[SKiD_substrates,0.279]",herbicide_target_atlas_match;natural_product_or_allelopathy_prior;ros_photosynthesis_disruption_prior,0.92,0.6551855404398217,inhibit_synergy_model_inference_requires_assay_validation
c04aabfabf1bd97a,peroxidase,Peroxidase,stress_response,"1,4-benzoquinone;2-oxo-octanoate",2,"1,4-benzoquinone:[SKiD_substrates,0.322]|2-oxo-octanoate:[SKiD_substrates,0.279]",herbicide_target_atlas_match;natural_product_or_allelopathy_prior;ros_photosynthesis_disruption_prior,0.92,0.6551855404398217,inhibit_synergy_model_inference_requires_assay_validation
fb526c3c3ffb2603,ribulose bisphosphate carboxylase oxygenase,RuBisCO,vegetative_expansion,"1,4-benzoquinone;2-oxo-octanoate",2,"1,4-benzoquinone:[SKiD_substrates,0.322]|2-oxo-octanoate:[SKiD_substrates,0.279]",herbicide_target_atlas_match;natural_product_or_allelopathy_prior;ros_photosynthesis_disruption_prior,0.92,0.6551855404398217,inhibit_synergy_model_inference_requires_assay_validation
06dfbe905b5de2af,Arabidopsis aminotransferase,Aminotransferase,unassigned_stage,"1,4-benzoquinone;5-Hydroxyuracil",2,"5-Hydroxyuracil:[SKiD_substrates,0.302]|1,4-benzoquinone:[SKiD_substrates,0.310]",herbicide_target_atlas_match;natural_product_or_allelopathy_prior;ros_photosynthesis_disruption_prior,0.92,0.6531171307004238,inhibit_synergy_model_inference_requires_assay_validation
1d0f3a8a0644f3b9,Tryptophan Aminotransferase of Arabidopsis 1;TRYPTOPHAN AMINOTRANSFERASE OF ARABIDOPSIS 1,Aminotransferase,unassigned_stage,1-deoxy-D-xylulose 5-phosphate;2-oxo-octanoate,2,"1-deoxy-D-xylulose 5-phosphate:[SKiD_substrates,0.419]|2-oxo-octanoate:[SKiD_substrates,0.267]",active_site_compatibility;herbicide_target_atlas_match;transition_state_mimicry,0.92,0.6517171903327759,inhibit_synergy_model_inference_requires_assay_validation
a3582fbbf97510eb,hydroxycinnamoyl-CoA:shikimate hydroxycinnamoyl transferase 1,BAHD acyltransferase,early_vegetative,4-hydroxybenzoate;isethionate,2,"isethionate:[SKiD_substrates,0.273]|4-hydroxybenzoate:[SKiD_substrates,0.495]",herbicide_target_atlas_match;known_inhibitor_class_similarity,0.92,0.650797749012263,inhibit_synergy_model_inference_requires_assay_validation
ccb3340ce84208d4,phosphoenolpyruvate carboxylase,PEPC,vegetative_expansion,"1,4-benzoquinone;isethionate",2,"isethionate:[SKiD_substrates,0.273]|1,4-benzoquinone:[SKiD_substrates,0.322]",herbicide_target_atlas_match;natural_product_or_allelopathy_prior;ros_photosynthesis_disruption_prior,0.92,0.6506132335370123,inhibit_synergy_model_inference_requires_assay_validation
3d625ed48458de73,peroxidase,Peroxidase,stress_response,"1,4-benzoquinone;isethionate",2,"isethionate:[SKiD_substrates,0.273]|1,4-benzoquinone:[SKiD_substrates,0.322]",herbicide_target_atlas_match;natural_product_or_allelopathy_prior;ros_photosynthesis_disruption_prior,0.92,0.6506132335370123,inhibit_synergy_model_inference_requires_assay_validation
551bcc9c5f382669,ribulose bisphosphate carboxylase oxygenase,RuBisCO,vegetative_expansion,"1,4-benzoquinone;isethionate",2,"isethionate:[SKiD_substrates,0.273]|1,4-benzoquinone:[SKiD_substrates,0.322]",herbicide_target_atlas_match;natural_product_or_allelopathy_prior;ros_photosynthesis_disruption_prior,0.92,0.6506132335370123,inhibit_synergy_model_inference_requires_assay_validation
59453c6f21575f0f,Tryptophan Aminotransferase of Arabidopsis 1;TRYPTOPHAN AMINOTRANSFERASE OF ARABIDOPSIS 1,Aminotransferase,unassigned_stage,"1,4-benzoquinone;D-3-hydroxybutyrate",2,"D-3-hydroxybutyrate:[SKiD_substrates,0.298]|1,4-benzoquinone:[SKiD_substrates,0.310]",herbicide_target_atlas_match;natural_product_or_allelopathy_prior;ros_photosynthesis_disruption_prior,0.92,0.6501672175698551,inhibit_synergy_model_inference_requires_assay_validation
b2c7bb1853b3c6e3,GH43_13,GH,germination,"(2S)-3-carboxy-N-(fluoromethyl)-2-hydroxy-N N-dimethylpropan-1-aminium;1,4-benzoquinone",2,"(2S)-3-carboxy-N-(fluoromethyl)-2-hydroxy-N N-dimethylpropan-1-aminium:[SKiD_substrates,0.397]|1,4-benzoquinone:[SKiD_substrates,0.256]",herbicide_target_atlas_match;known_inhibitor_class_similarity;natural_product_or_allelopathy_prior;ros_photosynthesis_disruption_prior,0.92,0.6479045880782164,inhibit_synergy_model_inference_requires_assay_validation
121ae952617deac7,Drought-Induced Branched-Chain Amino Acid Aminotransferase,Aminotransferase,germination,"(2S)-3-carboxy-N-(fluoromethyl)-2-hydroxy-N N-dimethylpropan-1-aminium;1,4-benzoquinone",2,"(2S)-3-carboxy-N-(fluoromethyl)-2-hydroxy-N N-dimethylpropan-1-aminium:[SKiD_substrates,0.397]|1,4-benzoquinone:[SKiD_substrates,0.256]",herbicide_target_atlas_match;known_inhibitor_class_similarity;natural_product_or_allelopathy_prior;ros_photosynthesis_disruption_prior,0.92,0.6479045880782164,inhibit_synergy_model_inference_requires_assay_validation
ed20f1171cb714dd,GH13_11,GH,germination,"(2S)-3-carboxy-N-(fluoromethyl)-2-hydroxy-N N-dimethylpropan-1-aminium;1,4-benzoquinone",2,"(2S)-3-carboxy-N-(fluoromethyl)-2-hydroxy-N N-dimethylpropan-1-aminium:[SKiD_substrates,0.397]|1,4-benzoquinone:[SKiD_substrates,0.256]",herbicide_target_atlas_match;known_inhibitor_class_similarity;natural_product_or_allelopathy_prior;ros_photosynthesis_disruption_prior,0.92,0.6479045880782164,inhibit_synergy_model_inference_requires_assay_validation
ea1c1d6523ef60c6,GH169,GH,germination,"(2S)-3-carboxy-N-(fluoromethyl)-2-hydroxy-N N-dimethylpropan-1-aminium;1,4-benzoquinone",2,"(2S)-3-carboxy-N-(fluoromethyl)-2-hydroxy-N N-dimethylpropan-1-aminium:[SKiD_substrates,0.397]|1,4-benzoquinone:[SKiD_substrates,0.256]",herbicide_target_atlas_match;known_inhibitor_class_similarity;natural_product_or_allelopathy_prior;ros_photosynthesis_disruption_prior,0.92,0.6479045880782164,inhibit_synergy_model_inference_requires_assay_validation
9d5c496c3c1837a2,GH157,GH,germination,"(2S)-3-carboxy-N-(fluoromethyl)-2-hydroxy-N N-dimethylpropan-1-aminium;1,4-benzoquinone",2,"(2S)-3-carboxy-N-(fluoromethyl)-2-hydroxy-N N-dimethylpropan-1-aminium:[SKiD_substrates,0.397]|1,4-benzoquinone:[SKiD_substrates,0.256]",herbicide_target_atlas_match;known_inhibitor_class_similarity;natural_product_or_allelopathy_prior;ros_photosynthesis_disruption_prior,0.92,0.6479045880782164,inhibit_synergy_model_inference_requires_assay_validation
bf25be44bccde1d3,GH5_21,GH,germination,"(2S)-3-carboxy-N-(fluoromethyl)-2-hydroxy-N N-dimethylpropan-1-aminium;1,4-benzoquinone",2,"(2S)-3-carboxy-N-(fluoromethyl)-2-hydroxy-N N-dimethylpropan-1-aminium:[SKiD_substrates,0.397]|1,4-benzoquinone:[SKiD_substrates,0.256]",herbicide_target_atlas_match;known_inhibitor_class_similarity;natural_product_or_allelopathy_prior;ros_photosynthesis_disruption_prior,0.92,0.6479045880782164,inhibit_synergy_model_inference_requires_assay_validation
9d826e758e2bf267,GH5_21,GH,germination,"2,6-dimethoxyphenol;3,4-dihydroxybenzoate",2,"3,4-dihydroxybenzoate:[SKiD_substrates,0.434]|2,6-dimethoxyphenol:[SKiD_substrates,0.364]",herbicide_target_atlas_match;known_inhibitor_class_similarity,0.92,0.6464970152761874,inhibit_synergy_model_inference_requires_assay_validation
aa17dea4cb99d358,Drought-Induced Branched-Chain Amino Acid Aminotransferase,Aminotransferase,germination,(2S)-3-carboxy-N-(fluoromethyl)-2-hydroxy-N N-dimethylpropan-1-aminium;p-toluquinone,2,"(2S)-3-carboxy-N-(fluoromethyl)-2-hydroxy-N N-dimethylpropan-1-aminium:[SKiD_substrates,0.397]|p-toluquinone:[SKiD_substrates,0.254]",herbicide_target_atlas_match;known_inhibitor_class_similarity;natural_product_or_allelopathy_prior;ros_photosynthesis_disruption_prior,0.92,0.6460631220025641,inhibit_synergy_model_inference_requires_assay_validation
7b9d10014b60390a,GH43_13,GH,germination,(2S)-3-carboxy-N-(fluoromethyl)-2-hydroxy-N N-dimethylpropan-1-aminium;p-toluquinone,2,"(2S)-3-carboxy-N-(fluoromethyl)-2-hydroxy-N N-dimethylpropan-1-aminium:[SKiD_substrates,0.397]|p-toluquinone:[SKiD_substrates,0.254]",herbicide_target_atlas_match;known_inhibitor_class_similarity;natural_product_or_allelopathy_prior;ros_photosynthesis_disruption_prior,0.92,0.6460631220025641,inhibit_synergy_model_inference_requires_assay_validation
43d8221a0f6ab75a,GH13_11,GH,germination,(2S)-3-carboxy-N-(fluoromethyl)-2-hydroxy-N N-dimethylpropan-1-aminium;p-toluquinone,2,"(2S)-3-carboxy-N-(fluoromethyl)-2-hydroxy-N N-dimethylpropan-1-aminium:[SKiD_substrates,0.397]|p-toluquinone:[SKiD_substrates,0.254]",herbicide_target_atlas_match;known_inhibitor_class_similarity;natural_product_or_allelopathy_prior;ros_photosynthesis_disruption_prior,0.92,0.6460631220025641,inhibit_synergy_model_inference_requires_assay_validation
1f403698647d8dda,alpha-amylase,amylase,germination,(2S)-3-carboxy-N-(fluoromethyl)-2-hydroxy-N N-dimethylpropan-1-aminium;p-toluquinone,2,"(2S)-3-carboxy-N-(fluoromethyl)-2-hydroxy-N N-dimethylpropan-1-aminium:[SKiD_substrates,0.397]|p-toluquinone:[SKiD_substrates,0.254]",herbicide_target_atlas_match;known_inhibitor_class_similarity;natural_product_or_allelopathy_prior;ros_photosynthesis_disruption_prior,0.92,0.6460631220025641,inhibit_synergy_model_inference_requires_assay_validation
a8423b5fcf663c3b,alpha-amylase,amylase,germination,"(2S)-3-carboxy-N-(fluoromethyl)-2-hydroxy-N N-dimethylpropan-1-aminium;2-chloro-1,4-benzoquinone",2,"(2S)-3-carboxy-N-(fluoromethyl)-2-hydroxy-N N-dimethylpropan-1-aminium:[SKiD_substrates,0.397]|2-chloro-1,4-benzoquinone:[SKiD_substrates,0.253]",herbicide_target_atlas_match;known_inhibitor_class_similarity;natural_product_or_allelopathy_prior;ros_photosynthesis_disruption_prior,0.92,0.6451066086150056,inhibit_synergy_model_inference_requires_assay_validation
9ec4e51bd66911fb,alpha-amylase,amylase,germination,(2S)-3-carboxy-N-(fluoromethyl)-2-hydroxy-N N-dimethylpropan-1-aminium;methoxyhydroquinone,2,"(2S)-3-carboxy-N-(fluoromethyl)-2-hydroxy-N N-dimethylpropan-1-aminium:[SKiD_substrates,0.397]|methoxyhydroquinone:[SKiD_substrates,0.253]",herbicide_target_atlas_match;known_inhibitor_class_similarity;natural_product_or_allelopathy_prior;ros_photosynthesis_disruption_prior,0.92,0.6446513325924639,inhibit_synergy_model_inference_requires_assay_validation
39f288c6d3df509e,GH13_11,GH,germination,(2S)-3-carboxy-N-(fluoromethyl)-2-hydroxy-N N-dimethylpropan-1-aminium;methoxyhydroquinone,2,"(2S)-3-carboxy-N-(fluoromethyl)-2-hydroxy-N N-dimethylpropan-1-aminium:[SKiD_substrates,0.397]|methoxyhydroquinone:[SKiD_substrates,0.253]",herbicide_target_atlas_match;known_inhibitor_class_similarity;natural_product_or_allelopathy_prior;ros_photosynthesis_disruption_prior,0.92,0.6446513325924639,inhibit_synergy_model_inference_requires_assay_validation
40e2a8fffa4a2a69,Drought-Induced Branched-Chain Amino Acid Aminotransferase,Aminotransferase,germination,(2S)-3-carboxy-N-(fluoromethyl)-2-hydroxy-N N-dimethylpropan-1-aminium;methoxyhydroquinone,2,"(2S)-3-carboxy-N-(fluoromethyl)-2-hydroxy-N N-dimethylpropan-1-aminium:[SKiD_substrates,0.397]|methoxyhydroquinone:[SKiD_substrates,0.253]",herbicide_target_atlas_match;known_inhibitor_class_similarity;natural_product_or_allelopathy_prior;ros_photosynthesis_disruption_prior,0.92,0.6446513325924639,inhibit_synergy_model_inference_requires_assay_validation
5dc35b2554d9a5a8,acetyl-CoA carboxylase,ACCase,vegetative_expansion,2-Hydroxyoctanoate;2-oxo-octanoate,2,"2-Hydroxyoctanoate:[SKiD_substrates,0.387]|2-oxo-octanoate:[SKiD_substrates,0.321]",herbicide_target_atlas_match,0.92,0.6439596062571682,inhibit_synergy_model_inference_requires_assay_validation
c3e2f9a47f46a00c,protoporphyrinogen oxidase,PPO,vegetative_expansion,2-Hydroxyoctanoate;2-oxo-octanoate,2,"2-Hydroxyoctanoate:[SKiD_substrates,0.387]|2-oxo-octanoate:[SKiD_substrates,0.321]",herbicide_target_atlas_match,0.92,0.6439596062571682,inhibit_synergy_model_inference_requires_assay_validation
0d8055c741d3b2d9,cytochrome P450,Cytochrome P450,specialized_metabolism,2-Hydroxyoctanoate;2-oxo-octanoate,2,"2-Hydroxyoctanoate:[SKiD_substrates,0.387]|2-oxo-octanoate:[SKiD_substrates,0.321]",herbicide_target_atlas_match,0.92,0.6439596062571682,inhibit_synergy_model_inference_requires_assay_validation
bf1176e258116c99,acetyl-CoA carboxylase,ACCase,vegetative_expansion,2-oxo-octanoate;3-hydroxypropanoic acid,2,"2-oxo-octanoate:[SKiD_substrates,0.321]|3-hydroxypropanoic acid:[SKiD_substrates,0.385]",herbicide_target_atlas_match,0.92,0.6434952259847491,inhibit_synergy_model_inference_requires_assay_validation
0c9606736d06b878,cytochrome P450,Cytochrome P450,specialized_metabolism,2-oxo-octanoate;3-hydroxypropanoic acid,2,"2-oxo-octanoate:[SKiD_substrates,0.321]|3-hydroxypropanoic acid:[SKiD_substrates,0.385]",herbicide_target_atlas_match,0.92,0.6434952259847491,inhibit_synergy_model_inference_requires_assay_validation
1371114336ef2211,protoporphyrinogen oxidase,PPO,vegetative_expansion,2-oxo-octanoate;3-hydroxypropanoic acid,2,"2-oxo-octanoate:[SKiD_substrates,0.321]|3-hydroxypropanoic acid:[SKiD_substrates,0.385]",herbicide_target_atlas_match,0.92,0.6434952259847491,inhibit_synergy_model_inference_requires_assay_validation
b5e5a3e886206609,GH13_11,GH,germination,2-(2-hydroxyethylthio)ethanesulfonate;D-galactosamine,2,"2-(2-hydroxyethylthio)ethanesulfonate:[SKiD_substrates,0.470]|D-galactosamine:[SKiD_substrates,0.223]",active_site_compatibility;functional_group_match;herbicide_target_atlas_match;transition_state_mimicry,0.92,0.6426649401092308,inhibit_synergy_model_inference_requires_assay_validation
cd723bd6d2bf32d4,Drought-Induced Branched-Chain Amino Acid Aminotransferase,Aminotransferase,germination,"(2S)-3-carboxy-N-(fluoromethyl)-2-hydroxy-N N-dimethylpropan-1-aminium;1,2-naphthoquinone",2,"(2S)-3-carboxy-N-(fluoromethyl)-2-hydroxy-N N-dimethylpropan-1-aminium:[SKiD_substrates,0.397]|1,2-naphthoquinone:[SKiD_substrates,0.250]",herbicide_target_atlas_match;known_inhibitor_class_similarity;natural_product_or_allelopathy_prior;ros_photosynthesis_disruption_prior,0.92,0.6421148939124638,inhibit_synergy_model_inference_requires_assay_validation
862bf8a9dfbd3d0a,peroxidase,Peroxidase,stress_response,(2S)-3-carboxy-N-(fluoromethyl)-2-hydroxy-N N-dimethylpropan-1-aminium;2-oxo-octanoate,2,"(2S)-3-carboxy-N-(fluoromethyl)-2-hydroxy-N N-dimethylpropan-1-aminium:[SKiD_substrates,0.463]|2-oxo-octanoate:[SKiD_substrates,0.279]",herbicide_target_atlas_match;known_inhibitor_class_similarity,0.92,0.6409240628970791,inhibit_synergy_model_inference_requires_assay_validation
fe3476524f347b2e,phosphoenolpyruvate carboxylase,PEPC,vegetative_expansion,(2S)-3-carboxy-N-(fluoromethyl)-2-hydroxy-N N-dimethylpropan-1-aminium;2-oxo-octanoate,2,"(2S)-3-carboxy-N-(fluoromethyl)-2-hydroxy-N N-dimethylpropan-1-aminium:[SKiD_substrates,0.463]|2-oxo-octanoate:[SKiD_substrates,0.279]",herbicide_target_atlas_match;known_inhibitor_class_similarity,0.92,0.6409240628970791,inhibit_synergy_model_inference_requires_assay_validation
a977565c5c05103a,GH13_11,GH,germination,"3,4-dihydroxybenzoate;Thionicotinamide",2,"3,4-dihydroxybenzoate:[SKiD_substrates,0.434]|Thionicotinamide:[SKiD_substrates,0.288]",herbicide_target_atlas_match;known_inhibitor_class_similarity;transition_state_mimicry,0.92,0.6401035535429432,inhibit_synergy_model_inference_requires_assay_validation
4cc0e063a4dbd675,GH5_21,GH,germination,"3,4-dihydroxybenzoate;Thionicotinamide",2,"3,4-dihydroxybenzoate:[SKiD_substrates,0.434]|Thionicotinamide:[SKiD_substrates,0.288]",herbicide_target_atlas_match;known_inhibitor_class_similarity;transition_state_mimicry,0.92,0.6401035535429432,inhibit_synergy_model_inference_requires_assay_validation
8d2c290fc80b280e,GH43_13,GH,germination,"3,4-dihydroxybenzoate;Thionicotinamide",2,"3,4-dihydroxybenzoate:[SKiD_substrates,0.434]|Thionicotinamide:[SKiD_substrates,0.288]",herbicide_target_atlas_match;known_inhibitor_class_similarity;transition_state_mimicry,0.92,0.6401035535429432,inhibit_synergy_model_inference_requires_assay_validation
9c66085404dbe916,GH13_11,GH,germination,2-(2-hydroxyethylthio)ethanesulfonate;3-methylsalicylate,2,"2-(2-hydroxyethylthio)ethanesulfonate:[SKiD_substrates,0.470]|3-methylsalicylate:[SKiD_substrates,0.214]",active_site_compatibility;functional_group_match;herbicide_target_atlas_match;transition_state_mimicry,0.92,0.6400233029963478,inhibit_synergy_model_inference_requires_assay_validation
7010d75e455b5e5d,GH43_13,GH,germination,2-(2-hydroxyethylthio)ethanesulfonate;4-methylsalicylate,2,"2-(2-hydroxyethylthio)ethanesulfonate:[SKiD_substrates,0.470]|4-methylsalicylate:[SKiD_substrates,0.214]",active_site_compatibility;functional_group_match;herbicide_target_atlas_match;transition_state_mimicry,0.92,0.6400233029963478,inhibit_synergy_model_inference_requires_assay_validation
6a9835140dd4c9fb,GH43_13,GH,germination,2-(2-hydroxyethylthio)ethanesulfonate;5-Fluorosalicylate,2,"2-(2-hydroxyethylthio)ethanesulfonate:[SKiD_substrates,0.470]|5-Fluorosalicylate:[SKiD_substrates,0.214]",active_site_compatibility;functional_group_match;herbicide_target_atlas_match;transition_state_mimicry,0.92,0.6399845383808027,inhibit_synergy_model_inference_requires_assay_validation
05f0f2d4b1c53148,GH5_21,GH,germination,2-(2-hydroxyethylthio)ethanesulfonate;5-Fluorosalicylate,2,"2-(2-hydroxyethylthio)ethanesulfonate:[SKiD_substrates,0.470]|5-Fluorosalicylate:[SKiD_substrates,0.214]",active_site_compatibility;functional_group_match;herbicide_target_atlas_match;transition_state_mimicry,0.92,0.6399845383808027,inhibit_synergy_model_inference_requires_assay_validation
db8e6310720bfead,GH43_13,GH,germination,2-(2-hydroxyethylthio)ethanesulfonate;3-aminosalicylate,2,"2-(2-hydroxyethylthio)ethanesulfonate:[SKiD_substrates,0.470]|3-aminosalicylate:[SKiD_substrates,0.214]",active_site_compatibility;functional_group_match;herbicide_target_atlas_match;transition_state_mimicry,0.92,0.6396602506278262,inhibit_synergy_model_inference_requires_assay_validation
e15cd979f578f896,GH13_11,GH,germination,2-(2-hydroxyethylthio)ethanesulfonate;5-Aminosalicylate,2,"2-(2-hydroxyethylthio)ethanesulfonate:[SKiD_substrates,0.470]|5-Aminosalicylate:[SKiD_substrates,0.214]",active_site_compatibility;functional_group_match;herbicide_target_atlas_match;transition_state_mimicry,0.92,0.6396602506278262,inhibit_synergy_model_inference_requires_assay_validation
37f50ed2add313b6,cytochrome P450,Cytochrome P450,specialized_metabolism,2-Hydroxyoctanoate;isethionate,2,"isethionate:[SKiD_substrates,0.315]|2-Hydroxyoctanoate:[SKiD_substrates,0.387]",herbicide_target_atlas_match,0.92,0.639387299354359,inhibit_synergy_model_inference_requires_assay_validation
966609c62b4e82a8,acetyl-CoA carboxylase,ACCase,vegetative_expansion,2-Hydroxyoctanoate;isethionate,2,"isethionate:[SKiD_substrates,0.315]|2-Hydroxyoctanoate:[SKiD_substrates,0.387]",herbicide_target_atlas_match,0.92,0.639387299354359,inhibit_synergy_model_inference_requires_assay_validation
0c7b6dda8e1dc95b,protoporphyrinogen oxidase,PPO,vegetative_expansion,2-Hydroxyoctanoate;isethionate,2,"isethionate:[SKiD_substrates,0.315]|2-Hydroxyoctanoate:[SKiD_substrates,0.387]",herbicide_target_atlas_match,0.92,0.639387299354359,inhibit_synergy_model_inference_requires_assay_validation
0056d8b345ea3fbc,cytochrome P450,Cytochrome P450,specialized_metabolism,3-hydroxypropanoic acid;isethionate,2,"isethionate:[SKiD_substrates,0.315]|3-hydroxypropanoic acid:[SKiD_substrates,0.385]",herbicide_target_atlas_match,0.92,0.6389229190819399,inhibit_synergy_model_inference_requires_assay_validation
a264a3e0c5888b8b,protoporphyrinogen oxidase,PPO,vegetative_expansion,3-hydroxypropanoic acid;isethionate,2,"isethionate:[SKiD_substrates,0.315]|3-hydroxypropanoic acid:[SKiD_substrates,0.385]",herbicide_target_atlas_match,0.92,0.6389229190819399,inhibit_synergy_model_inference_requires_assay_validation
6f26db8ba43d81ad,acetyl-CoA carboxylase,ACCase,vegetative_expansion,3-hydroxypropanoic acid;isethionate,2,"isethionate:[SKiD_substrates,0.315]|3-hydroxypropanoic acid:[SKiD_substrates,0.385]",herbicide_target_atlas_match,0.92,0.6389229190819399,inhibit_synergy_model_inference_requires_assay_validation
dff9dc89e8ef1334,photosystem II,PSII,early_vegetative,3-hydroxypropanoic acid;isethionate,2,"isethionate:[SKiD_substrates,0.315]|3-hydroxypropanoic acid:[SKiD_substrates,0.385]",herbicide_target_atlas_match,0.92,0.6389229190819399,inhibit_synergy_model_inference_requires_assay_validation
7400a574ffb36f03,GH43_13,GH,germination,2-(2-hydroxyethylthio)ethanesulfonate;2-oxo-octanoate,2,"2-(2-hydroxyethylthio)ethanesulfonate:[SKiD_substrates,0.470]|2-oxo-octanoate:[SKiD_substrates,0.213]",active_site_compatibility;functional_group_match;herbicide_target_atlas_match;transition_state_mimicry,0.92,0.6388757138309699,inhibit_synergy_model_inference_requires_assay_validation
6dcfd4d07b4b31bf,GH13_11,GH,germination,2-(2-hydroxyethylthio)ethanesulfonate;2-oxo-octanoate,2,"2-(2-hydroxyethylthio)ethanesulfonate:[SKiD_substrates,0.470]|2-oxo-octanoate:[SKiD_substrates,0.213]",active_site_compatibility;functional_group_match;herbicide_target_atlas_match;transition_state_mimicry,0.92,0.6388757138309699,inhibit_synergy_model_inference_requires_assay_validation
2b0183e29810391c,GH5_21,GH,germination,2-(2-hydroxyethylthio)ethanesulfonate;2-oxo-octanoate,2,"2-(2-hydroxyethylthio)ethanesulfonate:[SKiD_substrates,0.470]|2-oxo-octanoate:[SKiD_substrates,0.213]",active_site_compatibility;functional_group_match;herbicide_target_atlas_match;transition_state_mimicry,0.92,0.6388757138309699,inhibit_synergy_model_inference_requires_assay_validation
6dbfcf071e8ea8b2,Arabidopsis aminotransferase,Aminotransferase,unassigned_stage,(2S)-3-carboxy-N-(fluoromethyl)-2-hydroxy-N N-dimethylpropan-1-aminium;5-Hydroxyuracil,2,"(2S)-3-carboxy-N-(fluoromethyl)-2-hydroxy-N N-dimethylpropan-1-aminium:[SKiD_substrates,0.451]|5-Hydroxyuracil:[SKiD_substrates,0.302]",herbicide_target_atlas_match;known_inhibitor_class_similarity,0.92,0.6388556531576812,inhibit_synergy_model_inference_requires_assay_validation
8cb34dfe64a4c866,GH13_11,GH,germination,2-(2-hydroxyethylthio)ethanesulfonate;4-chlorosalicylate,2,"2-(2-hydroxyethylthio)ethanesulfonate:[SKiD_substrates,0.470]|4-chlorosalicylate:[SKiD_substrates,0.212]",active_site_compatibility;functional_group_match;herbicide_target_atlas_match;transition_state_mimicry,0.92,0.6383243325046155,inhibit_synergy_model_inference_requires_assay_validation
28e78149f46e712c,ribulose bisphosphate carboxylase oxygenase,RuBisCO,vegetative_expansion,(2S)-3-carboxy-N-(fluoromethyl)-2-hydroxy-N N-dimethylpropan-1-aminium;isethionate,2,"isethionate:[SKiD_substrates,0.273]|(2S)-3-carboxy-N-(fluoromethyl)-2-hydroxy-N N-dimethylpropan-1-aminium:[SKiD_substrates,0.463]",herbicide_target_atlas_match;known_inhibitor_class_similarity,0.92,0.6363517559942697,inhibit_synergy_model_inference_requires_assay_validation
9cc1d4ede37c013a,phosphoenolpyruvate carboxylase,PEPC,vegetative_expansion,(2S)-3-carboxy-N-(fluoromethyl)-2-hydroxy-N N-dimethylpropan-1-aminium;isethionate,2,"isethionate:[SKiD_substrates,0.273]|(2S)-3-carboxy-N-(fluoromethyl)-2-hydroxy-N N-dimethylpropan-1-aminium:[SKiD_substrates,0.463]",herbicide_target_atlas_match;known_inhibitor_class_similarity,0.92,0.6363517559942697,inhibit_synergy_model_inference_requires_assay_validation
37c3b9a552d1c7fe,peroxidase,Peroxidase,stress_response,(2S)-3-carboxy-N-(fluoromethyl)-2-hydroxy-N N-dimethylpropan-1-aminium;isethionate,2,"isethionate:[SKiD_substrates,0.273]|(2S)-3-carboxy-N-(fluoromethyl)-2-hydroxy-N N-dimethylpropan-1-aminium:[SKiD_substrates,0.463]",herbicide_target_atlas_match;known_inhibitor_class_similarity,0.92,0.6363517559942697,inhibit_synergy_model_inference_requires_assay_validation
6de4ec6d2584bc0f,Tryptophan Aminotransferase of Arabidopsis 1;TRYPTOPHAN AMINOTRANSFERASE OF ARABIDOPSIS 1,Aminotransferase,unassigned_stage,(2S)-3-carboxy-N-(fluoromethyl)-2-hydroxy-N N-dimethylpropan-1-aminium;D-3-hydroxybutyrate,2,"(2S)-3-carboxy-N-(fluoromethyl)-2-hydroxy-N N-dimethylpropan-1-aminium:[SKiD_substrates,0.451]|D-3-hydroxybutyrate:[SKiD_substrates,0.298]",herbicide_target_atlas_match;known_inhibitor_class_similarity,0.92,0.6359057400271126,inhibit_synergy_model_inference_requires_assay_validation
64a33a75c65cc49a,ribulose bisphosphate carboxylase oxygenase,RuBisCO,vegetative_expansion,S-adenosyl-L-methionine;vanillylamine,2,"S-adenosyl-L-methionine:[SKiD_substrates,0.366]|vanillylamine:[SKiD_substrates,0.305]",herbicide_target_atlas_match;known_inhibitor_class_similarity,0.92,0.6357292354979933,inhibit_synergy_model_inference_requires_assay_validation
15c8054d4d324088,protoporphyrinogen oxidase,PPO,vegetative_expansion,2-oxo-octanoate;3-indolelactate,2,"2-oxo-octanoate:[SKiD_substrates,0.321]|3-indolelactate:[SKiD_substrates,0.352]",herbicide_target_atlas_match,0.92,0.6350734072554738,inhibit_synergy_model_inference_requires_assay_validation
fe849e864b6f8df8,GH13_11,GH,germination,2-(2-hydroxyethylthio)ethanesulfonate;isethionate,2,"2-(2-hydroxyethylthio)ethanesulfonate:[SKiD_substrates,0.470]|isethionate:[SKiD_substrates,0.207]",active_site_compatibility;functional_group_match;herbicide_target_atlas_match;transition_state_mimicry,0.92,0.6343034069281606,inhibit_synergy_model_inference_requires_assay_validation
2a29a0a1854a3057,GH43_13,GH,germination,2-(2-hydroxyethylthio)ethanesulfonate;isethionate,2,"2-(2-hydroxyethylthio)ethanesulfonate:[SKiD_substrates,0.470]|isethionate:[SKiD_substrates,0.207]",active_site_compatibility;functional_group_match;herbicide_target_atlas_match;transition_state_mimicry,0.92,0.6343034069281606,inhibit_synergy_model_inference_requires_assay_validation
971dc86bda10ac93,GH5_21,GH,germination,2-(2-hydroxyethylthio)ethanesulfonate;isethionate,2,"2-(2-hydroxyethylthio)ethanesulfonate:[SKiD_substrates,0.470]|isethionate:[SKiD_substrates,0.207]",active_site_compatibility;functional_group_match;herbicide_target_atlas_match;transition_state_mimicry,0.92,0.6343034069281606,inhibit_synergy_model_inference_requires_assay_validation
55b0c2e11a1e616a,ribulose bisphosphate carboxylase oxygenase,RuBisCO,vegetative_expansion,Thionicotinamide;vanillylamine,2,"Thionicotinamide:[SKiD_substrates,0.354]|vanillylamine:[SKiD_substrates,0.305]",herbicide_target_atlas_match;transition_state_mimicry,0.92,0.633994286661204,inhibit_synergy_model_inference_requires_assay_validation
8eb391b1bdee71b2,protoporphyrinogen oxidase,PPO,vegetative_expansion,3-indolelactate;isethionate,2,"isethionate:[SKiD_substrates,0.315]|3-indolelactate:[SKiD_substrates,0.352]",herbicide_target_atlas_match,0.92,0.6305011003526644,inhibit_synergy_model_inference_requires_assay_validation
f9ac7f71a59a8988,cytochrome P450,Cytochrome P450,specialized_metabolism,2-oxo-octanoate;5-Hydroxyuracil,2,"5-Hydroxyuracil:[SKiD_substrates,0.356]|2-oxo-octanoate:[SKiD_substrates,0.321]",herbicide_target_atlas_match,0.92,0.6303130103079598,inhibit_synergy_model_inference_requires_assay_validation
b26730f9dea20fa0,Drought-Induced Branched-Chain Amino Acid Aminotransferase,Aminotransferase,germination,"1,4-benzoquinone;S-adenosyl-L-methionine",2,"S-adenosyl-L-methionine:[SKiD_substrates,0.300]|1,4-benzoquinone:[SKiD_substrates,0.256]",herbicide_target_atlas_match;known_inhibitor_class_similarity;natural_product_or_allelopathy_prior;ros_photosynthesis_disruption_prior,0.92,0.6266015643479599,inhibit_synergy_model_inference_requires_assay_validation
e209273b710051f9,alpha-amylase,amylase,germination,"1,4-benzoquinone;S-adenosyl-L-methionine",2,"S-adenosyl-L-methionine:[SKiD_substrates,0.300]|1,4-benzoquinone:[SKiD_substrates,0.256]",herbicide_target_atlas_match;known_inhibitor_class_similarity;natural_product_or_allelopathy_prior;ros_photosynthesis_disruption_prior,0.92,0.6266015643479599,inhibit_synergy_model_inference_requires_assay_validation
85c3f95fcb19c6a0,cytochrome P450,Cytochrome P450,specialized_metabolism,5-Hydroxyuracil;isethionate,2,"isethionate:[SKiD_substrates,0.315]|5-Hydroxyuracil:[SKiD_substrates,0.356]",herbicide_target_atlas_match,0.92,0.6257407034051505,inhibit_synergy_model_inference_requires_assay_validation
c7d70c1e776c5cd5,Drought-Induced Branched-Chain Amino Acid Aminotransferase,Aminotransferase,germination,"1,4-benzoquinone;Thionicotinamide",2,"1,4-benzoquinone:[SKiD_substrates,0.256]|Thionicotinamide:[SKiD_substrates,0.288]",herbicide_target_atlas_match;natural_product_or_allelopathy_prior;ros_photosynthesis_disruption_prior;transition_state_mimicry,0.92,0.6248666155111706,inhibit_synergy_model_inference_requires_assay_validation
bc11511595b1b306,alpha-amylase,amylase,germination,"1,4-benzoquinone;Thionicotinamide",2,"1,4-benzoquinone:[SKiD_substrates,0.256]|Thionicotinamide:[SKiD_substrates,0.288]",herbicide_target_atlas_match;natural_product_or_allelopathy_prior;ros_photosynthesis_disruption_prior;transition_state_mimicry,0.92,0.6248666155111706,inhibit_synergy_model_inference_requires_assay_validation
aed8b0ca878985af,Drought-Induced Branched-Chain Amino Acid Aminotransferase,Aminotransferase,germination,S-adenosyl-L-methionine;p-toluquinone,2,"S-adenosyl-L-methionine:[SKiD_substrates,0.300]|p-toluquinone:[SKiD_substrates,0.254]",herbicide_target_atlas_match;known_inhibitor_class_similarity;natural_product_or_allelopathy_prior;ros_photosynthesis_disruption_prior,0.92,0.6247600982723078,inhibit_synergy_model_inference_requires_assay_validation
e99cf9e704322292,alpha-amylase,amylase,germination,S-adenosyl-L-methionine;p-toluquinone,2,"S-adenosyl-L-methionine:[SKiD_substrates,0.300]|p-toluquinone:[SKiD_substrates,0.254]",herbicide_target_atlas_match;known_inhibitor_class_similarity;natural_product_or_allelopathy_prior;ros_photosynthesis_disruption_prior,0.92,0.6247600982723078,inhibit_synergy_model_inference_requires_assay_validation
27cb090699b01ec2,acetyl-CoA carboxylase,ACCase,vegetative_expansion,"1,4-benzoquinone;protocatechuate",2,"protocatechuate:[SKiD_substrates,0.163]|1,4-benzoquinone:[SKiD_substrates,0.364]",herbicide_target_atlas_match;natural_product_or_allelopathy_prior;ros_photosynthesis_disruption_prior,0.92,0.6235410917398433,inhibit_synergy_model_inference_requires_assay_validation
1ff3277b6adcc54d,Drought-Induced Branched-Chain Amino Acid Aminotransferase,Aminotransferase,germination,(2S)-3-carboxy-N-(fluoromethyl)-2-hydroxy-N N-dimethylpropan-1-aminium;Thionicotinamide,2,"(2S)-3-carboxy-N-(fluoromethyl)-2-hydroxy-N N-dimethylpropan-1-aminium:[SKiD_substrates,0.397]|Thionicotinamide:[SKiD_substrates,0.288]",herbicide_target_atlas_match;known_inhibitor_class_similarity;transition_state_mimicry,0.92,0.6233099908279152,inhibit_synergy_model_inference_requires_assay_validation
8d6b3f1435d72a90,alpha-amylase,amylase,germination,(2S)-3-carboxy-N-(fluoromethyl)-2-hydroxy-N N-dimethylpropan-1-aminium;Thionicotinamide,2,"(2S)-3-carboxy-N-(fluoromethyl)-2-hydroxy-N N-dimethylpropan-1-aminium:[SKiD_substrates,0.397]|Thionicotinamide:[SKiD_substrates,0.288]",herbicide_target_atlas_match;known_inhibitor_class_similarity;transition_state_mimicry,0.92,0.6233099908279152,inhibit_synergy_model_inference_requires_assay_validation
db8b75c62fd54494,GH13_11,GH,germination,(2S)-3-carboxy-N-(fluoromethyl)-2-hydroxy-N N-dimethylpropan-1-aminium;Thionicotinamide,2,"(2S)-3-carboxy-N-(fluoromethyl)-2-hydroxy-N N-dimethylpropan-1-aminium:[SKiD_substrates,0.397]|Thionicotinamide:[SKiD_substrates,0.288]",herbicide_target_atlas_match;known_inhibitor_class_similarity;transition_state_mimicry,0.92,0.6233099908279152,inhibit_synergy_model_inference_requires_assay_validation
319a8d2c0c2f5a55,photosystem II,PSII,early_vegetative,"1,4-benzoquinone;L-ornithine",2,"L-ornithine:[SKiD_substrates,0.162]|1,4-benzoquinone:[SKiD_substrates,0.364]",herbicide_target_atlas_match;natural_product_or_allelopathy_prior;ros_photosynthesis_disruption_prior,0.92,0.6226748183311143,inhibit_synergy_model_inference_requires_assay_validation
cb6c903434ee7ab9,acetyl-CoA carboxylase,ACCase,vegetative_expansion,"1,4-benzoquinone;2-oxoisocaproate",2,"2-oxoisocaproate:[SKiD_substrates,0.161]|1,4-benzoquinone:[SKiD_substrates,0.364]",herbicide_target_atlas_match;natural_product_or_allelopathy_prior;ros_photosynthesis_disruption_prior,0.92,0.622452508733442,inhibit_synergy_model_inference_requires_assay_validation
63cc25e546d6ac85,ribulose bisphosphate carboxylase oxygenase,RuBisCO,vegetative_expansion,D-glucosamine;Thionicotinamide,2,"Thionicotinamide:[SKiD_substrates,0.354]|D-glucosamine:[SKiD_substrates,0.289]",herbicide_target_atlas_match;transition_state_mimicry,0.92,0.6216753166082942,inhibit_synergy_model_inference_requires_assay_validation
a41efabc69b745b3,peroxidase,Peroxidase,stress_response,2-Hydroxyoctanoate;3-hydroxypropanoic acid,2,"2-Hydroxyoctanoate:[SKiD_substrates,0.345]|3-hydroxypropanoic acid:[SKiD_substrates,0.343]",herbicide_target_atlas_match,0.92,0.6188943013426533,inhibit_synergy_model_inference_requires_assay_validation
914876059ec2e92a,phosphoenolpyruvate carboxylase,PEPC,vegetative_expansion,2-Hydroxyoctanoate;3-hydroxypropanoic acid,2,"2-Hydroxyoctanoate:[SKiD_substrates,0.345]|3-hydroxypropanoic acid:[SKiD_substrates,0.343]",herbicide_target_atlas_match,0.92,0.6188943013426533,inhibit_synergy_model_inference_requires_assay_validation
9ecbee4c824bc8f1,ribulose bisphosphate carboxylase oxygenase,RuBisCO,vegetative_expansion,2-Hydroxyoctanoate;3-hydroxypropanoic acid,2,"2-Hydroxyoctanoate:[SKiD_substrates,0.345]|3-hydroxypropanoic acid:[SKiD_substrates,0.343]",herbicide_target_atlas_match,0.92,0.6188943013426533,inhibit_synergy_model_inference_requires_assay_validation
c5708b012cdc566b,ribulose bisphosphate carboxylase oxygenase,RuBisCO,vegetative_expansion,S-adenosyl-L-methionine;isethionate,2,"isethionate:[SKiD_substrates,0.273]|S-adenosyl-L-methionine:[SKiD_substrates,0.366]",herbicide_target_atlas_match;known_inhibitor_class_similarity,0.92,0.6150487322640135,inhibit_synergy_model_inference_requires_assay_validation
8c316bb3d23cff6e,alpha-amylase,amylase,germination,Thionicotinamide;glycerone phosphate,2,"glycerone phosphate:[SKiD_substrates,0.368]|Thionicotinamide:[SKiD_substrates,0.288]",active_site_compatibility;herbicide_target_atlas_match;transition_state_mimicry,0.92,0.6144448617671572,inhibit_synergy_model_inference_requires_assay_validation
ce1d0770d5ae36ce,peroxidase,Peroxidase,stress_response,Thionicotinamide;isethionate,2,"isethionate:[SKiD_substrates,0.273]|Thionicotinamide:[SKiD_substrates,0.354]",herbicide_target_atlas_match;transition_state_mimicry,0.92,0.613313783427224,inhibit_synergy_model_inference_requires_assay_validation
3c3c1b00dcceb604,ribulose bisphosphate carboxylase oxygenase,RuBisCO,vegetative_expansion,Thionicotinamide;isethionate,2,"isethionate:[SKiD_substrates,0.273]|Thionicotinamide:[SKiD_substrates,0.354]",herbicide_target_atlas_match;transition_state_mimicry,0.92,0.613313783427224,inhibit_synergy_model_inference_requires_assay_validation
628e5da1ebec204e,phosphoenolpyruvate carboxylase,PEPC,vegetative_expansion,Thionicotinamide;isethionate,2,"isethionate:[SKiD_substrates,0.273]|Thionicotinamide:[SKiD_substrates,0.354]",herbicide_target_atlas_match;transition_state_mimicry,0.92,0.613313783427224,inhibit_synergy_model_inference_requires_assay_validation
882697996737f1fd,alpha-amylase,amylase,germination,2-Hydroxyoctanoate;glycerone phosphate,2,"glycerone phosphate:[SKiD_substrates,0.368]|2-Hydroxyoctanoate:[SKiD_substrates,0.279]",active_site_compatibility;herbicide_target_atlas_match;transition_state_mimicry,0.92,0.6100496319715719,inhibit_synergy_model_inference_requires_assay_validation
f092e65aaba1e0d2,acetyl-CoA carboxylase,ACCase,vegetative_expansion,(2S)-3-carboxy-N-(fluoromethyl)-2-hydroxy-N N-dimethylpropan-1-aminium;protocatechuate,2,"(2S)-3-carboxy-N-(fluoromethyl)-2-hydroxy-N N-dimethylpropan-1-aminium:[SKiD_substrates,0.505]|protocatechuate:[SKiD_substrates,0.163]",herbicide_target_atlas_match;known_inhibitor_class_similarity,0.92,0.6092796141971009,inhibit_synergy_model_inference_requires_assay_validation
0ee1717e14673128,alpha-amylase,amylase,germination,3-hydroxypropanoic acid;glycerone phosphate,2,"glycerone phosphate:[SKiD_substrates,0.368]|3-hydroxypropanoic acid:[SKiD_substrates,0.277]",active_site_compatibility;herbicide_target_atlas_match;transition_state_mimicry,0.92,0.6087327593565887,inhibit_synergy_model_inference_requires_assay_validation
2d85eb85425d9c39,acetyl-CoA carboxylase,ACCase,vegetative_expansion,(2S)-3-carboxy-N-(fluoromethyl)-2-hydroxy-N N-dimethylpropan-1-aminium;2-oxoisocaproate,2,"(2S)-3-carboxy-N-(fluoromethyl)-2-hydroxy-N N-dimethylpropan-1-aminium:[SKiD_substrates,0.505]|2-oxoisocaproate:[SKiD_substrates,0.161]",herbicide_target_atlas_match;known_inhibitor_class_similarity,0.92,0.6081910311906995,inhibit_synergy_model_inference_requires_assay_validation
3b428ea7a24e8bda,GH43_13,GH,germination,"3,4-dihydroxybenzoate;S-adenosyl-L-methionine",2,"S-adenosyl-L-methionine:[SKiD_substrates,0.300]|3,4-dihydroxybenzoate:[SKiD_substrates,0.434]",herbicide_target_atlas_match;known_inhibitor_class_similarity,0.92,0.606634012164348,inhibit_synergy_model_inference_requires_assay_validation
3945824e6c737fd0,Drought-Induced Branched-Chain Amino Acid Aminotransferase,Aminotransferase,germination,S-adenosyl-L-methionine;Thionicotinamide,2,"S-adenosyl-L-methionine:[SKiD_substrates,0.300]|Thionicotinamide:[SKiD_substrates,0.288]",herbicide_target_atlas_match;known_inhibitor_class_similarity;transition_state_mimicry,0.92,0.6020069670976589,inhibit_synergy_model_inference_requires_assay_validation
f2216a454caf67ad,Arabidopsis TRYPTOPHAN AMINOTRANSFERASE OF ARABIDOPSIS 1,Aminotransferase,unassigned_stage,2-Hydroxyoctanoate;3-hydroxypropanoic acid,2,"2-Hydroxyoctanoate:[SKiD_substrates,0.333]|3-hydroxypropanoic acid:[SKiD_substrates,0.331]",herbicide_target_atlas_match,0.92,0.5997638665600445,inhibit_synergy_model_inference_requires_assay_validation
2949075386bf7570,TRYPTOPHAN AMINOTRANSFERASE OF ARABIDOPSIS 1 homolog,Aminotransferase,unassigned_stage,2-Hydroxyoctanoate;3-hydroxypropanoic acid,2,"2-Hydroxyoctanoate:[SKiD_substrates,0.333]|3-hydroxypropanoic acid:[SKiD_substrates,0.331]",herbicide_target_atlas_match,0.92,0.5997638665600445,inhibit_synergy_model_inference_requires_assay_validation
3679b320dd1710f6,Capsicum annuum alanine aminotransferase 1,Aminotransferase,unassigned_stage,2-Hydroxyoctanoate;3-hydroxypropanoic acid,2,"2-Hydroxyoctanoate:[SKiD_substrates,0.333]|3-hydroxypropanoic acid:[SKiD_substrates,0.331]",herbicide_target_atlas_match,0.92,0.5997638665600445,inhibit_synergy_model_inference_requires_assay_validation
3a4596506da8e850,GH157,GH,germination,"2-Hydroxyoctanoate;3,4-dihydroxybenzoate",2,"3,4-dihydroxybenzoate:[SKiD_substrates,0.434]|2-Hydroxyoctanoate:[SKiD_substrates,0.279]",herbicide_target_atlas_match;known_inhibitor_class_similarity,0.92,0.5957083237473579,inhibit_synergy_model_inference_requires_assay_validation
3c093f642e9d9ae1,GH5_21,GH,germination,"2-Hydroxyoctanoate;3,4-dihydroxybenzoate",2,"3,4-dihydroxybenzoate:[SKiD_substrates,0.434]|2-Hydroxyoctanoate:[SKiD_substrates,0.279]",herbicide_target_atlas_match;known_inhibitor_class_similarity,0.92,0.5957083237473579,inhibit_synergy_model_inference_requires_assay_validation
3186e92b8bb149d8,GH13_11,GH,germination,"2-Hydroxyoctanoate;3,4-dihydroxybenzoate",2,"3,4-dihydroxybenzoate:[SKiD_substrates,0.434]|2-Hydroxyoctanoate:[SKiD_substrates,0.279]",herbicide_target_atlas_match;known_inhibitor_class_similarity,0.92,0.5957083237473579,inhibit_synergy_model_inference_requires_assay_validation
d100550da5c9a812,GH43_13,GH,germination,"2-Hydroxyoctanoate;3,4-dihydroxybenzoate",2,"3,4-dihydroxybenzoate:[SKiD_substrates,0.434]|2-Hydroxyoctanoate:[SKiD_substrates,0.279]",herbicide_target_atlas_match;known_inhibitor_class_similarity,0.92,0.5957083237473579,inhibit_synergy_model_inference_requires_assay_validation
1f24c12c073bac18,Drought-Induced Branched-Chain Amino Acid Aminotransferase,Aminotransferase,germination,"2-Hydroxyoctanoate;3,4-dihydroxybenzoate",2,"3,4-dihydroxybenzoate:[SKiD_substrates,0.434]|2-Hydroxyoctanoate:[SKiD_substrates,0.279]",herbicide_target_atlas_match;known_inhibitor_class_similarity,0.92,0.5957083237473579,inhibit_synergy_model_inference_requires_assay_validation
b166170ed23b335a,GH157,GH,germination,"3,4-dihydroxybenzoate;4-hydroxysalicylate",2,"3,4-dihydroxybenzoate:[SKiD_substrates,0.434]|4-hydroxysalicylate:[SKiD_substrates,0.279]",herbicide_target_atlas_match;known_inhibitor_class_similarity,0.92,0.5956313806923078,inhibit_synergy_model_inference_requires_assay_validation
090e34a75b0b7216,alpha-amylase,amylase,germination,"3,4-dihydroxybenzoate;3-hydroxysalicylate",2,"3,4-dihydroxybenzoate:[SKiD_substrates,0.434]|3-hydroxysalicylate:[SKiD_substrates,0.279]",herbicide_target_atlas_match;known_inhibitor_class_similarity,0.92,0.5956313806923078,inhibit_synergy_model_inference_requires_assay_validation
119949d52901480e,alpha-amylase,amylase,germination,"3,4-dihydroxybenzoate;4-hydroxysalicylate",2,"3,4-dihydroxybenzoate:[SKiD_substrates,0.434]|4-hydroxysalicylate:[SKiD_substrates,0.279]",herbicide_target_atlas_match;known_inhibitor_class_similarity,0.92,0.5956313806923078,inhibit_synergy_model_inference_requires_assay_validation
a0cddd0f3ba4aba8,Drought-Induced Branched-Chain Amino Acid Aminotransferase,Aminotransferase,germination,"3,4-dihydroxybenzoate;4-hydroxysalicylate",2,"3,4-dihydroxybenzoate:[SKiD_substrates,0.434]|4-hydroxysalicylate:[SKiD_substrates,0.279]",herbicide_target_atlas_match;known_inhibitor_class_similarity,0.92,0.5956313806923078,inhibit_synergy_model_inference_requires_assay_validation
90e731296c6f5cd0,GH169,GH,germination,"3,4-dihydroxybenzoate;4-hydroxysalicylate",2,"3,4-dihydroxybenzoate:[SKiD_substrates,0.434]|4-hydroxysalicylate:[SKiD_substrates,0.279]",herbicide_target_atlas_match;known_inhibitor_class_similarity,0.92,0.5956313806923078,inhibit_synergy_model_inference_requires_assay_validation
584c0ac9e3646492,GH157,GH,germination,2-Hydroxyoctanoate;4-hydroxybenzoate,2,"4-hydroxybenzoate:[SKiD_substrates,0.429]|2-Hydroxyoctanoate:[SKiD_substrates,0.279]",herbicide_target_atlas_match;known_inhibitor_class_similarity,0.92,0.5933607540503234,inhibit_synergy_model_inference_requires_assay_validation
54c08e123e7ae4b7,GH157,GH,germination,4-hydroxybenzoate;4-hydroxysalicylate,2,"4-hydroxybenzoate:[SKiD_substrates,0.429]|4-hydroxysalicylate:[SKiD_substrates,0.279]",herbicide_target_atlas_match;known_inhibitor_class_similarity,0.92,0.5932838109952732,inhibit_synergy_model_inference_requires_assay_validation
3d6f2c2cf12d5e1d,GH157,GH,germination,3-hydroxypropanoic acid;4-hydroxybenzoate,2,"4-hydroxybenzoate:[SKiD_substrates,0.429]|3-hydroxypropanoic acid:[SKiD_substrates,0.277]",herbicide_target_atlas_match;known_inhibitor_class_similarity,0.92,0.59204388143534,inhibit_synergy_model_inference_requires_assay_validation
189e849d6a68e669,protoporphyrinogen oxidase,PPO,vegetative_expansion,(2S)-3-carboxy-N-(fluoromethyl)-2-hydroxy-N N-dimethylpropan-1-aminium;Cyclobutanone,2,"(2S)-3-carboxy-N-(fluoromethyl)-2-hydroxy-N N-dimethylpropan-1-aminium:[SKiD_substrates,0.505]|Cyclobutanone:[SKiD_substrates,0.138]",herbicide_target_atlas_match;known_inhibitor_class_similarity,0.92,0.5915036730409639,inhibit_synergy_model_inference_requires_assay_validation
cd8a6674b96803a3,Drought-Induced Branched-Chain Amino Acid Aminotransferase,Aminotransferase,germination,(2S)-3-carboxy-N-(fluoromethyl)-2-hydroxy-N N-dimethylpropan-1-aminium;S-adenosyl-L-methionine,2,"S-adenosyl-L-methionine:[SKiD_substrates,0.300]|(2S)-3-carboxy-N-(fluoromethyl)-2-hydroxy-N N-dimethylpropan-1-aminium:[SKiD_substrates,0.397]",herbicide_target_atlas_match;known_inhibitor_class_similarity,0.92,0.58984044944932,inhibit_synergy_model_inference_requires_assay_validation
c3a46c1bef214b3b,alpha-amylase,amylase,germination,(2S)-3-carboxy-N-(fluoromethyl)-2-hydroxy-N N-dimethylpropan-1-aminium;S-adenosyl-L-methionine,2,"S-adenosyl-L-methionine:[SKiD_substrates,0.300]|(2S)-3-carboxy-N-(fluoromethyl)-2-hydroxy-N N-dimethylpropan-1-aminium:[SKiD_substrates,0.397]",herbicide_target_atlas_match;known_inhibitor_class_similarity,0.92,0.58984044944932,inhibit_synergy_model_inference_requires_assay_validation
1e679cde6eaaa83e,Drought-Induced Branched-Chain Amino Acid Aminotransferase,Aminotransferase,germination,"1,4-benzoquinone;2-Hydroxyoctanoate",2,"1,4-benzoquinone:[SKiD_substrates,0.256]|2-Hydroxyoctanoate:[SKiD_substrates,0.279]",herbicide_target_atlas_match;natural_product_or_allelopathy_prior;ros_photosynthesis_disruption_prior,0.92,0.5839836096991752,inhibit_synergy_model_inference_requires_assay_validation
960b4bc83a6892a0,alpha-amylase,amylase,germination,"1,4-benzoquinone;2-Hydroxyoctanoate",2,"1,4-benzoquinone:[SKiD_substrates,0.256]|2-Hydroxyoctanoate:[SKiD_substrates,0.279]",herbicide_target_atlas_match;natural_product_or_allelopathy_prior;ros_photosynthesis_disruption_prior,0.92,0.5839836096991752,inhibit_synergy_model_inference_requires_assay_validation
24da251a6a1eaa9f,Drought-Induced Branched-Chain Amino Acid Aminotransferase,Aminotransferase,germination,"1,4-benzoquinone;3-hydroxypropanoic acid",2,"1,4-benzoquinone:[SKiD_substrates,0.256]|3-hydroxypropanoic acid:[SKiD_substrates,0.277]",herbicide_target_atlas_match;natural_product_or_allelopathy_prior;ros_photosynthesis_disruption_prior,0.92,0.5835192294267558,inhibit_synergy_model_inference_requires_assay_validation
a1adb1776be98a51,alpha-amylase,amylase,germination,"1,4-benzoquinone;3-hydroxypropanoic acid",2,"1,4-benzoquinone:[SKiD_substrates,0.256]|3-hydroxypropanoic acid:[SKiD_substrates,0.277]",herbicide_target_atlas_match;natural_product_or_allelopathy_prior;ros_photosynthesis_disruption_prior,0.92,0.5835192294267558,inhibit_synergy_model_inference_requires_assay_validation
95b95e0da0eff426,GH13_11,GH,germination,"1,4-benzoquinone;3-hydroxypropanoic acid",2,"1,4-benzoquinone:[SKiD_substrates,0.256]|3-hydroxypropanoic acid:[SKiD_substrates,0.277]",herbicide_target_atlas_match;natural_product_or_allelopathy_prior;ros_photosynthesis_disruption_prior,0.92,0.5835192294267558,inhibit_synergy_model_inference_requires_assay_validation
69ab2b59edba7755,Drought-Induced Branched-Chain Amino Acid Aminotransferase,Aminotransferase,germination,2-Hydroxyoctanoate;p-toluquinone,2,"p-toluquinone:[SKiD_substrates,0.254]|2-Hydroxyoctanoate:[SKiD_substrates,0.279]",herbicide_target_atlas_match;natural_product_or_allelopathy_prior;ros_photosynthesis_disruption_prior,0.92,0.5821421436235229,inhibit_synergy_model_inference_requires_assay_validation
b2671052a07aa6e9,alpha-amylase,amylase,germination,3-hydroxypropanoic acid;p-toluquinone,2,"p-toluquinone:[SKiD_substrates,0.254]|3-hydroxypropanoic acid:[SKiD_substrates,0.277]",herbicide_target_atlas_match;natural_product_or_allelopathy_prior;ros_photosynthesis_disruption_prior,0.92,0.5816777633511038,inhibit_synergy_model_inference_requires_assay_validation
c1591c050e833092,Drought-Induced Branched-Chain Amino Acid Aminotransferase,Aminotransferase,germination,3-hydroxypropanoic acid;p-toluquinone,2,"p-toluquinone:[SKiD_substrates,0.254]|3-hydroxypropanoic acid:[SKiD_substrates,0.277]",herbicide_target_atlas_match;natural_product_or_allelopathy_prior;ros_photosynthesis_disruption_prior,0.92,0.5816777633511038,inhibit_synergy_model_inference_requires_assay_validation
40d695873f4f33d7,GH13_11,GH,germination,3-hydroxypropanoic acid;p-toluquinone,2,"p-toluquinone:[SKiD_substrates,0.254]|3-hydroxypropanoic acid:[SKiD_substrates,0.277]",herbicide_target_atlas_match;natural_product_or_allelopathy_prior;ros_photosynthesis_disruption_prior,0.92,0.5816777633511038,inhibit_synergy_model_inference_requires_assay_validation
64f7cd196ff58e49,alpha-amylase,amylase,germination,"2-chloro-1,4-benzoquinone;3-hydroxypropanoic acid",2,"2-chloro-1,4-benzoquinone:[SKiD_substrates,0.253]|3-hydroxypropanoic acid:[SKiD_substrates,0.277]",herbicide_target_atlas_match;natural_product_or_allelopathy_prior;ros_photosynthesis_disruption_prior,0.92,0.5807212499635452,inhibit_synergy_model_inference_requires_assay_validation
09575f92dcc4d9ab,Drought-Induced Branched-Chain Amino Acid Aminotransferase,Aminotransferase,germination,"1,4-benzoquinone;p-toluquinone",2,"1,4-benzoquinone:[SKiD_substrates,0.256]|p-toluquinone:[SKiD_substrates,0.254]",herbicide_target_atlas_match;natural_product_or_allelopathy_prior;ros_photosynthesis_disruption_prior,0.92,0.5803245995453066,inhibit_synergy_model_inference_requires_assay_validation
d3d667b16c644155,Drought-Induced Branched-Chain Amino Acid Aminotransferase,Aminotransferase,germination,3-hydroxypropanoic acid;methoxyhydroquinone,2,"methoxyhydroquinone:[SKiD_substrates,0.253]|3-hydroxypropanoic acid:[SKiD_substrates,0.277]",herbicide_target_atlas_match;natural_product_or_allelopathy_prior;ros_photosynthesis_disruption_prior,0.92,0.5802659739410032,inhibit_synergy_model_inference_requires_assay_validation
6f3df43e753f05e0,alpha-amylase,amylase,germination,3-hydroxypropanoic acid;methoxyhydroquinone,2,"methoxyhydroquinone:[SKiD_substrates,0.253]|3-hydroxypropanoic acid:[SKiD_substrates,0.277]",herbicide_target_atlas_match;natural_product_or_allelopathy_prior;ros_photosynthesis_disruption_prior,0.92,0.5802659739410032,inhibit_synergy_model_inference_requires_assay_validation
c675d5e977431e9a,GH13_11,GH,germination,(2S)-3-carboxy-N-(fluoromethyl)-2-hydroxy-N N-dimethylpropan-1-aminium;2-Hydroxyoctanoate,2,"(2S)-3-carboxy-N-(fluoromethyl)-2-hydroxy-N N-dimethylpropan-1-aminium:[SKiD_substrates,0.397]|2-Hydroxyoctanoate:[SKiD_substrates,0.279]",herbicide_target_atlas_match;known_inhibitor_class_similarity,0.92,0.5789147610323301,inhibit_synergy_model_inference_requires_assay_validation
4e684f9d3fd662a7,alpha-amylase,amylase,germination,(2S)-3-carboxy-N-(fluoromethyl)-2-hydroxy-N N-dimethylpropan-1-aminium;2-Hydroxyoctanoate,2,"(2S)-3-carboxy-N-(fluoromethyl)-2-hydroxy-N N-dimethylpropan-1-aminium:[SKiD_substrates,0.397]|2-Hydroxyoctanoate:[SKiD_substrates,0.279]",herbicide_target_atlas_match;known_inhibitor_class_similarity,0.92,0.5789147610323301,inhibit_synergy_model_inference_requires_assay_validation
3d01c5a6261dc6fa,Drought-Induced Branched-Chain Amino Acid Aminotransferase,Aminotransferase,germination,(2S)-3-carboxy-N-(fluoromethyl)-2-hydroxy-N N-dimethylpropan-1-aminium;2-Hydroxyoctanoate,2,"(2S)-3-carboxy-N-(fluoromethyl)-2-hydroxy-N N-dimethylpropan-1-aminium:[SKiD_substrates,0.397]|2-Hydroxyoctanoate:[SKiD_substrates,0.279]",herbicide_target_atlas_match;known_inhibitor_class_similarity,0.92,0.5789147610323301,inhibit_synergy_model_inference_requires_assay_validation
e6e71f1e2921a39c,Drought-Induced Branched-Chain Amino Acid Aminotransferase,Aminotransferase,germination,"1,2-naphthoquinone;3-hydroxypropanoic acid",2,"1,2-naphthoquinone:[SKiD_substrates,0.250]|3-hydroxypropanoic acid:[SKiD_substrates,0.277]",herbicide_target_atlas_match;natural_product_or_allelopathy_prior;ros_photosynthesis_disruption_prior,0.92,0.5777295352610033,inhibit_synergy_model_inference_requires_assay_validation
d4f5858c8ff418b7,GH5_21,GH,germination,(2S)-3-carboxy-N-(fluoromethyl)-2-hydroxy-N N-dimethylpropan-1-aminium;3-hydroxypropanoic acid,2,"(2S)-3-carboxy-N-(fluoromethyl)-2-hydroxy-N N-dimethylpropan-1-aminium:[SKiD_substrates,0.397]|3-hydroxypropanoic acid:[SKiD_substrates,0.277]",herbicide_target_atlas_match;known_inhibitor_class_similarity,0.92,0.5775978884173467,inhibit_synergy_model_inference_requires_assay_validation
5c192f1583116cce,Drought-Induced Branched-Chain Amino Acid Aminotransferase,Aminotransferase,germination,(2S)-3-carboxy-N-(fluoromethyl)-2-hydroxy-N N-dimethylpropan-1-aminium;3-hydroxypropanoic acid,2,"(2S)-3-carboxy-N-(fluoromethyl)-2-hydroxy-N N-dimethylpropan-1-aminium:[SKiD_substrates,0.397]|3-hydroxypropanoic acid:[SKiD_substrates,0.277]",herbicide_target_atlas_match;known_inhibitor_class_similarity,0.92,0.5775978884173467,inhibit_synergy_model_inference_requires_assay_validation
50211dd6a4e0f642,GH13_11,GH,germination,(2S)-3-carboxy-N-(fluoromethyl)-2-hydroxy-N N-dimethylpropan-1-aminium;3-hydroxypropanoic acid,2,"(2S)-3-carboxy-N-(fluoromethyl)-2-hydroxy-N N-dimethylpropan-1-aminium:[SKiD_substrates,0.397]|3-hydroxypropanoic acid:[SKiD_substrates,0.277]",herbicide_target_atlas_match;known_inhibitor_class_similarity,0.92,0.5775978884173467,inhibit_synergy_model_inference_requires_assay_validation
954c7ef31d036804,GH43_13,GH,germination,(2S)-3-carboxy-N-(fluoromethyl)-2-hydroxy-N N-dimethylpropan-1-aminium;3-hydroxypropanoic acid,2,"(2S)-3-carboxy-N-(fluoromethyl)-2-hydroxy-N N-dimethylpropan-1-aminium:[SKiD_substrates,0.397]|3-hydroxypropanoic acid:[SKiD_substrates,0.277]",herbicide_target_atlas_match;known_inhibitor_class_similarity,0.92,0.5775978884173467,inhibit_synergy_model_inference_requires_assay_validation
4546cc377f1d6878,alpha-amylase,amylase,germination,(2S)-3-carboxy-N-(fluoromethyl)-2-hydroxy-N N-dimethylpropan-1-aminium;3-hydroxypropanoic acid,2,"(2S)-3-carboxy-N-(fluoromethyl)-2-hydroxy-N N-dimethylpropan-1-aminium:[SKiD_substrates,0.397]|3-hydroxypropanoic acid:[SKiD_substrates,0.277]",herbicide_target_atlas_match;known_inhibitor_class_similarity,0.92,0.5775978884173467,inhibit_synergy_model_inference_requires_assay_validation
09f73699f6af05f3,ribulose bisphosphate carboxylase oxygenase,RuBisCO,vegetative_expansion,2-oxo-octanoate;3-hydroxypropanoic acid,2,"3-hydroxypropanoic acid:[SKiD_substrates,0.343]|2-oxo-octanoate:[SKiD_substrates,0.279]",herbicide_target_atlas_match,0.92,0.5765387042456187,inhibit_synergy_model_inference_requires_assay_validation
93bb2eda9a343eda,peroxidase,Peroxidase,stress_response,2-oxo-octanoate;3-hydroxypropanoic acid,2,"2-oxo-octanoate:[SKiD_substrates,0.279]|3-hydroxypropanoic acid:[SKiD_substrates,0.343]",herbicide_target_atlas_match,0.92,0.5765387042456187,inhibit_synergy_model_inference_requires_assay_validation
fb14c8ad0e071c5e,phosphoenolpyruvate carboxylase,PEPC,vegetative_expansion,2-oxo-octanoate;3-hydroxypropanoic acid,2,"2-oxo-octanoate:[SKiD_substrates,0.279]|3-hydroxypropanoic acid:[SKiD_substrates,0.343]",herbicide_target_atlas_match,0.92,0.5765387042456187,inhibit_synergy_model_inference_requires_assay_validation
893cf66ff2941d5d,GH13_11,GH,germination,"3,4-dihydroxybenzoate;3-indolelactate",2,"3,4-dihydroxybenzoate:[SKiD_substrates,0.434]|3-indolelactate:[SKiD_substrates,0.244]",herbicide_target_atlas_match;known_inhibitor_class_similarity,0.92,0.572518743629766,inhibit_synergy_model_inference_requires_assay_validation
b1997d0f05085a85,peroxidase,Peroxidase,stress_response,2-Hydroxyoctanoate;isethionate,2,"isethionate:[SKiD_substrates,0.273]|2-Hydroxyoctanoate:[SKiD_substrates,0.345]",herbicide_target_atlas_match,0.92,0.5724307776152284,inhibit_synergy_model_inference_requires_assay_validation
697c8af9682f126d,phosphoenolpyruvate carboxylase,PEPC,vegetative_expansion,3-hydroxypropanoic acid;isethionate,2,"isethionate:[SKiD_substrates,0.273]|3-hydroxypropanoic acid:[SKiD_substrates,0.343]",herbicide_target_atlas_match,0.92,0.5719663973428093,inhibit_synergy_model_inference_requires_assay_validation
937c82081c3b2ee6,ribulose bisphosphate carboxylase oxygenase,RuBisCO,vegetative_expansion,3-hydroxypropanoic acid;isethionate,2,"isethionate:[SKiD_substrates,0.273]|3-hydroxypropanoic acid:[SKiD_substrates,0.343]",herbicide_target_atlas_match,0.92,0.5719663973428093,inhibit_synergy_model_inference_requires_assay_validation
0839f182f8d3e58d,peroxidase,Peroxidase,stress_response,3-hydroxypropanoic acid;isethionate,2,"isethionate:[SKiD_substrates,0.273]|3-hydroxypropanoic acid:[SKiD_substrates,0.343]",herbicide_target_atlas_match,0.92,0.5719663973428093,inhibit_synergy_model_inference_requires_assay_validation
3993d6c31002cd9f,Tryptophan Aminotransferase of Arabidopsis 1;TRYPTOPHAN AMINOTRANSFERASE OF ARABIDOPSIS 1,Aminotransferase,unassigned_stage,3-hydroxypropanoic acid;D-3-hydroxybutyrate,2,"D-3-hydroxybutyrate:[SKiD_substrates,0.298]|3-hydroxypropanoic acid:[SKiD_substrates,0.331]",herbicide_target_atlas_match,0.92,0.5715203813756522,inhibit_synergy_model_inference_requires_assay_validation
a3d84a2dca4267fc,Drought-Induced Branched-Chain Amino Acid Aminotransferase,Aminotransferase,germination,"1,4-benzoquinone;3-indolelactate",2,"1,4-benzoquinone:[SKiD_substrates,0.256]|3-indolelactate:[SKiD_substrates,0.244]",herbicide_target_atlas_match;natural_product_or_allelopathy_prior;ros_photosynthesis_disruption_prior,0.92,0.5699866584574805,inhibit_synergy_model_inference_requires_assay_validation
8ccf001e9ef006d5,Drought-Induced Branched-Chain Amino Acid Aminotransferase,Aminotransferase,germination,3-indolelactate;p-toluquinone,2,"p-toluquinone:[SKiD_substrates,0.254]|3-indolelactate:[SKiD_substrates,0.244]",herbicide_target_atlas_match;natural_product_or_allelopathy_prior;ros_photosynthesis_disruption_prior,0.92,0.5689274441418284,inhibit_synergy_model_inference_requires_assay_validation
0baff85876833ec7,peroxidase,Peroxidase,stress_response,"1,4-benzoquinone;gentisate",2,"gentisate:[SKiD_substrates,0.139]|1,4-benzoquinone:[SKiD_substrates,0.322]",herbicide_target_atlas_match;natural_product_or_allelopathy_prior;ros_photosynthesis_disruption_prior,0.92,0.5675547873920173,inhibit_synergy_model_inference_requires_assay_validation
26094e24ac35172a,alpha-amylase,amylase,germination,2-oxo-octanoate;glycerone phosphate,2,"glycerone phosphate:[SKiD_substrates,0.368]|2-oxo-octanoate:[SKiD_substrates,0.213]",active_site_compatibility;herbicide_target_atlas_match;transition_state_mimicry,0.92,0.5668415425319732,inhibit_synergy_model_inference_requires_assay_validation
c5f18f292bb9fada,ribulose bisphosphate carboxylase oxygenase,RuBisCO,vegetative_expansion,isethionate;vanillylamine,2,"isethionate:[SKiD_substrates,0.273]|vanillylamine:[SKiD_substrates,0.305]",herbicide_target_atlas_match,0.92,0.5614817836411594,inhibit_synergy_model_inference_requires_assay_validation
09dfee9b5cad67c9,GH13_11,GH,germination,2-(2-hydroxyethylthio)ethanesulfonate;L-arabinose,2,"2-(2-hydroxyethylthio)ethanesulfonate:[SKiD_substrates,0.470]|L-arabinose:[SKiD_substrates,0.094]",active_site_compatibility;functional_group_match;herbicide_target_atlas_match;transition_state_mimicry,0.92,0.5599407447693512,inhibit_synergy_model_inference_requires_assay_validation
622285ca7d7cc5fe,Drought-Induced Branched-Chain Amino Acid Aminotransferase,Aminotransferase,germination,2-Hydroxyoctanoate;S-adenosyl-L-methionine,2,"S-adenosyl-L-methionine:[SKiD_substrates,0.300]|2-Hydroxyoctanoate:[SKiD_substrates,0.279]",herbicide_target_atlas_match;known_inhibitor_class_similarity,0.92,0.5576117373020737,inhibit_synergy_model_inference_requires_assay_validation
2df4553b2f5e711a,alpha-amylase,amylase,germination,3-hydroxypropanoic acid;S-adenosyl-L-methionine,2,"S-adenosyl-L-methionine:[SKiD_substrates,0.300]|3-hydroxypropanoic acid:[SKiD_substrates,0.277]",herbicide_target_atlas_match;known_inhibitor_class_similarity,0.92,0.5562948646870903,inhibit_synergy_model_inference_requires_assay_validation
a72c589401bfe549,Drought-Induced Branched-Chain Amino Acid Aminotransferase,Aminotransferase,germination,3-hydroxypropanoic acid;S-adenosyl-L-methionine,2,"S-adenosyl-L-methionine:[SKiD_substrates,0.300]|3-hydroxypropanoic acid:[SKiD_substrates,0.277]",herbicide_target_atlas_match;known_inhibitor_class_similarity,0.92,0.5562948646870903,inhibit_synergy_model_inference_requires_assay_validation
3db86b6960c456b4,Drought-Induced Branched-Chain Amino Acid Aminotransferase,Aminotransferase,germination,"1,4-benzoquinone;2-deoxy-scyllo-inosamine",2,"1,4-benzoquinone:[SKiD_substrates,0.256]|2-deoxy-scyllo-inosamine:[SKiD_substrates,0.226]",herbicide_target_atlas_match;natural_product_or_allelopathy_prior;ros_photosynthesis_disruption_prior,0.92,0.5560255010886511,inhibit_synergy_model_inference_requires_assay_validation
2ef0ea1e8171e4d4,Drought-Induced Branched-Chain Amino Acid Aminotransferase,Aminotransferase,germination,2-Hydroxyoctanoate;Thionicotinamide,2,"2-Hydroxyoctanoate:[SKiD_substrates,0.279]|Thionicotinamide:[SKiD_substrates,0.288]",herbicide_target_atlas_match;transition_state_mimicry,0.92,0.5558767884652842,inhibit_synergy_model_inference_requires_assay_validation
f07225480315dcad,Drought-Induced Branched-Chain Amino Acid Aminotransferase,Aminotransferase,germination,(2S)-3-carboxy-N-(fluoromethyl)-2-hydroxy-N N-dimethylpropan-1-aminium;3-indolelactate,2,"(2S)-3-carboxy-N-(fluoromethyl)-2-hydroxy-N N-dimethylpropan-1-aminium:[SKiD_substrates,0.397]|3-indolelactate:[SKiD_substrates,0.244]",herbicide_target_atlas_match;known_inhibitor_class_similarity,0.92,0.5557251809147381,inhibit_synergy_model_inference_requires_assay_validation
8d2dca74222cb357,GH13_11,GH,germination,(2S)-3-carboxy-N-(fluoromethyl)-2-hydroxy-N N-dimethylpropan-1-aminium;3-indolelactate,2,"(2S)-3-carboxy-N-(fluoromethyl)-2-hydroxy-N N-dimethylpropan-1-aminium:[SKiD_substrates,0.397]|3-indolelactate:[SKiD_substrates,0.244]",herbicide_target_atlas_match;known_inhibitor_class_similarity,0.92,0.5557251809147381,inhibit_synergy_model_inference_requires_assay_validation
3378756a3019438a,Drought-Induced Branched-Chain Amino Acid Aminotransferase,Aminotransferase,germination,3-hydroxypropanoic acid;Thionicotinamide,2,"3-hydroxypropanoic acid:[SKiD_substrates,0.277]|Thionicotinamide:[SKiD_substrates,0.288]",herbicide_target_atlas_match;transition_state_mimicry,0.92,0.554559915850301,inhibit_synergy_model_inference_requires_assay_validation
60461d1d7c8121f9,alpha-amylase,amylase,germination,3-hydroxypropanoic acid;Thionicotinamide,2,"3-hydroxypropanoic acid:[SKiD_substrates,0.277]|Thionicotinamide:[SKiD_substrates,0.288]",herbicide_target_atlas_match;transition_state_mimicry,0.92,0.554559915850301,inhibit_synergy_model_inference_requires_assay_validation
11da39fe328a6751,GH13_11,GH,germination,"3,4-dihydroxybenzoate;3-methylsalicylate",2,"3,4-dihydroxybenzoate:[SKiD_substrates,0.434]|3-methylsalicylate:[SKiD_substrates,0.214]",herbicide_target_atlas_match;known_inhibitor_class_similarity,0.92,0.5536478234731372,inhibit_synergy_model_inference_requires_assay_validation
02e8c8e5a66bbf69,GH43_13,GH,germination,"3,4-dihydroxybenzoate;4-methylsalicylate",2,"3,4-dihydroxybenzoate:[SKiD_substrates,0.434]|4-methylsalicylate:[SKiD_substrates,0.214]",herbicide_target_atlas_match;known_inhibitor_class_similarity,0.92,0.5536478234731372,inhibit_synergy_model_inference_requires_assay_validation
f7d3283eb43360a4,GH43_13,GH,germination,"3,4-dihydroxybenzoate;5-Fluorosalicylate",2,"3,4-dihydroxybenzoate:[SKiD_substrates,0.434]|5-Fluorosalicylate:[SKiD_substrates,0.214]",herbicide_target_atlas_match;known_inhibitor_class_similarity,0.92,0.5536090588575919,inhibit_synergy_model_inference_requires_assay_validation
781831a62c751ae5,GH5_21,GH,germination,"3,4-dihydroxybenzoate;5-Fluorosalicylate",2,"3,4-dihydroxybenzoate:[SKiD_substrates,0.434]|5-Fluorosalicylate:[SKiD_substrates,0.214]",herbicide_target_atlas_match;known_inhibitor_class_similarity,0.92,0.5536090588575919,inhibit_synergy_model_inference_requires_assay_validation
9b32353e5f75709a,peroxidase,Peroxidase,stress_response,(2S)-3-carboxy-N-(fluoromethyl)-2-hydroxy-N N-dimethylpropan-1-aminium;gentisate,2,"(2S)-3-carboxy-N-(fluoromethyl)-2-hydroxy-N N-dimethylpropan-1-aminium:[SKiD_substrates,0.463]|gentisate:[SKiD_substrates,0.139]",herbicide_target_atlas_match;known_inhibitor_class_similarity,0.92,0.5532933098492749,inhibit_synergy_model_inference_requires_assay_validation
106da1d44f30800d,GH13_11,GH,germination,"3,4-dihydroxybenzoate;5-Aminosalicylate",2,"3,4-dihydroxybenzoate:[SKiD_substrates,0.434]|5-Aminosalicylate:[SKiD_substrates,0.214]",herbicide_target_atlas_match;known_inhibitor_class_similarity,0.92,0.5532847711046154,inhibit_synergy_model_inference_requires_assay_validation
6dc2c5c4c6e15abe,GH43_13,GH,germination,"3,4-dihydroxybenzoate;3-aminosalicylate",2,"3,4-dihydroxybenzoate:[SKiD_substrates,0.434]|3-aminosalicylate:[SKiD_substrates,0.214]",herbicide_target_atlas_match;known_inhibitor_class_similarity,0.92,0.5532847711046154,inhibit_synergy_model_inference_requires_assay_validation
cc683e602c215a15,GH5_21,GH,germination,"3,4-dihydroxybenzoate;3-aminosalicylate",2,"3,4-dihydroxybenzoate:[SKiD_substrates,0.434]|3-aminosalicylate:[SKiD_substrates,0.214]",herbicide_target_atlas_match;known_inhibitor_class_similarity,0.92,0.5532847711046154,inhibit_synergy_model_inference_requires_assay_validation
fae4514e15a153e7,GH13_11,GH,germination,"2-oxo-octanoate;3,4-dihydroxybenzoate",2,"3,4-dihydroxybenzoate:[SKiD_substrates,0.434]|2-oxo-octanoate:[SKiD_substrates,0.213]",herbicide_target_atlas_match;known_inhibitor_class_similarity,0.92,0.5525002343077592,inhibit_synergy_model_inference_requires_assay_validation
5a0ddfbd56b732c6,GH13_11,GH,germination,"3,4-dihydroxybenzoate;4-chlorosalicylate",2,"3,4-dihydroxybenzoate:[SKiD_substrates,0.434]|4-chlorosalicylate:[SKiD_substrates,0.212]",herbicide_target_atlas_match;known_inhibitor_class_similarity,0.92,0.5519488529814047,inhibit_synergy_model_inference_requires_assay_validation
c650790fe904dcbf,phosphoenolpyruvate carboxylase,PEPC,vegetative_expansion,"1,4-benzoquinone;2-methylene-1,3-propanediol",2,"2-methylene-1,3-propanediol:[SKiD_substrates,0.116]|1,4-benzoquinone:[SKiD_substrates,0.322]",herbicide_target_atlas_match;natural_product_or_allelopathy_prior;ros_photosynthesis_disruption_prior,0.92,0.5516476965086143,inhibit_synergy_model_inference_requires_assay_validation
21ec26641d6c8506,peroxidase,Peroxidase,stress_response,"(R)-1,2-Propanediol;1,4-benzoquinone",2,"(R)-1,2-Propanediol:[SKiD_substrates,0.116]|1,4-benzoquinone:[SKiD_substrates,0.322]",herbicide_target_atlas_match;natural_product_or_allelopathy_prior;ros_photosynthesis_disruption_prior,0.92,0.5509634164756159,inhibit_synergy_model_inference_requires_assay_validation
c0c6ef83d0b2f758,Drought-Induced Branched-Chain Amino Acid Aminotransferase,Aminotransferase,germination,"1,4-benzoquinone;2-oxo-octanoate",2,"1,4-benzoquinone:[SKiD_substrates,0.256]|2-oxo-octanoate:[SKiD_substrates,0.213]",herbicide_target_atlas_match;natural_product_or_allelopathy_prior;ros_photosynthesis_disruption_prior,0.92,0.5499681491354738,inhibit_synergy_model_inference_requires_assay_validation
25bbae6cd32215d1,GH13_11,GH,germination,"3,4-dihydroxybenzoate;isethionate",2,"isethionate:[SKiD_substrates,0.207]|3,4-dihydroxybenzoate:[SKiD_substrates,0.434]",herbicide_target_atlas_match;known_inhibitor_class_similarity,0.92,0.5479279274049499,inhibit_synergy_model_inference_requires_assay_validation
057d6a811496ae1e,alpha-amylase,amylase,germination,"1,4-benzoquinone;isethionate",2,"isethionate:[SKiD_substrates,0.207]|1,4-benzoquinone:[SKiD_substrates,0.256]",herbicide_target_atlas_match;natural_product_or_allelopathy_prior;ros_photosynthesis_disruption_prior,0.92,0.5453958422326645,inhibit_synergy_model_inference_requires_assay_validation
641268d9811fb0d7,acetyl-CoA carboxylase,ACCase,vegetative_expansion,2-Hydroxyoctanoate;protocatechuate,2,"protocatechuate:[SKiD_substrates,0.163]|2-Hydroxyoctanoate:[SKiD_substrates,0.387]",herbicide_target_atlas_match,0.92,0.5453586358180597,inhibit_synergy_model_inference_requires_assay_validation
cb76adbd62a94bfa,acetyl-CoA carboxylase,ACCase,vegetative_expansion,3-hydroxypropanoic acid;protocatechuate,2,"protocatechuate:[SKiD_substrates,0.163]|3-hydroxypropanoic acid:[SKiD_substrates,0.385]",herbicide_target_atlas_match,0.92,0.5448942555456404,inhibit_synergy_model_inference_requires_assay_validation
84bd024fee2183cb,acetyl-CoA carboxylase,ACCase,vegetative_expansion,2-oxoisocaproate;3-hydroxypropanoic acid,2,"2-oxoisocaproate:[SKiD_substrates,0.161]|3-hydroxypropanoic acid:[SKiD_substrates,0.385]",herbicide_target_atlas_match,0.92,0.5438056725392392,inhibit_synergy_model_inference_requires_assay_validation
409f931720f7922c,Drought-Induced Branched-Chain Amino Acid Aminotransferase,Aminotransferase,germination,(2S)-3-carboxy-N-(fluoromethyl)-2-hydroxy-N N-dimethylpropan-1-aminium;2-deoxy-scyllo-inosamine,2,"(2S)-3-carboxy-N-(fluoromethyl)-2-hydroxy-N N-dimethylpropan-1-aminium:[SKiD_substrates,0.397]|2-deoxy-scyllo-inosamine:[SKiD_substrates,0.226]",herbicide_target_atlas_match;known_inhibitor_class_similarity,0.92,0.5417640235459086,inhibit_synergy_model_inference_requires_assay_validation
ea174ab28d9a7b65,phosphoenolpyruvate carboxylase,PEPC,vegetative_expansion,"(2S)-3-carboxy-N-(fluoromethyl)-2-hydroxy-N N-dimethylpropan-1-aminium;2-methylene-1,3-propanediol",2,"(2S)-3-carboxy-N-(fluoromethyl)-2-hydroxy-N N-dimethylpropan-1-aminium:[SKiD_substrates,0.463]|2-methylene-1,3-propanediol:[SKiD_substrates,0.116]",herbicide_target_atlas_match;known_inhibitor_class_similarity,0.92,0.5373862189658718,inhibit_synergy_model_inference_requires_assay_validation
328f68e49d6369a2,peroxidase,Peroxidase,stress_response,"(2S)-3-carboxy-N-(fluoromethyl)-2-hydroxy-N N-dimethylpropan-1-aminium;(R)-1,2-Propanediol",2,"(2S)-3-carboxy-N-(fluoromethyl)-2-hydroxy-N N-dimethylpropan-1-aminium:[SKiD_substrates,0.463]|(R)-1,2-Propanediol:[SKiD_substrates,0.116]",herbicide_target_atlas_match;known_inhibitor_class_similarity,0.92,0.5367019389328734,inhibit_synergy_model_inference_requires_assay_validation
7a46c1a23ae0e006,Drought-Induced Branched-Chain Amino Acid Aminotransferase,Aminotransferase,germination,(2S)-3-carboxy-N-(fluoromethyl)-2-hydroxy-N N-dimethylpropan-1-aminium;2-oxo-octanoate,2,"(2S)-3-carboxy-N-(fluoromethyl)-2-hydroxy-N N-dimethylpropan-1-aminium:[SKiD_substrates,0.397]|2-oxo-octanoate:[SKiD_substrates,0.213]",herbicide_target_atlas_match;known_inhibitor_class_similarity,0.92,0.5357066715927313,inhibit_synergy_model_inference_requires_assay_validation
f22e6bf2cd5ea249,alpha-amylase,amylase,germination,(2S)-3-carboxy-N-(fluoromethyl)-2-hydroxy-N N-dimethylpropan-1-aminium;isethionate,2,"isethionate:[SKiD_substrates,0.207]|(2S)-3-carboxy-N-(fluoromethyl)-2-hydroxy-N N-dimethylpropan-1-aminium:[SKiD_substrates,0.397]",herbicide_target_atlas_match;known_inhibitor_class_similarity,0.92,0.5311343646899219,inhibit_synergy_model_inference_requires_assay_validation
2f5be59c22360c6b,Drought-Induced Branched-Chain Amino Acid Aminotransferase,Aminotransferase,germination,"1,4-benzoquinone;L-lysine",2,"L-lysine:[SKiD_substrates,0.188]|1,4-benzoquinone:[SKiD_substrates,0.256]",herbicide_target_atlas_match;natural_product_or_allelopathy_prior;ros_photosynthesis_disruption_prior,0.92,0.5292388729576143,inhibit_synergy_model_inference_requires_assay_validation
2302e4c283d50665,Drought-Induced Branched-Chain Amino Acid Aminotransferase,Aminotransferase,germination,L-lysine;p-toluquinone,2,"L-lysine:[SKiD_substrates,0.188]|p-toluquinone:[SKiD_substrates,0.254]",herbicide_target_atlas_match;natural_product_or_allelopathy_prior;ros_photosynthesis_disruption_prior,0.92,0.5281796586419621,inhibit_synergy_model_inference_requires_assay_validation
ae61043bc8c5f297,protoporphyrinogen oxidase,PPO,vegetative_expansion,3-hydroxypropanoic acid;Cyclobutanone,2,"Cyclobutanone:[SKiD_substrates,0.138]|3-hydroxypropanoic acid:[SKiD_substrates,0.385]",herbicide_target_atlas_match,0.92,0.5271183143895033,inhibit_synergy_model_inference_requires_assay_validation
4645551d4d458063,Drought-Induced Branched-Chain Amino Acid Aminotransferase,Aminotransferase,germination,(2S)-3-carboxy-N-(fluoromethyl)-2-hydroxy-N N-dimethylpropan-1-aminium;L-lysine,2,"(2S)-3-carboxy-N-(fluoromethyl)-2-hydroxy-N N-dimethylpropan-1-aminium:[SKiD_substrates,0.397]|L-lysine:[SKiD_substrates,0.188]",herbicide_target_atlas_match;known_inhibitor_class_similarity,0.92,0.5149773954148718,inhibit_synergy_model_inference_requires_assay_validation
e456f788ef97833a,alpha-amylase,amylase,germination,2-Hydroxyoctanoate;3-hydroxypropanoic acid,2,"2-Hydroxyoctanoate:[SKiD_substrates,0.279]|3-hydroxypropanoic acid:[SKiD_substrates,0.277]",herbicide_target_atlas_match,0.92,0.5136769100383054,inhibit_synergy_model_inference_requires_assay_validation
b0d25de0b9faa871,Drought-Induced Branched-Chain Amino Acid Aminotransferase,Aminotransferase,germination,2-Hydroxyoctanoate;3-hydroxypropanoic acid,2,"2-Hydroxyoctanoate:[SKiD_substrates,0.279]|3-hydroxypropanoic acid:[SKiD_substrates,0.277]",herbicide_target_atlas_match,0.92,0.5136769100383054,inhibit_synergy_model_inference_requires_assay_validation
222a02bab024fc84,peroxidase,Peroxidase,stress_response,"(R)-1,2-Propanediol;Thionicotinamide",2,"(R)-1,2-Propanediol:[SKiD_substrates,0.116]|Thionicotinamide:[SKiD_substrates,0.354]",herbicide_target_atlas_match;transition_state_mimicry,0.92,0.5136639663658278,inhibit_synergy_model_inference_requires_assay_validation
1a08f86861d58957,Drought-Induced Branched-Chain Amino Acid Aminotransferase,Aminotransferase,germination,3-hydroxypropanoic acid;3-indolelactate,2,"3-hydroxypropanoic acid:[SKiD_substrates,0.277]|3-indolelactate:[SKiD_substrates,0.244]",herbicide_target_atlas_match,0.92,0.4913398222632776,inhibit_synergy_model_inference_requires_assay_validation
688ac31a5132dd47,peroxidase,Peroxidase,stress_response,3-hydroxypropanoic acid;gentisate,2,"gentisate:[SKiD_substrates,0.139]|3-hydroxypropanoic acid:[SKiD_substrates,0.343]",herbicide_target_atlas_match,0.92,0.4889079511978144,inhibit_synergy_model_inference_requires_assay_validation
73baad097e8b7e38,phosphoenolpyruvate carboxylase,PEPC,vegetative_expansion,"2-methylene-1,3-propanediol;3-hydroxypropanoic acid",2,"2-methylene-1,3-propanediol:[SKiD_substrates,0.116]|3-hydroxypropanoic acid:[SKiD_substrates,0.343]",herbicide_target_atlas_match,0.92,0.47300086031441135,inhibit_synergy_model_inference_requires_assay_validation
ce8a1514b76b2c3c,peroxidase,Peroxidase,stress_response,"(R)-1,2-Propanediol;2-Hydroxyoctanoate",2,"(R)-1,2-Propanediol:[SKiD_substrates,0.116]|2-Hydroxyoctanoate:[SKiD_substrates,0.345]",herbicide_target_atlas_match,0.92,0.4727809605538323,inhibit_synergy_model_inference_requires_assay_validation
da3d7b8b189451ba,peroxidase,Peroxidase,stress_response,"(R)-1,2-Propanediol;3-hydroxypropanoic acid",2,"(R)-1,2-Propanediol:[SKiD_substrates,0.116]|3-hydroxypropanoic acid:[SKiD_substrates,0.343]",herbicide_target_atlas_match,0.92,0.4723165802814131,inhibit_synergy_model_inference_requires_assay_validation
2a4b935cc862886a,Drought-Induced Branched-Chain Amino Acid Aminotransferase,Aminotransferase,germination,(2S)-3-carboxy-N-(fluoromethyl)-2-hydroxy-N N-dimethylpropan-1-aminium;L-canavanine,2,"(2S)-3-carboxy-N-(fluoromethyl)-2-hydroxy-N N-dimethylpropan-1-aminium:[SKiD_substrates,0.397]|L-canavanine:[SKiD_substrates,0.097]",herbicide_target_atlas_match;known_inhibitor_class_similarity,0.92,0.459343882203833,inhibit_synergy_model_inference_requires_assay_validation
20d76dea2a5b4908,Drought-Induced Branched-Chain Amino Acid Aminotransferase,Aminotransferase,germination,2-Hydroxyoctanoate;L-lysine,2,"L-lysine:[SKiD_substrates,0.188]|2-Hydroxyoctanoate:[SKiD_substrates,0.279]",herbicide_target_atlas_match,0.92,0.4510564170358306,inhibit_synergy_model_inference_requires_assay_validation
a6d96a8f0590a98d,Drought-Induced Branched-Chain Amino Acid Aminotransferase,Aminotransferase,germination,3-hydroxypropanoic acid;L-lysine,2,"L-lysine:[SKiD_substrates,0.188]|3-hydroxypropanoic acid:[SKiD_substrates,0.277]",herbicide_target_atlas_match,0.92,0.45059203676341136,inhibit_synergy_model_inference_requires_assay_validation
